Match,Team,Start Time,Last Update,Unibet,Coolbet,Livescore Bet,Virgin Bet,Leovegas,Casumo,Nordic Bet,Unibet (Nl),Unibet (It),Paddy Power,Pinnacle,Draftkings,Bovada,Fanduel,Fanatics,Betrivers,Sportsbet,1Xbet,Betsson,Tipico,Marathon Bet,Betway,Tab,Betmgm,Ladbrokes,Neds,Coral,Tabtouch,Grosvenor,William Hill,Bet Victor,Betus,Pointsbet (Au),Playup,Betonline.Ag,Lowvig.Ag,Caesars,Gtbets,Parions Sport (Fr),Mybookie.Ag,Betr,Boylesports,Bet Right,Unibet (Fr),Betanysports,Everygame,888Sport,Winamax (De),Winamax (Fr),Sky Bet,Betclic (Fr),Bet365 Au,Boombet,Dabble Au,Suprabets,League,Avg Edge Pct,Fair Odds Avg,Best Odds,Best Bookmaker,Result,Scrape Time
San Diego Padres @ Miami Marlins,Miami Marlins,2025-07-22 18:41:00,2025-07-22 19:06:25,1.23,1.25,1.23,1.23,1.21,1.23,1.21,1.23,1.23,1.25,1.25,1.26,1.27,1.24,1.24,1.2,,,1.21,1.2,,1.22,1.22,1.27,,,,1.23,1.22,1.8,,,1.24,,,,1.26,1.25,,1.22,,,,1.71,,,,1.22,1.23,,,,,,,MLB,34.71,1.336,1.8,William Hill,Not Found,2025-07-22 19:07:18
Chicago Sky @ Minnesota Lynx,Chicago Sky,2025-07-22 20:00:00,2025-07-22 19:07:04,10.5,8.0,,,8.5,,7.25,10.5,10.5,7.5,9.12,8.5,8.5,8.9,8.0,9.0,8.5,,7.25,,,7.5,7.5,8.5,7.25,7.25,,10.5,,,,7.2,,,8.54,8.54,8.0,8.55,6.3,8.72,8.0,7.0,8.0,,,,,,,,,,,,,WNBA,21.73,8.626,10.5,Unibet,Not Found,2025-07-22 19:07:18
Boston Red Sox @ Philadelphia Phillies,Boston Red Sox,2025-07-22 18:48:00,2025-07-22 19:06:25,4.0,4.3,3.8,3.8,3.7,4.0,3.59,4.0,4.0,3.7,4.1,3.53,2.65,3.65,3.75,3.75,,,3.59,3.6,,4.5,3.8,3.3,,,,3.8,3.8,2.6,,,,,,,3.8,3.73,,4.05,,,,2.49,,,,3.45,3.3,,,,,,,MLB,17.22,3.839,4.5,Betway,Not Found,2025-07-22 19:07:18
Baltimore Orioles @ Cleveland Guardians,Cleveland Guardians,2025-07-22 18:41:00,2025-07-22 19:06:25,1.33,1.37,1.33,1.33,1.3,1.33,1.34,1.33,1.33,1.36,1.34,1.36,1.54,1.34,1.36,1.32,,,1.34,1.32,,1.36,1.38,1.36,,,,1.32,1.3,1.67,,,1.31,,,,1.36,1.35,,1.35,,,,1.62,,,1.33,1.38,1.35,,,,,,,MLB,15.15,1.45,1.67,William Hill,Not Found,2025-07-22 19:07:18
Detroit Tigers @ Pittsburgh Pirates,Pittsburgh Pirates,2025-07-22 18:41:00,2025-07-22 19:06:25,1.72,1.65,1.71,1.71,1.67,1.72,1.78,1.72,1.72,1.8,1.87,1.72,1.83,1.68,1.8,1.68,,,1.72,1.65,,1.67,1.75,1.87,,,,1.78,1.77,2.1,,,1.77,,,,2.0,1.9,,1.85,,,,2.09,,,1.67,1.66,1.58,,,,,,,MLB,11.71,1.88,2.1,William Hill,Not Found,2025-07-22 19:07:18
Ferroviária @ Atletico Paranaense,Ferroviária,2025-07-22 19:00:00,2025-07-22 19:06:26,6.5,7.5,6.25,6.25,6.1,7.0,,6.5,7.0,6.0,7.57,7.5,6.25,6.2,,,7.0,6.49,,,7.1,6.0,,,,,,6.5,6.1,6.5,7.0,6.2,1.81,,6.1,6.1,,,,,,7.0,,,,,,,,,,,,,,Brazil Série B,10.79,6.833,7.57,Pinnacle,Not Found,2025-07-22 19:07:18
Atletico Goianiense @ Operario PR,Atletico Goianiense,2025-07-22 17:59:00,2025-07-22 19:06:26,4.1,4.0,4.0,4.0,3.9,4.1,4.2,4.1,4.1,4.2,4.07,4.3,4.1,4.2,,,,,4.2,4.7,,4.0,3.7,3.7,3.6,,3.6,4.0,4.0,,4.0,,1.81,,,,,,,,,,,,,,,,,,,,,,,Brazil Série B,8.46,4.334,4.7,Tipico,Not Found,2025-07-22 19:07:18
New York Yankees @ Toronto Blue Jays,Toronto Blue Jays,2025-07-22 19:08:00,2025-07-22 19:19:27,3.45,3.35,3.15,3.3,3.1,3.4,3.25,3.4,3.4,3.3,1.92,3.09,2.1,3.2,3.15,3.15,1.86,,3.25,3.2,1.86,3.25,3.3,3.3,1.85,1.87,1.85,3.15,3.15,1.8,,1.89,3.0,1.87,1.89,1.9,3.15,3.33,1.81,2.35,1.84,1.83,1.85,1.83,,1.91,3.25,3.3,3.25,,,,,1.85,,MLB,31.56,2.622,3.45,Unibet,Not Found,2025-07-22 19:20:22
Cincinnati Reds @ Washington Nationals,Washington Nationals,2025-07-22 18:46:00,2025-07-22 19:19:28,1.91,1.85,1.89,1.89,1.85,1.91,1.89,1.91,1.91,1.87,1.98,1.91,2.15,1.82,1.87,1.87,,,1.86,1.85,,1.87,1.9,1.85,,,,1.88,1.88,2.1,,,1.87,,,,1.83,1.9,,2.3,,,,2.12,,,1.83,1.86,1.8,,,,,,,MLB,13.04,2.035,2.3,MyBookie.ag,Not Found,2025-07-22 19:20:22
Los Angeles Angels @ New York Mets,Los Angeles Angels,2025-07-22 19:11:00,2025-07-22 19:19:28,2.75,2.55,2.45,2.65,2.4,2.5,2.48,2.5,2.5,2.8,2.43,2.66,2.35,2.58,2.6,2.48,2.37,,2.48,2.5,2.46,2.45,2.5,2.65,2.45,2.45,2.45,2.5,2.5,2.38,,2.45,2.6,2.4,2.45,2.45,2.6,2.6,2.3,2.2,2.4,2.38,2.4,2.34,2.43,2.45,,2.5,2.55,,,,,2.35,,MLB,6.91,2.619,2.8,Paddy Power,Not Found,2025-07-22 19:20:22
Indiana Fever @ New York Liberty,Indiana Fever,2025-07-22 20:00:00,2025-07-22 19:19:28,4.75,4.6,,,4.35,,4.7,4.75,4.75,4.5,4.92,4.9,4.75,4.9,4.9,4.6,4.9,,4.65,,,4.75,4.6,5.0,4.4,4.4,,4.75,,,,4.8,,,4.8,4.8,5.3,4.9,4.35,4.83,4.55,,4.6,,,,,,,,,,,,,WNBA,6.71,4.967,5.3,Caesars,Not Found,2025-07-22 19:20:22
San Francisco Giants @ Atlanta Braves,San Francisco Giants,2025-07-22 19:16:00,2025-07-22 19:19:28,2.2,2.2,2.14,2.14,2.1,2.2,2.17,2.2,2.2,2.2,2.06,2.21,2.0,2.22,2.15,2.12,1.99,,1.98,2.3,2.0,2.2,2.0,2.0,2.0,2.0,2.0,2.14,2.14,2.0,,2.02,2.15,1.98,2.06,2.06,2.2,2.35,1.93,2.01,1.99,,2.01,1.97,,2.05,2.15,2.2,2.1,,,,,1.98,,MLB,6.31,2.21,2.35,GTbets,Not Found,2025-07-22 19:20:22
Chicago White Sox @ Tampa Bay Rays,Chicago White Sox,2025-07-22 19:10:00,2025-07-22 19:33:37,4.5,11.0,4.25,4.25,4.2,4.5,9.43,4.5,4.5,11.0,5.77,10.1,4.25,4.4,10.0,8.5,,,9.43,9.5,,9.5,4.0,9.0,,,,8.5,8.5,,,,11.5,,,,11.0,9.97,,3.7,,,,2.85,,,8.5,12.0,11.0,,,,,,,MLB,79.87,6.672,12.0,Winamax (DE),Not Found,2025-07-22 19:37:21
Los Angeles Sparks @ Washington Mystics,Los Angeles Sparks,2025-07-22 19:30:00,2025-07-22 19:29:15,3.3,2.75,,,3.3,,2.22,3.5,3.3,2.2,2.24,2.8,2.25,3.55,2.75,3.15,2.26,,2.22,,,2.85,3.0,3.0,2.2,2.2,,3.35,,,,2.3,,,2.25,2.25,3.0,3.23,2.1,2.25,2.2,2.2,2.2,,2.3,,,,,,,,,,,WNBA,30.7,2.716,3.55,FanDuel,Not Found,2025-07-22 19:37:21
Independiente del Valle @ Vasco da Gama,Independiente del Valle,2025-07-22 20:30:00,2025-07-22 21:11:56,2.3,2.25,2.3,2.3,2.25,2.3,2.05,2.3,2.3,2.25,6.08,2.25,6.75,,,,,,,,,,,,,,,,,,,,,,,,,,,,,,,,,,,,,,,,,,,Copa Sudamericana,149.62,2.704,6.75,Bovada,Not Found,2025-07-22 21:12:18
Coritiba @ Athletic Club (MG),Coritiba,2025-07-22 20:30:00,2025-07-22 21:11:50,3.25,3.25,3.2,3.2,3.1,3.25,3.2,3.25,3.25,2.88,7.31,3.25,7.25,2.88,,,,,3.2,3.0,,3.1,,,2.9,,3.0,3.2,3.2,,3.1,,3.25,,,,,,,,,,,,,,,,,,,,,,,Brazil Série B,102.81,3.604,7.31,Pinnacle,Not Found,2025-07-22 21:12:18
Samoa @ Hong Kong,Samoa,2025-07-22 21:00:00,2025-07-22 21:00:01,,,,,,,6.3,,,9.0,,8.5,,8.0,,,15.0,,6.3,,,7.5,,,21.0,21.0,,,,,,,,,16.5,,,,,,,,,,,,,,,,,,,,,International Twenty20,101.98,10.397,21.0,Ladbrokes,Not Found,2025-07-22 21:12:18
Bahia @ América de Cali,América de Cali,2025-07-22 20:30:00,2025-07-22 21:11:56,1.43,1.53,1.44,1.44,1.42,1.43,1.5,1.43,1.43,1.44,1.52,1.53,3.2,,,,,,,,,,,,,,,,,,,,,,,,,,,,,,,,,,,,,,,,,,,Copa Sudamericana,93.09,1.657,3.2,Bovada,Not Found,2025-07-22 21:12:18
St. Louis Cardinals @ Colorado Rockies,Colorado Rockies,2025-07-22 20:41:00,2025-07-22 21:10:52,1.29,1.4,1.29,1.29,1.26,1.29,1.38,1.29,1.29,1.4,1.68,1.4,1.74,1.43,1.43,1.28,,,1.38,1.32,,1.4,1.4,1.43,,,,1.29,1.28,2.3,,,1.4,,,,1.36,1.36,,1.4,,,,,,,1.36,1.39,1.36,,,,,,,MLB,55.66,1.478,2.3,William Hill,Not Found,2025-07-22 21:12:18
Oakland Athletics @ Texas Rangers,Texas Rangers,2025-07-22 20:06:00,2025-07-22 21:08:27,1.44,1.5,1.44,1.44,1.41,1.44,1.43,1.44,1.44,1.57,2.07,1.48,1.61,1.58,,1.43,,,1.43,1.4,,1.5,1.45,1.48,,,,1.43,1.43,,,,1.53,,,,1.48,1.42,,1.65,,,,,,,,1.5,1.46,,,,,,,MLB,30.59,1.585,2.07,Pinnacle,Not Found,2025-07-22 21:12:18
Malaysia @ Singapore,Singapore,2025-07-23 02:00:00,2025-07-22 21:11:54,,,,,,,3.4,,,4.5,,5.0,,5.1,,,4.9,,3.4,,,4.5,,,4.6,4.6,,,,,,,,,5.2,,,5.0,,,,4.5,,,,,,,,,,,,,,International Twenty20,7.61,4.832,5.2,BetOnline.ag,Not Found,2025-07-22 21:12:18
Clube de Regatas Brasil @ Vila Nova,Clube de Regatas Brasil,2025-07-22 20:35:00,2025-07-22 21:11:50,10.0,8.5,9.0,9.0,9.0,10.0,8.6,10.0,10.0,8.0,7.94,8.5,7.75,7.4,,,,,8.6,7.5,,8.0,8.5,8.25,7.5,,7.5,9.0,9.0,,8.0,,9.0,,,,,,,,,,,,,,,,,,,,,,,Brazil Série B,6.59,9.382,10.0,Unibet (IT),Not Found,2025-07-22 21:12:18
Milwaukee Brewers @ Seattle Mariners,Milwaukee Brewers,2025-07-22 21:41:00,2025-07-23 00:05:45,4.75,4.3,4.5,4.5,4.35,4.75,6.16,4.75,4.75,4.2,7.99,4.14,3.6,5.6,3.75,4.4,,,6.16,4.5,,4.0,6.0,4.4,,,,4.5,4.4,,,,5.25,,,,6.0,4.78,,,,,,,,,5.1,5.2,5.3,,,,,,,MLB,57.26,5.081,7.99,Pinnacle,Not Found,2025-07-23 00:07:33
Houston Astros @ Arizona Diamondbacks,Arizona Diamondbacks,2025-07-22 21:41:00,2025-07-23 00:04:49,7.5,5.8,6.75,6.75,6.5,7.5,5.89,7.5,6.75,5.5,3.54,5.81,,5.7,6.2,6.75,,,5.89,8.0,,6.0,6.0,7.0,,,,6.75,6.75,,,,5.0,,,,5.2,7.99,,5.5,,,,,,,5.75,5.9,5.7,,,,,,,MLB,23.15,6.496,8.0,Tipico,Not Found,2025-07-23 00:07:33
Minnesota Twins @ Los Angeles Dodgers,Los Angeles Dodgers,2025-07-22 22:11:00,2025-07-23 00:05:45,4.7,5.0,4.4,4.4,4.3,4.7,3.63,4.7,4.7,3.7,2.7,3.71,2.8,4.7,,4.35,,,3.81,4.0,,4.0,4.0,3.5,,,,4.4,4.4,,,,4.1,,,,3.8,4.11,,4.75,,,,,,,3.75,4.4,3.9,,,,,,,MLB,16.35,4.297,5.0,Coolbet,Not Found,2025-07-23 00:07:33
Kenya @ UAE,Kenya,2025-07-23 02:30:00,2025-07-23 00:07:01,,,,,,,,,,6.5,,5.5,,7.0,,,6.5,,,,6.45,5.75,6.0,,,,,,,,,,,,6.68,,,5.5,,,,6.5,,,,,,,,,,,,,,International Twenty20,6.59,6.567,7.0,FanDuel,Not Found,2025-07-23 00:07:33
Hanwha Eagles @ Doosan Bears,Doosan Bears,2025-07-23 05:30:29,2025-07-23 05:45:39,1.23,1.22,,,,,1.24,,,,,1.29,1.91,1.27,1.27,1.22,,,,1.25,,1.29,,1.22,,,,,,2.0,,,,,,,1.38,,,1.85,,,,,,,,,,,,,,,,KBO,37.33,1.456,2.0,William Hill,Not Found,2025-07-23 05:46:11
KT Wiz @ NC Dinos,KT Wiz,2025-07-23 05:30:00,2025-07-23 05:44:27,1.53,1.75,,,,,1.77,,,,,1.71,2.1,2.24,1.49,1.49,,,,1.5,,1.5,,1.48,,,,,,2.38,,,,,,,1.8,,,2.15,,,,,,,,,,,,,,,,KBO,28.05,1.859,2.38,William Hill,Not Found,2025-07-23 05:46:11
SSG Landers @ Samsung Lions,SSG Landers,2025-07-23 05:30:00,2025-07-23 05:45:39,2.4,2.25,,,,,,,,,,2.54,2.5,2.62,2.25,2.35,,,,2.2,,2.35,,2.3,,,,,,2.75,,,,,,,2.5,,,2.55,,2.6,,,,,,,,,,,,,,KBO,5.54,2.606,2.75,William Hill,Not Found,2025-07-23 05:46:11
LG Twins @ Kia Tigers,LG Twins,2025-07-23 05:31:13,2025-07-23 06:19:29,1.4,1.44,,,,,1.42,,,,1.78,1.45,1.56,1.43,1.44,1.38,,,,1.45,,1.5,,1.45,,,,,,,,,,,,,1.45,,,1.55,,,,,,,,,,,,,,,,KBO,12.95,1.576,1.78,Pinnacle,Not Found,2025-07-23 06:19:35
Gangwon FC @ Jeonbuk Hyundai Motors,Gangwon FC,2025-07-23 06:30:00,2025-07-23 06:19:24,4.6,4.4,4.6,4.6,4.5,4.6,4.25,4.6,4.6,4.33,5.07,4.3,4.4,4.5,,4.7,4.33,4.03,4.25,4.4,4.35,4.0,4.25,4.1,3.8,3.8,3.8,4.6,4.6,4.33,,,4.0,4.1,3.8,3.8,,,4.05,,4.1,,,4.15,,,,4.3,4.1,,4.1,,,,,K League 1,8.41,4.677,5.07,Pinnacle,Not Found,2025-07-23 06:19:35
Daejeon Citizen @ Ulsan Hyundai FC,Daejeon Citizen,2025-07-23 06:30:00,2025-07-23 06:29:56,3.8,4.0,3.7,3.7,3.65,3.8,3.9,3.8,3.8,3.5,4.38,4.0,3.85,3.6,,,3.75,3.97,3.9,4.0,,3.5,3.9,3.5,3.4,3.5,3.5,3.7,3.7,3.8,,,4.1,3.7,3.55,3.55,,,3.65,,,3.5,,3.72,,,,3.5,3.4,,3.9,,,,,K League 1,6.69,4.105,4.38,Pinnacle,Not Found,2025-07-23 06:44:52
Shonan Bellmare @ Urawa Red Diamonds,Shonan Bellmare,2025-07-23 06:33:00,2025-07-23 06:44:31,5.0,5.0,4.8,4.8,4.7,5.0,4.85,5.0,5.0,5.0,5.22,5.0,4.7,5.1,,,4.75,5.69,4.85,5.2,,4.75,5.0,4.6,4.5,4.8,4.6,4.8,4.75,5.0,,,,5.0,5.2,5.2,,,4.45,,4.9,4.75,,4.45,5.2,,5.0,4.6,4.3,,4.9,,,,,J League,6.27,5.354,5.69,1xBet,Not Found,2025-07-23 06:44:52
Lotte Giants @ Kiwoom Heroes,Kiwoom Heroes,2025-07-23 05:30:00,2025-07-23 06:56:25,2.12,1.88,,,,,1.96,,,,2.01,1.95,3.15,1.96,1.83,2.8,,,,2.55,,1.91,,2.75,,,,,,,,,,,,,1.95,,,2.05,,,,,,,,,,,,,,,,KBO,37.18,2.296,3.15,Bovada,Not Found,2025-07-23 06:56:46
FC Seoul @ Jeju United FC,Jeju United FC,2025-07-23 06:30:00,2025-07-23 07:15:50,1.61,1.57,1.6,1.6,1.56,1.61,1.55,1.61,1.61,1.5,3.62,1.57,1.59,1.54,,,,,1.47,1.5,,1.57,1.62,1.5,1.5,,1.5,1.6,1.6,,,,1.59,,,,,,,,,,,,,,,1.56,1.54,,1.48,,,,,K League 1,106.64,1.752,3.62,Pinnacle,Not Found,2025-07-23 07:16:18
San Diego Padres @ Miami Marlins,Miami Marlins,2025-07-23 12:11:00,2025-07-23 12:25:39,1.95,1.95,1.94,1.94,1.89,1.95,1.82,1.95,2.02,1.83,2.13,1.99,1.95,1.82,1.8,1.92,,,1.89,1.95,,1.91,1.92,1.91,,,,1.93,1.93,,,,1.95,,,,1.8,1.98,,1.85,,,,2.17,,,1.95,1.94,1.84,,,,,,,MLB,5.58,2.055,2.17,Unibet (FR),Not Found,2025-07-23 12:26:25
Cincinnati Reds @ Washington Nationals,Washington Nationals,2025-07-23 12:06:00,2025-07-23 12:50:56,2.15,2.15,2.12,2.12,2.07,2.15,2.12,2.15,2.15,2.15,1.98,2.27,2.05,2.0,2.4,2.1,,,2.12,2.1,,2.15,2.25,2.3,,,,2.12,2.1,,,,2.3,,,,2.25,2.16,,2.15,,,,,,,2.05,3.25,2.85,,,,,,,MLB,39.44,2.331,3.25,Winamax (DE),Not Found,2025-07-23 12:51:31
Detroit Tigers @ Pittsburgh Pirates,Pittsburgh Pirates,2025-07-23 12:36:00,2025-07-23 12:50:56,1.71,1.75,1.71,1.71,1.68,1.71,1.65,1.71,1.71,1.62,1.95,1.71,1.69,1.67,1.65,1.7,,,1.65,1.65,,1.71,1.7,1.69,2.15,2.15,,1.71,1.71,,,,1.69,2.12,2.16,2.16,1.69,1.68,,1.65,,,,2.13,,,1.61,1.72,1.66,,,,,2.1,,MLB,15.04,1.878,2.16,LowVig.ag,Not Found,2025-07-23 12:51:31
San Francisco Giants @ Atlanta Braves,Atlanta Braves,2025-07-23 12:16:00,2025-07-23 13:11:33,1.53,1.55,1.49,1.49,1.45,1.53,1.51,1.53,1.53,1.53,1.62,1.52,1.74,1.6,1.54,1.47,,,1.51,1.45,,1.53,1.55,1.54,,,,1.49,1.48,,,,1.56,,,,1.62,1.5,,1.6,,,,,,,1.53,1.54,1.5,,,,,,,MLB,6.42,1.635,1.74,Bovada,Not Found,2025-07-23 13:11:41
Los Angeles Angels @ New York Mets,New York Mets,2025-07-23 13:09:00,2025-07-23 13:36:10,1.27,1.3,1.27,1.27,1.24,1.27,1.21,1.27,1.29,1.25,1.59,1.28,1.44,1.29,1.27,1.26,,,1.21,1.2,,1.25,1.25,1.27,,,,1.27,1.26,,,,1.29,,,,1.43,1.23,,1.3,,,,1.53,,,1.2,1.27,1.26,,,,,,,MLB,16.15,1.369,1.59,Pinnacle,Not Found,2025-07-23 13:36:14
Salzburg @ SK Brann,Salzburg,2025-07-23 13:01:00,2025-07-23 13:51:04,5.6,6.5,5.4,5.4,,5.6,5.8,5.6,,5.5,,6.0,6.0,5.6,,,,,5.8,5.0,,5.5,6.5,6.0,,,,5.4,5.4,,,,,,,,,,,,,,,,,,5.0,5.5,5.2,,,,,,,UEFA Champions League Qualification,6.5,6.103,6.5,Coolbet,Not Found,2025-07-23 13:51:23
Kansas City Royals @ Chicago Cubs,Kansas City Royals,2025-07-23 14:21:00,2025-07-23 14:28:19,1.77,1.95,1.76,1.76,1.72,1.77,1.72,1.77,1.93,1.73,2.47,1.7,1.74,1.77,1.77,1.74,2.44,,1.72,1.75,2.41,1.95,1.75,1.8,2.5,2.5,2.5,1.76,1.75,,,2.48,1.8,2.4,2.49,2.49,1.77,1.79,2.4,2.53,2.45,,2.48,2.44,,2.5,1.7,1.78,1.76,,,,,2.35,,MLB,20.47,2.1,2.53,MyBookie.ag,Not Found,2025-07-23 14:29:57
Qarabağ FK @ Shelbourne Dublin,Shelbourne Dublin,2025-07-23 14:45:00,2025-07-23 14:44:44,4.9,5.5,4.75,4.75,,4.9,4.85,4.9,4.9,5.0,,4.9,5.3,5.1,,,5.5,5.76,4.85,5.5,5.85,4.75,5.0,5.25,,5.75,,4.75,4.75,,,5.5,,6.25,5.4,5.4,,,,,6.25,,6.0,,,,4.8,4.8,4.6,,,,,,,UEFA Champions League Qualification,11.37,5.612,6.25,PlayUp,Not Found,2025-07-23 14:54:49
Las Vegas Aviators @ Sacramento River Cats,Sacramento River Cats,2025-07-23 15:05:00,2025-07-23 15:03:26,,,,,,,,,,,1.76,,1.67,1.76,,1.71,,,,,,1.69,,,,,,,,1.7,,,,,2.0,,1.83,,,,,,,,,,,,,,,,,,,MiLB,5.89,1.889,2.0,BetOnline.ag,Not Found,2025-07-23 15:11:50
St. Louis Cardinals @ Colorado Rockies,St. Louis Cardinals,2025-07-23 15:11:00,2025-07-23 15:28:40,1.45,1.65,1.44,1.52,1.41,1.45,1.4,1.45,1.45,1.44,1.58,1.4,1.48,1.52,1.4,1.43,,,1.46,1.4,,1.57,1.45,1.48,,,,1.43,1.43,,,,1.42,,,,1.53,1.44,,1.55,,,,1.51,,,1.4,1.68,1.43,,,,,,,MLB,6.87,1.572,1.68,Winamax (DE),Not Found,2025-07-23 15:28:54
Milwaukee Brewers @ Seattle Mariners,Seattle Mariners,2025-07-23 15:41:00,2025-07-23 15:57:08,3.9,2.0,2.45,1.81,3.6,3.9,1.98,3.9,2.55,4.0,4.01,4.06,1.77,2.02,3.9,3.65,,,1.93,3.6,,4.0,1.87,4.5,,,,3.7,3.7,,,,4.1,,,,2.8,3.73,,1.9,,,,1.8,,,3.75,4.1,3.9,,,,,,,MLB,47.2,3.057,4.5,BetMGM,Not Found,2025-07-23 15:58:39
Houston Astros @ Arizona Diamondbacks,Arizona Diamondbacks,2025-07-23 15:41:00,2025-07-23 15:57:08,1.47,1.45,1.47,1.47,1.43,1.47,1.46,1.47,1.42,1.44,1.53,1.48,1.69,1.38,1.43,1.44,,,1.43,1.37,,1.48,1.45,1.45,,,,1.47,1.45,,,,1.4,,,,1.43,1.42,,1.4,,,,1.74,,,1.4,1.47,1.43,,,,,,,MLB,12.18,1.551,1.74,Unibet (FR),Not Found,2025-07-23 15:58:39
Minnesota Twins @ Los Angeles Dodgers,Minnesota Twins,2025-07-23 16:11:00,2025-07-23 16:23:33,3.95,4.05,3.8,3.85,3.7,3.95,3.8,3.95,4.0,3.7,2.96,3.68,3.0,3.65,3.6,3.75,2.78,,3.8,3.6,2.76,4.0,3.8,3.9,2.85,2.85,2.87,3.8,3.8,,,2.8,3.8,2.85,2.84,2.84,3.9,3.82,2.7,3.1,2.8,,2.8,2.75,2.79,,3.75,3.95,3.75,,,,,2.8,,MLB,14.21,3.546,4.05,Coolbet,Not Found,2025-07-23 16:23:48
Mirassol @ Ceará,Mirassol,2025-07-23 18:01:00,2025-07-23 18:22:22,1.22,1.8,1.83,1.83,1.2,1.22,1.78,1.22,1.22,1.83,4.24,1.77,4.1,1.85,,,,,1.78,1.2,,1.85,3.8,,,,,1.22,1.22,,1.8,,1.22,,,,,,,,,,,3.45,,,,1.19,1.21,,1.77,,,,,Brazil Série A,142.71,1.747,4.24,Pinnacle,Not Found,2025-07-23 18:24:04
Volta Redonda @ Chapecoense,Volta Redonda,2025-07-23 18:00:00,2025-07-23 18:23:40,3.65,3.4,3.6,3.55,3.5,3.65,3.3,3.65,3.6,3.5,7.47,3.5,7.75,3.6,,,,,3.3,3.6,,3.4,3.3,3.4,3.25,,3.3,3.55,3.55,,3.3,,3.5,,,,,,,,,,,,,,,,,,,,,,,Brazil Série B,95.03,3.974,7.75,Bovada,Not Found,2025-07-23 18:24:04
Goiás @ Grêmio Novorizontino,Grêmio Novorizontino,2025-07-23 17:59:00,2025-07-23 18:23:40,1.35,1.36,1.35,1.35,1.34,1.35,1.38,1.35,1.35,1.36,2.43,1.4,,1.32,,,,,1.38,1.4,,1.38,2.4,1.34,1.22,,1.33,1.35,1.35,,1.36,,1.4,,,,,,,,,,,,,,,,,,,,,,,Brazil Série B,57.07,1.547,2.43,Pinnacle,Not Found,2025-07-23 18:24:04
Palmeiras @ Fluminense,Fluminense,2025-07-23 18:00:00,2025-07-23 18:42:15,1.48,1.5,1.48,1.48,1.45,1.48,1.47,1.48,1.45,1.44,2.79,1.5,1.46,1.43,,,,,1.47,1.4,,1.48,1.48,1.43,1.44,,1.44,1.45,1.48,,1.5,,1.5,,,,,,,,,,,,,,,1.46,1.45,,1.46,,,,,Brazil Série A,72.38,1.618,2.79,Pinnacle,Not Found,2025-07-23 18:42:33
Club Bolívar @ Palestino,Palestino,2025-07-23 18:00:00,2025-07-23 18:40:59,14.0,13.0,12.5,12.5,12.0,14.0,12.5,14.0,14.0,10.0,7.13,13.0,7.0,,,,,,,,,,,,,,,,,,,,,,,,,,,,,,,,,,,,,,,,,,,Copa Sudamericana,13.77,12.306,14.0,Unibet,Not Found,2025-07-23 18:42:33
Baltimore Orioles @ Cleveland Guardians,Baltimore Orioles,2025-07-23 18:41:00,2025-07-23 18:50:23,1.95,1.95,1.94,1.94,1.88,1.95,1.86,1.95,1.92,1.91,2.3,1.87,2.11,2.06,1.87,1.92,2.07,,1.89,1.85,2.1,1.95,1.95,1.87,2.1,2.1,2.1,1.93,1.93,,,,1.87,2.1,2.19,2.16,1.91,2.07,,2.1,2.1,,2.12,2.06,2.14,,1.8,1.94,1.86,,,,,,,MLB,9.24,2.105,2.3,Pinnacle,Not Found,2025-07-23 18:54:29
Norfolk Tides @ Lehigh Valley IronPigs,Lehigh Valley IronPigs,2025-07-23 19:05:00,2025-07-23 19:09:01,,,,,,,,,,,1.76,,1.77,1.69,,1.71,,1.68,,,,2.05,,,,,,,,1.7,,,,,1.77,,1.77,,,,,,,,,,,,,,,,,,,MiLB,8.49,1.89,2.05,Betway,Not Found,2025-07-23 19:11:19
New York Yankees @ Toronto Blue Jays,Toronto Blue Jays,2025-07-23 19:08:00,2025-07-23 19:11:16,1.97,1.95,2.02,2.02,1.91,1.97,1.98,1.97,2.05,2.05,2.24,2.01,2.2,2.08,1.87,1.93,2.18,,2.16,1.95,2.16,2.05,2.05,2.0,2.15,2.15,2.15,1.95,1.94,,,2.26,2.1,2.15,2.27,2.27,2.35,1.98,2.1,2.15,2.15,,1.98,2.12,2.2,2.25,1.95,2.0,1.92,,,,,2.15,,MLB,7.34,2.189,2.35,Caesars,Not Found,2025-07-23 19:11:19
Gwinnett Stripers @ Memphis Redbirds,Gwinnett Stripers,2025-07-23 20:05:00,2025-07-23 19:10:48,,,,,,,,,,,1.85,,1.87,1.93,,1.83,,1.84,,,,1.91,,,,,,,,2.2,,,,,2.0,,1.91,,,,,,,,,,,,,,,,,,,MiLB,6.62,2.063,2.2,William Hill,Not Found,2025-07-23 19:11:19
Boston Red Sox @ Philadelphia Phillies,Philadelphia Phillies,2025-07-23 19:06:00,2025-07-23 19:31:23,1.11,1.12,1.11,1.11,1.1,1.11,1.08,1.11,1.12,1.11,1.14,1.12,1.14,1.13,1.11,1.11,,,1.09,1.07,,1.12,1.12,1.12,,,,1.11,1.11,1.62,,,1.13,,,,1.15,1.1,,1.12,,,,1.64,,,1.1,1.12,1.13,,,,,,,MLB,35.51,1.21,1.64,Unibet (FR),Not Found,2025-07-23 19:31:37
Charlotte Knights @ Nashville Sounds,Nashville Sounds,2025-07-23 19:35:00,2025-07-23 19:36:08,,,,,,,,,,,1.75,,1.53,1.6,,1.67,,1.6,,,,2.15,,,,,,,,1.62,,,,,1.71,,1.67,,,,,,,,,,,,,,,,,,,MiLB,19.03,1.806,2.15,Betway,Not Found,2025-07-23 19:45:02
Chicago White Sox @ Tampa Bay Rays,Chicago White Sox,2025-07-23 19:36:00,2025-07-23 19:44:30,3.6,3.55,3.35,3.45,3.4,3.6,3.8,3.6,3.6,3.3,2.96,3.41,2.9,3.35,3.45,3.45,2.78,,3.25,3.6,2.83,3.0,3.8,3.25,2.85,2.85,2.87,3.45,3.45,2.75,,2.82,3.4,2.85,2.91,2.91,3.6,3.62,,3.1,2.8,2.75,2.85,2.75,2.85,2.8,3.25,3.5,3.35,,,,,2.8,,MLB,13.66,3.343,3.8,Nordic Bet,Not Found,2025-07-23 19:45:02
C.D. San Antonio Bulo Bulo @ Once Caldas,C.D. San Antonio Bulo Bulo,2025-07-23 20:30:00,2025-07-23 19:44:38,15.0,15.0,14.0,14.0,15.0,15.0,11.5,15.0,15.0,11.0,11.28,12.0,13.0,,,,10.5,11.0,,,,,,,,,,,,11.0,,,,,,,,,,,,,,10.8,,,,,,,,,,,,Copa Sudamericana,8.64,13.807,15.0,Unibet,Not Found,2025-07-23 19:45:02
Cruzeiro @ Corinthians,Draw,2025-07-23 18:31:00,2025-07-23 19:52:47,1.85,1.85,1.84,1.84,1.8,1.85,1.8,1.85,1.85,1.8,2.1,1.8,2.06,1.82,,,,,1.8,1.8,,1.8,1.8,1.83,1.83,,1.83,1.83,1.83,,1.83,,1.8,,,,,,,,,,,,,,,1.76,1.72,,1.8,,,,,Brazil Série A,5.7,1.987,2.1,Pinnacle,Not Found,2025-07-23 19:53:06
Sport Recife @ Vitoria,Vitoria,2025-07-23 20:30:00,2025-07-23 22:04:40,1.16,1.18,1.16,1.16,1.14,1.16,1.16,1.16,1.16,1.17,3.05,1.2,1.23,1.18,,,,,1.16,1.13,,1.17,1.18,1.17,1.18,,1.17,1.16,1.15,,1.17,,1.17,,,,,,,,,,,,,,,1.16,1.18,,1.15,,,,,Brazil Série A,135.99,1.292,3.05,Pinnacle,Not Found,2025-07-23 22:05:39
Flamengo @ Bragantino-SP,Flamengo,2025-07-23 20:32:00,2025-07-23 22:04:54,3.1,3.14,3.05,3.05,2.95,3.1,3.05,3.1,3.1,3.0,5.84,3.0,7.75,3.1,,,,,3.05,2.8,,3.2,3.25,,2.9,,3.0,3.05,3.0,,3.12,,3.0,,,,,,,,,,,,,,,3.0,2.9,,2.87,,,,,Brazil Série A,125.27,3.44,7.75,Bovada,Not Found,2025-07-23 22:05:39
Internacional @ Santos,Santos,2025-07-23 20:32:00,2025-07-23 22:03:21,13.0,11.0,11.0,11.0,12.5,13.0,11.5,13.0,13.0,13.0,6.54,11.0,8.75,10.2,,,,,10.5,14.0,,26.0,9.0,,11.0,,12.0,12.5,12.5,,10.5,,26.0,,,,,,,,,,,,,,,27.0,27.0,,10.25,,,,,Brazil Série A,107.33,13.023,27.0,Winamax (FR),Not Found,2025-07-23 22:05:39
Oakland Athletics @ Texas Rangers,Texas Rangers,2025-07-23 20:08:00,2025-07-23 22:04:57,1.07,1.06,1.07,1.07,1.05,1.07,1.04,1.07,1.07,1.07,1.14,1.06,1.65,1.06,,1.06,,,1.04,1.04,,1.06,1.07,1.07,,,,1.07,1.07,,,,1.08,,,,1.06,1.07,,1.12,,,,,,,1.06,1.06,1.07,,,,,,,MLB,43.44,1.15,1.65,Bovada,Not Found,2025-07-23 22:05:39
América Mineiro @ Cuiabá,América Mineiro,2025-07-23 20:29:00,2025-07-23 22:05:29,21.0,20.0,21.0,21.0,21.0,21.0,,21.0,21.0,21.0,15.31,23.0,15.0,16.0,,,,,,30.0,,21.0,21.0,21.0,17.0,,17.0,21.0,21.0,,21.0,,21.0,,,,,,,,,,,,,,,,,,,,,,,Brazil Série B,37.8,21.77,30.0,Tipico,Not Found,2025-07-23 22:05:39
Paysandu @ Amazonas FC,Paysandu,2025-07-23 20:29:00,2025-07-23 22:05:28,10.5,11.0,10.0,10.0,9.5,10.5,10.5,10.5,10.5,12.0,8.4,11.0,8.25,10.2,,,,,10.5,14.0,,10.0,8.5,11.0,9.5,,9.5,10.0,9.5,,10.5,,11.0,,,,,,,,,,,,,,,,,,,,,,,Brazil Série B,25.47,11.158,14.0,Tipico,Not Found,2025-07-23 22:05:39
Hong Kong @ Singapore,Singapore,2025-07-24 02:00:00,2025-07-23 22:05:31,,,,,,,5.3,,,5.5,7.63,7.5,,6.1,,,5.75,,5.3,,,5.0,,,5.5,5.5,,,,,,,,,7.4,,,7.5,,,,6.5,,,,,,,,,,,,,,International Twenty20,18.49,6.439,7.63,Pinnacle,Not Found,2025-07-23 22:05:39
Melbourne Storm @ Sydney Roosters,Draw,2025-07-24 05:50:00,2025-07-23 22:04:32,,,,,,,25.0,,,,,,23.0,,,,,,25.0,25.0,28.0,,,,21.0,,21.0,,,,,,,,,,,,,,,,,,,,,20.0,21.0,,,,,,,NRL,12.01,24.999,28.0,Marathon Bet,Not Found,2025-07-23 22:05:39
Carlton Blues @ Hawthorn Hawks,Carlton Blues,2025-07-24 05:30:28,2025-07-24 03:15:45,4.25,4.5,,,,4.4,4.04,4.4,,4.0,4.95,4.2,4.5,,,,4.45,,4.04,4.5,4.7,,4.5,,4.25,4.25,4.33,4.4,4.4,,,4.75,4.5,4.6,,,,,,,4.4,,4.5,,,4.5,,,,,,,4.4,4.5,,AFL,5.99,4.67,4.95,Pinnacle,Not Found,2025-07-24 03:16:38
KT Wiz @ NC Dinos,NC Dinos,2025-07-24 05:30:00,2025-07-24 05:29:36,5.6,3.55,,,,,6.5,,,,2.22,5.7,2.2,3.9,5.25,5.1,,2.18,2.2,6.0,,5.5,,3.5,,,2.15,,,2.1,,,,,2.3,2.3,5.0,,1.97,2.2,,,,,,2.1,,,,,,,,,,KBO,102.57,3.209,6.5,Nordic Bet,Not Found,2025-07-24 05:41:37
Hanwha Eagles @ Doosan Bears,Doosan Bears,2025-07-24 05:30:00,2025-07-24 05:29:36,2.2,2.11,,,,,2.14,,,,2.5,2.3,2.5,2.26,2.2,2.2,,2.51,2.7,2.1,,2.2,,2.15,,,2.5,,,2.5,,,,,2.62,2.62,2.2,,2.25,2.35,,2.5,,,,,,,,,,,,,,KBO,8.14,2.497,2.7,Betsson,Not Found,2025-07-24 05:41:37
Lotte Giants @ Kiwoom Heroes,Kiwoom Heroes,2025-07-24 05:30:00,2025-07-24 05:29:36,3.6,3.35,,,,,3.55,,,,3.0,3.3,2.9,3.5,3.2,3.4,,3.01,3.3,3.6,,3.2,,3.3,,,3.1,,,3.25,,,,,3.26,3.26,3.6,,2.65,3.75,,3.0,,,,,,,,,,,,,,KBO,7.61,3.485,3.75,MyBookie.ag,Not Found,2025-07-24 05:41:37
LG Twins @ Kia Tigers,LG Twins,2025-07-24 05:30:00,2025-07-24 05:29:36,2.48,2.5,,,,,2.51,,,,2.16,2.6,2.2,2.64,2.5,2.4,,2.23,2.15,2.4,,2.4,,2.54,,,2.05,,,2.05,,,,,2.2,2.2,2.35,,1.93,2.05,,,,,,,,,,,,,,,,KBO,7.57,2.454,2.64,FanDuel,Not Found,2025-07-24 05:41:37
India @ England,England,2025-07-24 06:00:00,2025-07-24 06:10:51,1.86,,1.82,1.82,,,,,,1.83,,,,,,,,,,,,2.3,1.75,,2.25,2.25,,1.78,,,,,2.6,,,,,,,,2.5,,,,,,,,,,,,,,,Test Matches,17.81,2.207,2.6,PointsBet (AU),Not Found,2025-07-24 06:11:39
SSG Landers @ Samsung Lions,SSG Landers,2025-07-24 05:30:24,2025-07-24 06:11:32,2.14,2.15,,,,,2.19,,,,2.2,2.1,2.05,2.58,2.05,2.08,,,,2.3,,2.1,,2.18,,,,,,2.05,,,,,,,2.2,,,2.4,,,,,,,,,,,,,,,,KBO,10.52,2.334,2.58,FanDuel,Not Found,2025-07-24 06:11:39
New Zealand @ Zimbabwe,Zimbabwe,2025-07-24 07:00:00,2025-07-24 06:54:08,5.0,,5.0,5.0,4.7,5.0,4.2,,,4.5,5.69,4.3,,4.6,,,4.7,,4.6,,4.95,4.0,5.0,,4.2,4.2,,5.0,5.0,4.5,,,4.4,,5.46,,,4.3,,,4.4,,4.5,,,,,,,,,,,,,International Twenty20,15.09,4.944,5.69,Pinnacle,Not Found,2025-07-24 06:54:54
Sao Paulo @ Juventude,Juventude,2025-07-24 18:00:00,2025-07-24 07:10:52,3.9,4.5,3.75,3.75,3.85,3.9,4.35,3.9,3.9,4.4,4.87,4.5,,4.4,,4.0,4.2,,4.35,4.6,4.5,4.2,4.25,4.4,4.33,4.25,4.4,3.75,3.8,4.5,4.5,4.4,4.25,4.1,4.6,4.6,,4.43,4.1,,4.4,4.5,4.4,4.1,4.6,4.33,,4.3,4.1,4.2,4.2,,,,,Brazil Série A,6.71,4.564,4.87,Pinnacle,Not Found,2025-07-24 07:11:17
Pakistan @ Bangladesh,Bangladesh,2025-07-24 08:00:00,2025-07-24 07:42:48,2.1,,2.1,2.1,2.02,2.1,2.0,,,2.1,,2.35,,2.08,,,2.1,,2.0,,2.07,2.1,2.0,,2.05,2.05,,2.1,2.1,2.0,2.0,,2.1,2.08,2.2,,,2.35,,,2.05,,2.08,,,,,,,,,,,,,International Twenty20,6.09,2.215,2.35,DraftKings,Not Found,2025-07-24 07:42:54
Baltimore Orioles @ Cleveland Guardians,Baltimore Orioles,2025-07-24 13:11:00,2025-07-24 13:28:02,1.32,1.55,1.32,1.32,1.29,1.32,1.26,1.32,1.32,1.44,1.36,1.49,1.48,1.47,1.36,1.4,,,1.26,1.45,,1.53,1.42,1.33,,,,1.32,1.4,2.0,,,1.36,,,,1.38,1.35,,1.35,,,,1.97,,,1.33,1.5,1.38,,,,,,,MLB,34.1,1.491,2.0,William Hill,Not Found,2025-07-24 13:28:27
Universidad de Chile @ Club Guaraní,Club Guaraní,2025-07-24 18:00:00,2025-07-24 17:25:20,3.05,3.6,2.95,3.0,3.05,3.05,3.25,3.05,3.05,3.3,3.32,3.25,3.3,,,,3.2,3.37,,,,,,,,,,,,3.2,,,,,,,,,,,,,,2.9,,,,,,,,,,,,Copa Sudamericana,5.68,3.407,3.6,Coolbet,Not Found,2025-07-24 17:25:59
Criciuma @ Botafogo,Criciuma,2025-07-24 18:00:00,2025-07-24 18:09:50,1.64,1.62,1.64,1.64,1.62,1.64,1.62,1.64,1.64,1.57,2.96,1.67,2.85,1.6,,,2.8,2.79,1.62,1.65,2.88,1.65,1.68,1.57,1.57,2.7,1.57,1.64,1.64,2.8,1.6,2.85,1.65,2.85,2.67,2.67,,,,,,,,,,,,,,,,,,,,Brazil Série B,43.67,2.06,2.96,Pinnacle,Not Found,2025-07-24 18:10:38
Toronto Blue Jays @ Detroit Tigers,Toronto Blue Jays,2025-07-24 18:40:00,2025-07-24 18:40:04,3.05,2.8,2.95,2.95,2.9,3.05,2.78,3.05,3.05,3.0,2.24,2.91,2.7,3.0,2.8,2.95,2.14,,2.78,2.9,2.13,2.85,2.9,2.85,2.15,2.15,2.2,2.95,2.95,2.1,,2.2,2.75,2.15,2.2,2.2,2.8,2.99,2.1,2.8,2.15,,2.17,2.16,,2.29,2.8,2.85,2.7,,,,,2.1,,MLB,12.4,2.714,3.05,Unibet,Not Found,2025-07-24 18:50:14
Los Angeles Sparks @ Connecticut Sun,Connecticut Sun,2025-07-24 19:03:38,2025-07-24 19:20:08,3.1,2.8,,,2.9,,3.2,3.15,3.35,,,3.0,2.2,3.85,2.9,2.95,,,3.2,,,3.25,3.0,2.9,,,,3.0,,,,,,,,,3.6,2.86,,2.3,,,,,,,,,,,,,,,,WNBA,20.75,3.189,3.85,FanDuel,Not Found,2025-07-24 19:20:54
Las Vegas Aces @ Indiana Fever,Las Vegas Aces,2025-07-24 19:02:50,2025-07-24 19:20:08,2.2,2.1,,,2.12,,2.15,2.2,2.2,,,2.35,,2.18,2.15,2.14,,,2.15,,,2.25,2.2,2.18,,,,2.17,,,,,,,,,2.6,2.14,,2.2,,,,,,,,,,,,,,,,WNBA,10.28,2.358,2.6,Caesars,Not Found,2025-07-24 19:20:54
Seattle Storm @ Chicago Sky,Chicago Sky,2025-07-24 20:30:00,2025-07-24 19:20:08,5.4,4.7,,,4.9,,4.8,5.4,5.4,5.0,4.9,5.1,5.0,5.4,5.05,5.2,5.5,,4.8,,,5.0,4.6,4.75,4.5,4.5,,5.4,,,,5.05,,,5.0,5.0,5.0,4.95,4.4,4.91,4.7,4.5,4.9,,,,,,,,,,,,,WNBA,5.6,5.209,5.5,SportsBet,Not Found,2025-07-24 19:20:54
Sugar Land Space Cowboys @ El Paso Chihuahuas,El Paso Chihuahuas,2025-07-24 20:35:00,2025-07-24 19:37:07,,,,,,,,,,,2.06,,2.1,2.02,,1.85,,1.99,,,,1.95,,,,,,,,1.91,,,,,2.32,,2.2,,,,,,,,,,,,,,,,,,,MiLB,6.18,2.185,2.32,BetOnline.ag,Not Found,2025-07-24 19:37:43
San Diego Padres @ St. Louis Cardinals,St. Louis Cardinals,2025-07-24 19:46:00,2025-07-24 19:48:17,2.25,1.8,2.23,2.23,2.16,2.25,1.76,2.25,1.75,2.25,1.69,2.3,1.65,2.26,2.1,2.18,1.64,,1.75,1.7,1.65,2.3,1.85,1.71,1.65,1.64,1.65,2.23,2.2,1.62,,1.66,2.2,1.63,1.7,1.7,2.0,1.73,1.59,1.65,1.64,,1.65,1.62,,1.65,2.25,1.76,2.15,,,,,1.66,,MLB,17.53,1.957,2.3,Betway,Not Found,2025-07-24 19:48:42
Avai @ Remo,Remo,2025-07-24 20:38:00,2025-07-24 21:13:30,2.7,,2.65,2.65,2.6,2.7,2.85,2.7,2.7,2.88,5.49,2.95,,2.88,,,,,2.78,2.7,,2.8,2.7,2.55,2.5,,2.6,2.65,2.65,,,,,,,,,,,,,,,,,,,,,,,,,,,Brazil Série B,80.3,3.045,5.49,Pinnacle,Not Found,2025-07-24 21:13:39
Western Bulldogs @ Essendon Bombers,Essendon Bombers,2025-07-25 05:20:09,2025-07-24 21:13:10,12.0,10.5,,,,12.0,7.2,12.0,,9.0,15.17,9.5,,,,,11.0,,7.2,10.0,16.25,,11.0,,11.0,11.0,11.0,12.0,12.0,,,,10.0,11.0,,,,,,,11.0,,11.0,,,11.0,,,,,,,11.0,13.0,,AFL,43.81,11.3,16.25,Marathon Bet,Not Found,2025-07-24 21:13:39
Oakland Athletics @ Houston Astros,Oakland Athletics,2025-07-24 20:11:00,2025-07-24 21:02:45,1.18,1.2,1.18,1.18,1.16,1.18,1.17,1.18,1.18,1.18,1.35,1.2,1.69,1.71,,1.17,,,1.17,1.14,,1.2,1.2,1.22,,,,1.18,1.18,,,,1.17,,,,1.2,1.17,,1.3,,,,,,,1.14,1.2,1.19,,,,,,,MLB,32.05,1.295,1.71,FanDuel,Not Found,2025-07-24 21:13:39
St George Illawarra Dragons @ North Queensland Cowboys,Draw,2025-07-25 04:00:00,2025-07-24 21:13:08,,,,,,,22.0,,,,,,22.0,,,,,,22.0,25.0,30.0,,,,21.0,,21.0,,,,,,,,,,,,,,,,,,,,,22.0,22.0,,,,,,,NRL,21.22,24.748,30.0,Marathon Bet,Not Found,2025-07-24 21:13:39
Atlético Bucaramanga @ Clube Atlético Mineiro,Atlético Bucaramanga,2025-07-24 20:30:00,2025-07-24 21:13:36,7.5,9.0,7.0,,7.0,7.5,8.6,7.5,7.5,8.0,7.03,10.0,6.25,,,,,,,,,,,,,,,,,,,,,,,,,,,,,,,,,,,,,,,,,,,Copa Sudamericana,21.11,8.257,10.0,DraftKings,Not Found,2025-07-24 21:13:39
Jorge Chavez @ Manuel Flores,Draw,2025-07-24 21:00:00,2025-07-24 20:59:36,16.0,,16.0,16.0,12.5,,,16.0,16.0,17.0,,,,,,,,19.5,,,,15.0,,,17.0,,17.0,16.0,16.0,,,,,,,,,,,,,,,,,,,,,,,,,,,Boxing,10.4,17.662,19.5,1xBet,Not Found,2025-07-24 21:13:39
Montreal Alouettes @ Calgary Stampeders,Montreal Alouettes,2025-07-24 21:00:00,2025-07-24 21:11:51,3.15,2.94,,,3.0,,2.95,3.15,3.15,,3.21,3.6,3.25,3.6,,3.25,,,3.2,,,3.25,,,3.1,3.1,,,,,,3.1,3.0,3.1,3.22,3.22,,,,3.42,2.95,,,,3.3,3.3,,,,,,,,,,CFL,7.45,3.35,3.6,FanDuel,Not Found,2025-07-24 21:13:39
Seattle Mariners @ Los Angeles Angels,Seattle Mariners,2025-07-24 21:39:00,2025-07-24 23:07:13,1.33,1.3,1.32,1.32,1.3,1.33,1.28,1.33,1.28,1.33,3.31,1.31,2.1,1.32,1.36,1.32,,,1.26,1.3,,1.3,1.28,1.29,,,,1.32,1.32,,,,1.33,,,,1.29,1.33,,1.3,,,,,,,,1.29,1.28,,,,,,,MLB,129.61,1.442,3.31,Pinnacle,Not Found,2025-07-24 23:07:22
Parramatta Eels @ Brisbane Broncos,Draw,2025-07-25 06:00:00,2025-07-25 04:28:33,,,,,,,30.0,,,,,,29.0,,,,,,30.0,30.0,36.0,,,,26.0,,26.0,,,,,,,,,,,,,,,,,,,,,26.0,27.0,,,,,,,NRL,16.05,31.021,36.0,Marathon Bet,Not Found,2025-07-25 04:28:41
LG Twins @ Doosan Bears,Doosan Bears,2025-07-25 05:30:00,2025-07-25 05:29:54,2.65,2.8,,,,,2.76,,,,2.14,2.75,2.25,2.8,2.7,2.55,,,2.25,2.7,,2.75,,3.3,,,2.15,,,2.1,,,,,2.3,2.3,2.9,,1.96,2.3,,2.15,,,,,,,,,,,,,,KBO,25.31,2.633,3.3,BetMGM,Not Found,2025-07-25 05:39:33
Namibia @ Nigeria,Nigeria,2025-07-25 06:30:00,2025-07-25 05:38:59,,,,,,,4.2,,,4.5,,,,4.9,,,4.9,,4.2,,5.0,4.3,4.5,,,,,,,,,,,,4.74,,,,,,,6.0,,,,,,,,,,,,,,International Twenty20,20.82,4.966,6.0,BoyleSports,Not Found,2025-07-25 05:39:33
Kiwoom Heroes @ NC Dinos,Kiwoom Heroes,2025-07-25 05:30:00,2025-07-25 05:29:54,1.92,1.77,,,,,1.9,,,,2.41,1.95,2.15,1.94,2.0,1.87,,2.41,2.5,1.85,,1.91,,1.8,,,2.37,,,2.38,,,,,2.57,2.57,1.87,,2.15,2.2,,2.38,,,,2.35,,,,,,,,,,KBO,13.82,2.258,2.57,BetOnline.ag,Not Found,2025-07-25 05:39:33
Romania @ Hungary,Romania,2025-07-25 05:30:00,2025-07-25 05:29:54,,,,,,,,,,2.1,,,,2.15,,,1.62,,,,,,,,1.68,1.68,,,,,,,,,,,,,,,,,,,,,,,,,,,,,,International Twenty20,12.0,1.92,2.15,FanDuel,Not Found,2025-07-25 05:39:33
Samsung Lions @ KT Wiz,Samsung Lions,2025-07-25 05:30:00,2025-07-25 05:29:54,2.45,2.2,,,,,2.27,,,,2.84,2.3,2.05,2.3,2.25,2.38,,,2.8,2.2,,2.3,,2.05,,,2.7,,,2.62,,,,,2.78,2.78,2.3,,2.4,2.35,,,,,,,,,,,,,,,,KBO,10.48,2.571,2.84,Pinnacle,Not Found,2025-07-25 05:39:33
SSG Landers @ Hanwha Eagles,Hanwha Eagles,2025-07-25 05:30:27,2025-07-25 05:53:20,1.4,1.33,,,,,1.35,,,,1.4,1.36,1.42,1.34,1.33,1.36,,,,1.35,,1.33,,1.33,,,,,,1.67,,,,,,,1.38,,,1.3,,,,,,,,,,,,,,,,KBO,13.36,1.473,1.67,William Hill,Not Found,2025-07-25 05:53:49
Kia Tigers @ Lotte Giants,Lotte Giants,2025-07-25 05:31:43,2025-07-25 06:09:49,1.47,1.47,,,,,1.48,,,,1.49,1.43,1.67,1.42,1.4,1.41,,,,1.45,,1.43,,1.48,,,,,,1.5,,,,,,,1.59,,,1.45,,,,,,,,,,,,,,,,KBO,5.78,1.579,1.67,Bovada,Not Found,2025-07-25 06:10:40
India @ England,Draw,2025-07-25 06:00:00,2025-07-25 06:40:15,5.75,,5.1,5.1,,,,,,5.0,,,,,,,,,,,,,4.5,,,,,4.9,,,,,,,,,,,,,,,,,,,,,,,,,,,,Test Matches,5.81,5.434,5.75,Unibet,Not Found,2025-07-25 06:40:36
Sydney Swans @ Greater Western Sydney Giants,Greater Western Sydney Giants,2025-07-25 05:51:00,2025-07-25 06:53:52,5.1,,,,,5.0,3.86,5.0,,4.5,,4.0,4.75,,,,,,,,,,4.0,,4.33,,4.33,4.7,4.7,,,,3.4,,,,,,,,,,,,,,,,,,,,,,,AFL,9.27,4.667,5.1,Unibet,Not Found,2025-07-25 06:54:46
Luxembourg @ Hungary,Luxembourg,2025-07-25 09:00:00,2025-07-25 09:16:42,,,,,,,2.3,,,2.5,,,,2.5,,,3.14,,2.45,,,,,,,,,,,,,,,,,,,,,,,,,,,,,,,,,,,,,International Twenty20,15.6,2.716,3.14,SportsBet,Not Found,2025-07-25 09:26:02
Stromsgodset @ Fredrikstad FK,Draw,2025-07-25 13:00:00,2025-07-25 11:37:39,4.8,4.5,4.75,4.75,4.8,4.9,4.45,4.9,4.9,4.2,4.56,4.4,4.5,4.4,,5.0,4.0,4.49,4.45,4.3,4.4,4.2,4.25,4.4,4.0,4.0,4.0,4.8,4.8,4.2,4.1,4.5,4.0,4.1,4.45,4.45,,4.4,4.1,,,4.0,4.1,,,4.1,,4.3,4.1,4.33,4.2,,,,,Eliteserien - Norway,5.51,4.739,5.0,BetRivers,Not Found,2025-07-25 11:38:17
Nieciecza @ Cracovia Kraków,Cracovia Kraków,2025-07-25 12:00:00,2025-07-25 12:27:14,1.43,1.4,1.43,1.43,1.41,1.43,,1.43,1.43,1.4,2.03,1.4,1.43,1.4,,,,,,,,1.4,1.42,,,,,1.43,1.43,,1.36,,,,,,,,,,,,,,,,,1.38,1.38,,1.31,,,,,Ekstraklasa - Poland,28.88,1.575,2.03,Pinnacle,Not Found,2025-07-25 12:28:07
Randers FC @ AGF Aarhus,Randers FC,2025-07-25 13:00:00,2025-07-25 12:59:59,8.0,7.5,7.5,7.5,7.5,8.0,6.8,8.0,8.0,7.5,4.06,7.5,3.9,4.1,,,3.8,3.86,7.2,7.0,3.9,7.0,3.8,7.0,3.6,3.6,6.5,3.7,7.5,3.6,7.0,3.85,7.5,3.6,3.95,3.95,,3.93,3.6,,3.9,,3.8,,,3.75,,6.75,6.25,3.6,6.25,,,,8.0,Denmark Superliga,45.25,5.508,8.0,Unibet,Not Found,2025-07-25 13:09:40
VPS Vaasa @ Jaro,VPS Vaasa,2025-07-25 12:01:00,2025-07-25 13:33:07,3.55,3.6,3.25,3.3,3.25,3.4,3.6,3.55,3.4,3.5,3.1,3.5,3.15,13.0,,,,,13.0,3.6,,3.3,10.0,3.1,10.0,,3.2,,3.3,,3.25,,3.5,,,,,,,,,,,,,,,,,,,,,,,Veikkausliiga - Finland,213.32,4.149,13.0,FanDuel,Not Found,2025-07-25 13:35:03
Sligo Rovers @ Cork City,Sligo Rovers,2025-07-25 14:45:00,2025-07-25 16:37:17,,,,,,,,,1.01,,6.09,1.01,1.05,,,,,,,1.01,,,,1.02,,,,,,,,,,,,,,,,,,,,,,,,1.01,1.03,,,,,,,League of Ireland,509.0,1.0,6.09,Pinnacle,Not Found,2025-07-25 16:49:11
Bohemians @ Derry City,Derry City,2025-07-25 14:45:00,2025-07-25 16:36:04,23.0,16.0,,,13.0,23.0,7.7,18.0,23.0,26.0,4.67,21.0,5.6,16.0,,,,,6.3,12.0,,7.0,,18.5,17.0,,17.0,18.0,14.0,,,,8.0,,,,,,,,,,,,,,,6.25,6.0,,,,,,,League of Ireland,141.34,10.773,26.0,Paddy Power,Not Found,2025-07-25 16:49:11
Union Saint-Gilloise @ Royal Antwerp,Union Saint-Gilloise,2025-07-25 14:45:00,2025-07-25 16:38:13,11.5,20.0,16.0,,16.0,17.0,12.5,17.0,13.0,21.0,4.53,21.0,4.8,18.0,,,,,12.5,12.0,,,12.0,23.0,19.0,,19.0,,16.0,,10.5,,,,,,,,,,,,,,,,,26.0,26.0,,8.75,,,,,Belgium First Div,88.26,13.81,26.0,Winamax (FR),Not Found,2025-07-25 16:49:11
Buffalo Bisons @ Columbus Clippers,Columbus Clippers,2025-07-25 18:35:00,2025-07-25 16:48:34,,,,,,,,,,,1.62,,2.0,1.74,,1.82,,1.64,,,,1.71,,,,,,,,1.62,,,,,1.87,,1.87,,,,,,,,,,,,,,,,,,,MiLB,6.1,1.885,2.0,Bovada,Not Found,2025-07-25 16:49:11
Miami Marlins @ Milwaukee Brewers,Miami Marlins,2025-07-25 16:11:00,2025-07-25 16:48:57,2.8,2.6,2.7,2.7,2.65,2.8,2.78,2.8,2.8,2.8,2.82,2.69,2.75,2.8,2.35,2.7,,,2.78,2.8,,2.75,2.9,3.1,,,,2.75,2.7,,,,2.65,,,,2.95,2.9,,2.85,,,,,,,,2.75,2.6,,,,,,,MLB,5.67,2.934,3.1,BetMGM,Not Found,2025-07-25 16:49:11
Scranton/Wilkes-Barre RailRiders @ Rochester Red Wings,Scranton/Wilkes-Barre RailRiders,2025-07-25 18:45:00,2025-07-25 16:57:02,,,,,,,,,,,1.53,,,1.54,,1.54,,1.55,,,,1.53,,,,,,,,2.38,,,,,1.61,,1.56,,,,,,,,,,,,,,,,,,,MiLB,37.29,1.734,2.38,William Hill,Not Found,2025-07-25 16:57:59
Omaha Storm Chasers @ Syracuse Mets,Syracuse Mets,2025-07-25 18:35:00,2025-07-25 16:57:02,,,,,,,,,,,1.63,,1.67,1.64,,1.61,,1.64,,,,1.62,,,,,,,,2.2,,,,,1.67,,1.67,,,,,,,,,,,,,,,,,,,MiLB,21.53,1.81,2.2,William Hill,Not Found,2025-07-25 16:57:59
Lanus @ Sarmiento de Junin,Sarmiento de Junin,2025-07-25 18:00:00,2025-07-25 18:33:52,12.5,,11.5,11.5,,,10.5,,,9.0,10.16,12.0,,9.5,,,,,11.5,,,10.0,10.0,,10.0,,,,,,11.5,,,,,,,,,,,,,,,,,,,,10.5,,,,,Primera División - Argentina,7.97,11.578,12.5,Unibet,Not Found,2025-07-25 18:34:22
Toledo Mud Hens @ Indianapolis Indians,Toledo Mud Hens,2025-07-25 19:05:00,2025-07-25 19:06:56,,,,,,,,,,,,,2.05,2.1,,,,,,,,3.75,,,,,,,,2.05,,,,,2.08,,,,,,,,,,,,,,,,,,,,,MiLB,53.69,2.44,3.75,Betway,Not Found,2025-07-25 19:19:57
Norfolk Tides @ Lehigh Valley IronPigs,Lehigh Valley IronPigs,2025-07-25 19:05:00,2025-07-25 19:06:56,,,,,,,,,,,,,1.65,1.65,,,,,,,,2.85,,,,,,,,1.67,,,,,1.67,,1.74,,,,,,,,,,,,,,,,,,,MiLB,48.08,1.925,2.85,Betway,Not Found,2025-07-25 19:19:57
Toronto Blue Jays @ Detroit Tigers,Toronto Blue Jays,2025-07-25 19:11:00,2025-07-25 19:19:51,1.95,2.2,1.94,2.1,1.88,1.95,1.89,1.95,2.3,2.15,2.01,1.94,1.95,2.0,1.91,1.92,1.93,,2.26,1.95,1.96,2.0,2.0,2.5,1.95,1.94,1.95,1.93,1.93,2.0,,2.0,2.0,1.95,1.99,1.98,2.35,1.98,1.89,2.0,1.94,,1.96,1.92,,1.99,1.85,2.0,1.92,,,,,1.95,,MLB,18.53,2.109,2.5,BetMGM,Not Found,2025-07-25 19:19:57
Colorado Rockies @ Baltimore Orioles,Colorado Rockies,2025-07-25 19:06:00,2025-07-25 19:16:24,3.9,2.8,3.7,3.55,3.6,3.9,3.42,3.9,3.7,3.7,,3.61,3.4,3.0,3.6,3.65,2.67,,3.25,3.5,,3.5,3.4,3.7,2.62,,2.62,3.7,3.7,2.6,,,3.6,2.6,2.69,2.69,3.8,3.62,,2.95,,2.6,2.65,2.58,,,3.25,3.6,3.45,,,,,,,MLB,13.85,3.426,3.9,Unibet,Not Found,2025-07-25 19:19:57
Philadelphia Phillies @ New York Yankees,Philadelphia Phillies,2025-07-25 19:06:00,2025-07-25 19:19:52,2.95,2.3,2.88,2.33,2.8,2.95,2.67,2.95,2.95,2.8,,2.79,2.8,2.9,2.8,2.85,2.33,,2.86,2.9,,2.85,2.8,3.1,2.4,2.4,2.4,2.88,2.88,2.38,,,2.9,2.35,2.46,2.46,3.15,2.95,,2.6,,2.38,2.4,2.35,2.38,,2.7,2.85,2.7,,,,,,,MLB,11.39,2.828,3.15,Caesars,Not Found,2025-07-25 19:19:57
Tampa Bay Rays @ Cincinnati Reds,Cincinnati Reds,2025-07-25 19:11:00,2025-07-25 19:19:52,1.72,2.0,1.71,1.8,1.67,1.72,1.65,1.72,1.81,1.8,1.93,1.76,1.77,1.67,1.71,1.68,1.89,,1.69,1.8,1.88,1.8,1.75,1.74,1.87,1.87,1.85,1.71,1.7,1.91,,1.93,1.69,1.88,1.92,1.92,1.8,1.73,1.8,2.05,1.87,,1.88,1.83,,1.91,,1.82,1.66,,,,,1.88,,MLB,7.67,1.904,2.05,MyBookie.ag,Not Found,2025-07-25 19:19:57
Las Vegas Aces @ Minnesota Lynx,Las Vegas Aces,2025-07-25 19:30:00,2025-07-25 19:19:54,4.6,4.2,,,4.2,,4.45,4.6,4.6,4.0,4.7,4.7,4.55,4.4,4.55,4.4,4.4,,4.45,,,4.5,4.4,4.75,4.2,4.2,,4.6,,,,4.55,,,4.54,4.54,5.0,4.7,3.95,4.75,4.15,,4.3,,,,,,,,,,,,,WNBA,6.41,4.699,5.0,Caesars,Not Found,2025-07-25 19:19:57
Los Angeles Dodgers @ Boston Red Sox,Los Angeles Dodgers,2025-07-25 19:11:00,2025-07-25 19:19:52,2.17,2.1,2.14,2.14,2.1,2.17,2.08,2.17,2.17,2.15,2.03,2.16,2.05,2.12,2.2,2.12,1.91,,2.08,2.1,1.96,2.1,2.1,2.3,1.94,1.94,1.95,2.14,2.12,1.91,,2.02,2.15,1.95,1.99,1.99,2.15,2.16,1.88,1.95,1.94,,1.96,1.91,,,2.15,2.1,1.96,,,,,1.98,,MLB,5.54,2.179,2.3,BetMGM,Not Found,2025-07-25 19:19:57
Phoenix Mercury @ New York Liberty,Phoenix Mercury,2025-07-25 19:33:00,2025-07-25 19:32:38,2.1,2.3,,,2.02,,2.1,2.1,2.1,2.88,3.15,2.1,3.15,3.15,2.1,2.05,3.02,,2.15,,,2.05,2.1,2.15,2.95,2.95,,2.08,,,,3.2,,,3.11,3.11,3.1,3.1,2.85,2.9,2.85,3.1,2.88,,3.1,,,,,,,,,,,WNBA,18.32,2.704,3.2,BetUS,Not Found,2025-07-25 19:35:48
San Diego Padres @ St. Louis Cardinals,St. Louis Cardinals,2025-07-25 19:16:00,2025-07-25 19:35:32,1.75,1.9,1.85,1.85,1.7,1.75,1.78,1.75,1.75,1.75,1.95,1.67,2.1,1.74,1.83,1.72,,,1.78,1.7,,1.91,1.8,1.62,,,,1.74,1.73,,,,,,,,1.77,1.76,,2.05,,,,2.05,,,,1.72,1.66,,,,,,,MLB,10.03,1.909,2.1,Bovada,Not Found,2025-07-25 19:35:48
Ñublense @ Deportes Limache,Draw,2025-07-25 19:00:00,2025-07-25 19:35:17,2.85,2.75,2.8,2.8,,,2.65,,,2.62,2.67,2.7,2.85,2.75,,,,,2.65,2.7,,2.62,2.6,2.6,2.5,,2.6,2.8,2.8,,2.7,,2.65,,,,,,,,,,,3.15,,,,2.6,2.5,,,,,,,Primera División - Chile,5.78,2.978,3.15,Unibet (FR),Not Found,2025-07-25 19:35:48
CF Montreal @ New England Revolution,CF Montreal,2025-07-25 19:40:00,2025-07-25 19:40:04,9.5,9.0,9.0,9.0,8.5,9.5,8.6,9.5,9.5,9.0,,9.5,4.4,9.0,,,4.2,,8.6,,,8.5,10.0,,9.5,,9.5,9.0,8.5,4.4,9.0,,9.5,,4.7,4.7,,,,4.1,,4.0,,3.88,4.6,,8.0,8.5,8.0,4.33,8.75,,,,,MLS,34.23,7.45,10.0,TAB,Not Found,2025-07-25 19:48:33
Charlotte Knights @ Nashville Sounds,Nashville Sounds,2025-07-25 19:35:00,2025-07-25 19:35:39,,,,,,,,,,,1.66,,1.71,1.68,,1.65,,,,,,2.3,,,,,,,,1.67,,,,,1.67,,,,,,,,,,,,,,,,,,,,,MiLB,23.06,1.869,2.3,Betway,Not Found,2025-07-25 19:48:33
Chicago Cubs @ Chicago White Sox,Chicago White Sox,2025-07-25 19:41:00,2025-07-25 19:47:35,1.78,2.2,1.76,2.2,1.72,1.78,1.69,1.78,1.78,2.2,2.61,2.22,2.51,2.2,1.77,1.74,2.55,,1.69,2.2,2.49,2.15,2.15,2.2,2.5,2.5,2.5,1.76,1.75,2.5,,2.56,1.77,2.45,2.56,2.56,2.25,1.83,,2.3,2.5,2.5,2.52,2.48,,2.57,2.15,1.74,1.66,,,,,2.5,,MLB,16.34,2.243,2.61,Pinnacle,Not Found,2025-07-25 19:48:33
Arizona Diamondbacks @ Pittsburgh Pirates,Pittsburgh Pirates,2025-07-25 18:41:00,2025-07-25 19:48:25,1.66,1.7,1.64,1.64,1.61,1.66,1.63,1.66,1.66,1.67,1.78,1.67,1.87,1.68,1.67,1.63,,,1.63,1.7,,1.67,1.92,1.67,,,,1.64,1.64,,,,1.74,,,,1.87,1.73,,1.85,,,,,,,1.5,1.66,1.6,,,,,,,MLB,6.91,1.796,1.92,TAB,Not Found,2025-07-25 19:48:33
Australia @ West Indies,Australia,2025-07-25 19:00:00,2025-07-25 21:09:11,1.56,,1.52,1.52,1.53,1.56,2.05,,,1.62,,2.3,,1.67,,,,,2.05,,,1.45,1.48,,,,,1.56,1.56,,1.5,,2.05,,,,,,,,,,,,,,1.95,,,,,,,,,International Twenty20,29.08,1.782,2.3,DraftKings,Not Found,2025-07-25 21:10:45
Oakland Athletics @ Houston Astros,Houston Astros,2025-07-25 20:11:00,2025-07-25 21:10:41,8.0,8.75,7.0,9.5,7.0,8.0,6.16,8.0,8.0,8.5,9.68,8.6,7.5,8.5,,7.0,,,6.16,6.0,,8.5,6.5,8.5,,,,7.0,7.0,,,,5.0,,,,7.7,6.03,,8.0,,,,,,,,9.0,8.5,,,,,,,MLB,21.67,7.956,9.68,Pinnacle,Not Found,2025-07-25 21:10:45
Atlanta Braves @ Texas Rangers,Texas Rangers,2025-07-25 20:06:00,2025-07-25 21:10:41,1.11,1.12,1.11,1.11,1.09,1.11,1.1,1.11,1.11,1.11,1.16,1.13,1.38,1.12,1.12,1.1,,,1.1,1.12,,1.1,1.12,1.13,,,,1.12,1.11,,,,1.14,,,,1.14,1.14,,1.12,,,,,,,1.1,1.12,1.12,,,,,,,MLB,15.28,1.197,1.38,Bovada,Not Found,2025-07-25 21:10:45
Edmonton Elks @ Saskatchewan Roughriders,Edmonton Elks,2025-07-25 21:00:00,2025-07-25 21:09:56,4.25,4.2,,,4.0,,4.75,4.25,3.7,,4.42,5.2,4.3,4.5,,4.25,,,4.75,,,4.75,,,4.25,4.25,,,,,,4.25,4.5,4.3,4.26,4.26,4.45,,,4.67,4.0,,,,,4.5,,,,,,,,,,CFL,13.29,4.59,5.2,DraftKings,Not Found,2025-07-25 21:10:45
Michael Dasmariñas @ Elijah Pierce,Michael Dasmariñas,2025-07-25 22:00:00,2025-07-25 21:10:14,,,,,,,,,,8.0,,8.5,,7.2,,,,,,,,,,,7.5,,10.0,,,,,,,,9.25,9.25,,,,,,,,,,,,,,,,,,,,Boxing,12.11,8.919,10.0,Coral,Not Found,2025-07-25 21:10:45
Portland Timbers @ Los Angeles FC,Portland Timbers,2025-07-25 22:30:00,2025-07-25 21:10:05,6.75,7.7,6.5,6.75,6.75,6.75,7.8,6.75,6.75,8.0,7.61,7.0,7.0,8.0,,7.0,7.5,7.55,7.8,,7.5,7.0,7.5,,7.0,7.0,7.0,6.75,6.75,7.5,7.5,7.0,8.0,7.25,8.5,8.5,,7.53,6.4,7.0,8.0,6.5,7.5,6.45,,7.0,7.5,6.75,6.25,7.0,,,,,,MLS,10.25,7.71,8.5,LowVig.ag,Not Found,2025-07-25 21:10:45
Washington Nationals @ Minnesota Twins,Washington Nationals,2025-07-25 20:11:00,2025-07-25 21:10:41,2.32,2.15,2.28,2.28,2.23,2.32,2.12,2.32,2.32,2.3,2.42,2.18,2.6,2.32,2.1,2.25,,,2.12,2.1,,2.15,2.2,2.25,,,,2.28,2.28,,,,2.35,,,,2.2,2.12,,2.35,,,,,,,2.05,2.15,2.05,,,,,,,MLB,9.36,2.377,2.6,Bovada,Not Found,2025-07-25 21:10:45
CA Tigre BA @ Union Santa Fe,CA Tigre BA,2025-07-25 20:18:00,2025-07-25 21:10:09,6.4,,6.1,6.1,,,6.8,,,7.0,5.48,7.5,6.0,6.5,,,,,6.8,,,6.5,,6.5,6.5,,,,,,7.0,,,,,,,,,,,,,,,,,,,,6.75,,,,,Primera División - Argentina,6.2,7.062,7.5,DraftKings,Not Found,2025-07-25 21:10:45
Santos Laguna @ Puebla,Puebla,2025-07-25 21:00:00,2025-07-25 22:55:51,,,,,,,,,,1.01,2.47,1.01,,1.02,,,,,,,,,1.01,,,,,,,,1.02,,,,,,,,,,,,,,,,1.03,,,,1.01,,,,,Liga MX,116.92,1.139,2.47,Pinnacle,Not Found,2025-07-25 23:00:16
West Coast Eagles @ Fremantle Dockers,West Coast Eagles,2025-07-26 02:15:37,2025-07-25 22:59:53,10.0,11.5,,,,10.0,7.6,10.0,,9.0,15.33,9.5,,,,,11.5,,7.6,9.0,16.25,,11.0,,11.0,11.0,10.0,10.0,10.0,,,,13.0,12.0,,,,,,,12.0,,11.0,,,11.0,,,,,,,11.0,13.0,,AFL,46.52,11.091,16.25,Marathon Bet,Not Found,2025-07-25 23:00:16
New York Mets @ San Francisco Giants,New York Mets,2025-07-25 22:16:00,2025-07-25 22:59:56,1.35,1.37,1.72,,1.32,1.35,1.36,1.4,1.35,1.3,1.71,1.28,1.74,1.3,1.3,1.38,,,1.36,1.3,,1.36,1.32,1.33,,,,1.4,1.34,,,,1.36,,,,1.38,1.35,,1.7,,,,2.16,,,1.33,1.41,1.38,,,,,,,MLB,44.3,1.497,2.16,Unibet (FR),Not Found,2025-07-25 23:00:16
Dallas Wings @ Golden State Valkyries,Dallas Wings,2025-07-25 22:03:54,2025-07-25 22:59:41,1.56,1.6,,,1.53,,1.55,1.56,1.56,,1.57,1.62,2.1,1.64,1.62,1.55,,,1.55,,,1.61,,1.57,,,,1.56,,,,,,,,,1.53,1.54,,1.55,,,,,,,,,,,,,,,,WNBA,23.4,1.702,2.1,Bovada,Not Found,2025-07-25 23:00:16
Gold Coast Titans @ New Zealand Warriors,Draw,2025-07-26 01:00:00,2025-07-25 22:59:31,,,,,,,30.0,,,,,,26.0,,,,,,30.0,25.0,32.0,,,,21.0,,21.0,,,,,,,,,,,,,,,,,,,,,24.0,24.0,,,,,,,NRL,15.71,27.656,32.0,Marathon Bet,Not Found,2025-07-25 23:00:16
Wests Tigers @ Penrith Panthers,Draw,2025-07-26 03:30:00,2025-07-25 22:59:31,,,,,,,30.0,,,,,,26.0,,,,,,30.0,25.0,34.0,,,,26.0,,26.0,,,,,,,,,,,,,,,,,,,,,26.0,26.0,,,,,,,NRL,14.14,29.789,34.0,Marathon Bet,Not Found,2025-07-25 23:00:16
LA Galaxy @ Houston Dynamo,Houston Dynamo,2025-07-25 23:10:00,2025-07-25 22:59:33,1.96,,1.97,1.97,1.91,1.96,,1.96,1.96,2.15,,,,2.15,,,2.1,,,,,,,,,,,1.96,1.96,,,,,,,,,,,,,,,,,,2.45,,,,2.15,,,,,MLS,11.4,2.199,2.45,888sport,Not Found,2025-07-25 23:00:16
FC Juárez @ Tijuana,FC Juárez,2025-07-25 23:00:00,2025-07-25 22:59:41,3.7,4.0,3.65,3.65,3.55,3.4,3.35,3.4,3.7,3.5,4.02,3.35,,3.6,,3.7,3.5,3.64,3.35,3.4,3.48,3.25,3.3,,,3.25,,3.35,3.3,3.3,3.3,3.5,,,3.75,3.75,,3.48,,,,,3.3,,,3.05,3.3,,,3.2,3.25,,,,,Liga MX,7.39,3.743,4.02,Pinnacle,Not Found,2025-07-25 23:00:16
Nashville SC @ San Diego FC,San Diego FC,2025-07-25 22:40:00,2025-07-25 23:59:27,1.34,1.33,1.34,1.34,1.33,1.34,1.33,1.34,1.34,1.29,2.78,1.36,2.74,2.7,,,,,1.33,,,1.35,2.3,,1.33,,1.33,1.34,1.34,,1.3,,1.4,,,,,,,1.35,,,,,,,1.36,1.3,1.31,,1.28,,,,,MLS,78.17,1.56,2.78,Pinnacle,Not Found,2025-07-25 23:59:30
Nigeria @ UAE,Nigeria,2025-07-26 02:30:00,2025-07-25 23:58:30,,,,,,,8.0,,,8.0,8.07,8.0,,9.3,,,8.5,,8.0,,7.7,7.0,8.5,,,,,,,,,,,,8.0,,,,,,,8.0,,,,,,,,,,,,,,International Twenty20,9.07,8.527,9.3,FanDuel,Not Found,2025-07-25 23:59:30
Seattle Mariners @ Los Angeles Angels,Seattle Mariners,2025-07-25 21:39:00,2025-07-25 23:58:43,2.4,2.2,2.35,2.35,2.3,2.4,2.17,2.5,2.5,2.25,2.24,2.16,2.15,2.44,2.2,2.33,,,2.12,1.95,,2.2,2.15,2.15,,,,2.45,2.35,,,,2.05,,,,2.15,2.03,,2.3,,,,,,,2.15,2.15,2.0,,,,,,,MLB,5.23,2.376,2.5,Unibet (NL),Not Found,2025-07-25 23:59:30
Brisbane Lions @ Gold Coast Suns,Gold Coast Suns,2025-07-25 23:20:00,2025-07-26 00:37:37,1.13,,,,,1.13,1.11,1.13,,1.12,,,1.57,,,,,,,1.1,,,1.08,,1.1,,1.1,1.13,1.13,,,,1.13,,,,,,,,,,,,,,,,,,,,,,,AFL,28.98,1.217,1.57,Bovada,Not Found,2025-07-26 00:38:15
India @ England,India,2025-07-26 06:00:00,2025-07-26 05:08:45,23.0,,23.0,23.0,,,,,,36.0,,,,,,23.0,,,,,,34.0,26.0,,29.0,29.0,,23.0,,,,,31.0,,,,,,,,29.0,,,,,,,,,,,,,,,Test Matches,25.32,28.727,36.0,Paddy Power,Not Found,2025-07-26 05:09:03
Cronulla Sutherland Sharks @ South Sydney Rabbitohs,Draw,2025-07-26 05:35:00,2025-07-26 05:08:57,,,,,,,30.0,,,,,,26.0,,,,,,30.0,25.0,36.0,,,,21.0,,21.0,,,,,,,,,,,,,,,,,,,,,30.0,30.0,,,,,,,NRL,22.9,29.292,36.0,Marathon Bet,Not Found,2025-07-26 05:09:03
Geelong Cats @ North Melbourne Kangaroos,North Melbourne Kangaroos,2025-07-26 05:35:23,2025-07-26 05:08:39,9.5,9.5,,,,9.5,6.8,9.5,,8.0,10.62,8.5,11.0,,,,8.5,,6.8,8.0,11.0,,9.0,,7.75,7.75,9.0,9.5,9.5,,,,9.5,8.5,,,,,,,,,9.5,,,,,,,,,,8.8,9.0,,AFL,17.44,9.366,11.0,Bovada,Not Found,2025-07-26 05:09:03
Kiwoom Heroes @ NC Dinos,Kiwoom Heroes,2025-07-26 05:00:00,2025-07-26 04:59:49,2.85,2.42,,,,,2.47,,,,2.17,2.8,2.1,2.9,2.7,2.75,,,2.2,2.9,,2.75,,2.85,,,2.15,,,2.1,,,,,2.09,2.09,2.5,,1.94,2.3,,2.1,,,,2.1,,,,,,,,,,KBO,13.47,2.556,2.9,Tipico,Not Found,2025-07-26 05:09:03
Chunichi Dragons @ Tokyo Yakult Swallows,Tokyo Yakult Swallows,2025-07-26 05:00:00,2025-07-26 04:59:49,2.75,2.2,,,,,2.72,,,,2.24,2.6,2.05,2.62,2.35,2.63,,2.2,2.27,2.1,,2.5,,2.55,,,2.2,,,2.34,,2.1,,,2.25,2.25,2.25,,1.98,2.05,,2.15,,,,2.15,,,,,,,,,,NPB,12.12,2.453,2.75,Unibet,Not Found,2025-07-26 05:09:03
Yokohama DeNA BayStars @ Hanshin Tigers,Yokohama DeNA BayStars,2025-07-26 05:01:41,2025-07-26 04:59:49,2.5,2.35,,,,,2.38,,,,2.33,2.5,2.15,2.58,2.25,2.43,,2.27,2.27,2.2,,2.4,,2.75,,,2.3,,,2.28,,2.21,,,2.3,2.3,2.25,,2.0,2.2,,2.2,,,,2.2,2.3,,,,,,,,,NPB,11.34,2.47,2.75,BetMGM,Not Found,2025-07-26 05:09:03
SSG Landers @ Hanwha Eagles,Hanwha Eagles,2025-07-26 05:00:00,2025-07-26 04:59:49,1.7,1.5,,,,,1.59,,,,1.48,1.62,1.47,1.62,1.62,1.68,,,1.48,1.5,,1.57,,1.8,,,1.48,,,1.44,,,,,1.49,1.49,1.71,,1.39,1.45,,1.44,,,,,,,,,,,,,,KBO,9.11,1.65,1.8,BetMGM,Not Found,2025-07-26 05:09:03
Chiba Lotte Marines @ Hokkaido Nippon-Ham Fighters,Chiba Lotte Marines,2025-07-26 05:00:00,2025-07-26 04:59:49,2.38,2.3,,,,,2.32,,,,2.24,2.35,2.2,2.4,2.15,2.32,,2.22,2.47,2.4,,2.35,,2.65,,,2.3,,,2.38,,2.25,,,2.3,2.3,2.4,,1.99,2.2,,2.15,,,,2.15,2.3,,,,,,,,,NPB,8.03,2.453,2.65,BetMGM,Not Found,2025-07-26 05:09:03
Yomiuri Giants @ Hiroshima Toyo Carp,Yomiuri Giants,2025-07-26 05:00:00,2025-07-26 04:59:49,2.2,2.15,,,,,2.19,,,,2.06,2.3,2.0,2.32,2.1,2.14,,2.04,2.19,2.2,,2.25,,2.4,,,2.0,,,2.28,,1.9,,,2.1,2.1,2.2,,1.83,2.05,,2.0,,,,1.95,2.15,,,,,,,,,NPB,5.85,2.267,2.4,BetMGM,Not Found,2025-07-26 05:09:03
Kia Tigers @ Lotte Giants,Lotte Giants,2025-07-26 05:00:00,2025-07-26 05:31:02,1.34,1.3,,,,,1.31,,,,1.46,1.3,1.49,1.32,1.29,1.32,,,,1.3,,1.3,,1.31,,,,,,1.91,,,,,,,1.29,,,1.6,,,,,,,,,,,,,,,,KBO,29.64,1.473,1.91,William Hill,Not Found,2025-07-26 05:31:13
Saitama Seibu Lions @ Tohoku Rakuten Golden Eagles,Saitama Seibu Lions,2025-07-26 05:00:49,2025-07-26 05:21:49,2.1,2.03,,,,,2.07,,,,2.14,2.1,2.15,2.72,1.95,2.05,,,2.07,2.0,,2.1,,2.0,,,,,,,,,,,,,2.15,,,2.45,,,,,,,2.0,,,,,,,,,NPB,19.52,2.276,2.72,FanDuel,Not Found,2025-07-26 05:31:13
Samsung Lions @ KT Wiz,Samsung Lions,2025-07-26 05:00:00,2025-07-26 05:31:02,1.68,1.62,,,,,1.63,,,,1.97,1.65,1.95,1.6,1.62,1.64,,,,1.65,,1.62,,1.61,,,,,,1.8,,,,,,,1.67,,,1.9,,,,,,,,,,,,,,,,KBO,8.32,1.819,1.97,Pinnacle,Not Found,2025-07-26 05:31:13
Kenya @ Namibia,Kenya,2025-07-26 06:30:00,2025-07-26 05:31:02,,,,,,,2.9,,,3.5,,,,3.8,,,3.85,,2.9,,3.38,3.5,3.0,,,,,,,,,,,,,,,,,,,3.75,,,,,,,,,,,,,,International Twenty20,7.48,3.582,3.85,SportsBet,Not Found,2025-07-26 05:31:13
Australia @ Hungary,Hungary,2025-07-26 05:30:00,2025-07-26 05:29:22,,,,,,,3.4,,,3.0,,,,3.0,,,2.54,,3.1,,2.33,,,,2.5,2.5,,,,,,,,,,,,,,,,,,,,,,,,,,,,,,International Twenty20,16.51,2.918,3.4,Nordic Bet,Not Found,2025-07-26 05:43:57
Orix Buffaloes @ Fukuoka SoftBank Hawks,Fukuoka SoftBank Hawks,2025-07-26 05:00:16,2025-07-26 05:43:49,1.73,1.62,,,,,1.69,,,,1.85,1.65,2.1,1.64,1.56,1.7,,,1.63,1.7,,1.71,,1.74,,,,,,,,,,,,,1.87,,,1.85,,,,,,,1.67,,,,,,,,,NPB,13.06,1.857,2.1,Bovada,Not Found,2025-07-26 05:43:57
Qingdao West Coast FC @ Shanghai SIPG FC,Qingdao West Coast FC,2025-07-26 07:00:00,2025-07-26 05:43:14,7.0,7.75,6.75,6.75,6.5,,6.9,7.0,7.0,7.5,8.75,7.5,8.25,7.5,,7.0,7.5,7.7,6.9,7.0,7.6,,,,6.5,6.5,,7.0,7.0,7.0,7.5,8.25,7.0,7.0,6.9,6.9,,7.31,6.4,,,6.5,7.0,6.25,,7.5,,7.25,6.75,,,,,,,Super League - China,12.83,7.755,8.75,Pinnacle,Not Found,2025-07-26 05:43:57
LG Twins @ Doosan Bears,LG Twins,2025-07-26 05:00:00,2025-07-26 05:43:48,1.68,1.67,,,,,1.68,,,,1.84,1.74,1.95,1.76,1.71,1.64,,,,1.65,,1.71,,1.67,,,,,,1.7,,,,,,,1.67,,,1.85,,,,,,,,,,,,,,,,KBO,5.64,1.846,1.95,Bovada,Not Found,2025-07-26 05:43:57
Port Adelaide Power @ Adelaide Crows,Port Adelaide Power,2025-07-26 06:10:02,2025-07-26 05:43:25,4.8,5.1,,,,5.3,4.18,5.3,,5.0,5.47,5.0,,,,,5.25,,4.18,4.7,5.7,,5.2,,5.2,5.2,5.0,5.3,5.3,,,5.25,5.5,5.5,,,,,,,5.2,,5.25,,,5.0,,,,,,,5.2,5.0,,AFL,5.45,5.405,5.7,Marathon Bet,Not Found,2025-07-26 05:43:57
Jeonbuk Hyundai Motors @ Gwangju FC,Jeonbuk Hyundai Motors,2025-07-26 06:00:00,2025-07-26 06:20:26,1.35,1.44,1.35,1.35,1.34,1.35,1.45,1.35,1.35,1.4,2.27,1.47,2.34,1.42,,,,,1.43,1.4,,1.38,2.4,1.36,1.36,,1.4,1.35,1.35,,,,1.48,,,,,,,,,,,,,,,1.42,1.41,,1.43,,,,,K League 1,48.88,1.612,2.4,TAB,Not Found,2025-07-26 06:20:56
FC Anyang @ Suwon FC,Suwon FC,2025-07-26 06:00:00,2025-07-26 06:20:48,2.25,4.0,4.1,4.1,2.2,2.25,3.9,2.25,2.25,2.25,,2.2,4.2,4.4,,,,,3.9,2.1,,2.38,4.25,2.15,4.0,,2.15,2.25,2.23,,,,2.2,,,,,,,,,,,,,,,2.15,2.1,,3.8,,,,,K League 1,48.69,2.959,4.4,FanDuel,Not Found,2025-07-26 06:20:56
Jeju United FC @ Sangju Sangmu FC,Draw,2025-07-26 06:01:00,2025-07-26 06:41:02,2.75,2.8,2.7,2.7,2.63,2.75,2.75,2.75,2.75,2.88,3.29,2.85,2.93,2.8,,,,,2.75,2.8,,2.7,2.8,2.6,2.6,,2.62,2.7,2.65,,,,2.65,,,,,,,,,,,,,,,2.7,2.6,,2.8,,,,,K League 1,8.63,3.029,3.29,Pinnacle,Not Found,2025-07-26 06:41:45
South Africa @ New Zealand,South Africa,2025-07-26 07:00:00,2025-07-26 07:51:43,3.4,,3.25,3.25,3.2,3.4,3.3,,,3.25,,3.35,,3.5,,,,,4.0,,,3.2,4.2,,,,,3.25,3.25,,,,3.45,,,,,,,,,,,,,,,,,,,,,,,International Twenty20,15.41,3.639,4.2,TAB,Not Found,2025-07-26 07:51:51
