Match,Team,Start Time,Pinnacle Edge Book,Pinnacle Edge Odds,Pinnacle Fair Odds,Pin Edge Pct,League,Result,Scrape Time
Sligo Rovers @ Cork City,Sligo Rovers,2025-07-25 14:45:00,Pinnacle,6.09,1.0,509.0,League of Ireland,Sligo Rovers,2025-07-25 16:49:12
Bohemians @ Derry City,Derry City,2025-07-25 14:45:00,Paddy Power,26.0,4.384,493.06,League of Ireland,Draw,2025-07-25 16:49:12
Union Saint-Gilloise @ Royal Antwerp,Union Saint-Gilloise,2025-07-25 14:45:00,Winamax (FR),26.0,4.869,434.0,Belgium First Div,Draw,2025-07-25 16:49:12
Buffalo Bisons @ Columbus Clippers,Columbus Clippers,2025-07-25 18:35:00,Bovada,2.0,1.75,14.29,MiLB,Buffalo Bisons,2025-07-25 16:49:12
Miami Marlins @ Milwaukee Brewers,Miami Marlins,2025-07-25 16:11:00,BetMGM,3.1,2.932,5.75,MLB,Miami Marlins,2025-07-25 16:49:12
Omaha Storm Chasers @ Syracuse Mets,Syracuse Mets,2025-07-25 18:35:00,William Hill,2.2,1.762,24.88,MiLB,Syracuse Mets,2025-07-25 16:58:00
Lanus @ Sarmiento de Junin,Sarmiento de Junin,2025-07-25 18:00:00,Unibet,12.5,10.901,14.67,Primera División - Argentina,Lanus,2025-07-25 18:34:22
Toronto Blue Jays @ Detroit Tigers,Toronto Blue Jays,2025-07-25 19:11:00,BetMGM,2.5,2.047,22.14,MLB,Toronto Blue Jays,2025-07-25 19:19:58
Los Angeles Dodgers @ Boston Red Sox,Los Angeles Dodgers,2025-07-25 19:11:00,BetMGM,2.3,2.068,11.2,MLB,Los Angeles Dodgers,2025-07-25 19:19:58
Tampa Bay Rays @ Cincinnati Reds,Tampa Bay Rays,2025-07-25 19:11:00,FanDuel,2.18,2.036,7.06,MLB,Cincinnati Reds,2025-07-25 19:19:58
Arizona Diamondbacks @ Pittsburgh Pirates,Arizona Diamondbacks,2025-07-25 18:41:00,FanDuel,2.18,2.076,5.01,MLB,Arizona Diamondbacks,2025-07-25 19:19:58
Phoenix Mercury @ New York Liberty,New York Liberty,2025-07-25 19:33:00,Betway,1.74,1.441,20.73,WNBA,Phoenix Mercury,2025-07-25 19:35:48
San Diego Padres @ St. Louis Cardinals,San Diego Padres,2025-07-25 19:16:00,BetMGM,2.3,1.959,17.41,MLB,St. Louis Cardinals,2025-07-25 19:35:48
Colorado Rockies @ Baltimore Orioles,Colorado Rockies,2025-07-25 19:06:00,Unibet,6.1,5.254,16.1,MLB,Colorado Rockies,2025-07-25 19:35:48
Ñublense @ Deportes Limache,Draw,2025-07-25 19:00:00,Unibet (FR),3.15,2.861,10.11,Primera División - Chile,Ñublense,2025-07-25 19:35:48
Charlotte Knights @ Nashville Sounds,Nashville Sounds,2025-07-25 19:35:00,Betway,2.3,1.794,28.19,MiLB,Charlotte Knights,2025-07-25 19:48:33
Chicago Cubs @ Chicago White Sox,Chicago Cubs,2025-07-25 19:41:00,Winamax (DE),2.05,1.602,28.0,MLB,Chicago White Sox,2025-07-25 19:48:33
Philadelphia Phillies @ New York Yankees,New York Yankees,2025-07-25 19:06:00,Casumo,8.0,1.842,334.29,MLB,Philadelphia Phillies,2025-07-25 21:10:45
CF Montreal @ New England Revolution,New England Revolution,2025-07-25 19:40:00,Paddy Power,8.0,3.65,119.2,MLS,CF Montreal,2025-07-25 21:10:45
CA Tigre BA @ Union Santa Fe,CA Tigre BA,2025-07-25 20:18:00,DraftKings,7.5,5.84,28.42,Primera División - Argentina,Draw,2025-07-25 21:10:45
Atlanta Braves @ Texas Rangers,Texas Rangers,2025-07-25 20:06:00,Bovada,1.38,1.205,14.56,MLB,Texas Rangers,2025-07-25 21:10:45
Edmonton Elks @ Saskatchewan Roughriders,Edmonton Elks,2025-07-25 21:00:00,DraftKings,5.2,4.565,13.92,CFL,Edmonton Elks,2025-07-25 21:10:45
New York City FC @ FC Dallas,FC Dallas,2025-07-25 20:40:00,DraftKings,2.95,2.714,8.68,MLS,New York City FC,2025-07-25 21:10:45
Portland Timbers @ Los Angeles FC,Portland Timbers,2025-07-25 22:30:00,LowVig.ag,8.5,7.907,7.5,MLS,Portland Timbers,2025-07-25 21:10:45
Pumas @ Querétaro,Querétaro,2025-07-25 21:00:00,FanDuel,4.8,4.487,6.97,Liga MX,Pumas,2025-07-25 21:10:45
Albuquerque Isotopes @ Salt Lake Bees,Albuquerque Isotopes,2025-07-25 21:05:00,Betway,1.74,1.654,5.21,MiLB,Albuquerque Isotopes,2025-07-25 21:10:45
Santos Laguna @ Puebla,Draw,2025-07-25 21:00:00,Tipico,30.0,1.842,1528.57,Liga MX,Puebla,2025-07-25 23:00:17
New York Mets @ San Francisco Giants,San Francisco Giants,2025-07-25 22:16:00,DraftKings,3.55,2.263,56.86,MLB,New York Mets,2025-07-25 23:00:17
Dallas Wings @ Golden State Valkyries,Dallas Wings,2025-07-25 22:03:54,Bovada,2.1,1.643,27.78,WNBA,Dallas Wings,2025-07-25 23:00:17
Seattle Mariners @ Los Angeles Angels,Seattle Mariners,2025-07-25 21:39:00,MyBookie.ag,3.1,2.699,14.84,MLB,Seattle Mariners,2025-07-25 23:00:17
Nashville SC @ San Diego FC,Nashville SC,2025-07-25 22:40:00,Paddy Power,13.0,3.522,269.15,MLS,San Diego FC,2025-07-25 23:59:31
FC Juárez @ Tijuana,FC Juárez,2025-07-25 23:00:00,DraftKings,4.0,3.721,7.51,Liga MX,Draw,2025-07-25 23:59:31
Yomiuri Giants @ Hiroshima Toyo Carp,Yomiuri Giants,2025-07-26 05:00:00,William Hill,2.28,2.12,7.57,NPB,Yomiuri Giants,2025-07-26 04:53:45
Kiwoom Heroes @ NC Dinos,Kiwoom Heroes,2025-07-26 05:00:00,Tipico,2.9,2.276,27.39,KBO,NC Dinos,2025-07-26 05:09:04
Chunichi Dragons @ Tokyo Yakult Swallows,Tokyo Yakult Swallows,2025-07-26 05:00:00,Unibet,2.75,2.31,19.05,NPB,Tokyo Yakult Swallows,2025-07-26 05:09:04
SSG Landers @ Hanwha Eagles,Hanwha Eagles,2025-07-26 05:00:00,BetMGM,1.8,1.55,16.12,KBO,SSG Landers,2025-07-26 05:09:04
Chiba Lotte Marines @ Hokkaido Nippon-Ham Fighters,Chiba Lotte Marines,2025-07-26 05:00:00,BetMGM,2.65,2.31,14.72,NPB,Hokkaido Nippon-Ham Fighters,2025-07-26 05:09:04
Yokohama DeNA BayStars @ Hanshin Tigers,Yokohama DeNA BayStars,2025-07-26 05:01:41,BetMGM,2.75,2.404,14.41,NPB,Hanshin Tigers,2025-07-26 05:09:04
Saitama Seibu Lions @ Tohoku Rakuten Golden Eagles,Saitama Seibu Lions,2025-07-26 05:00:00,BetMGM,2.35,2.08,12.97,NPB,Tohoku Rakuten Golden Eagles,2025-07-26 05:09:04
FC Anyang @ Suwon FC,FC Anyang,2025-07-26 06:00:00,Marathon Bet,3.04,2.851,6.62,K League 1,Suwon FC,2025-07-26 05:09:04
Kia Tigers @ Lotte Giants,Lotte Giants,2025-07-26 05:00:00,William Hill,1.91,1.559,22.48,KBO,Lotte Giants,2025-07-26 05:31:13
Samsung Lions @ KT Wiz,KT Wiz,2025-07-26 05:00:00,FanDuel,2.3,1.904,20.83,KBO,Samsung Lions,2025-07-26 05:31:13
LG Twins @ Doosan Bears,Doosan Bears,2025-07-26 05:00:00,DraftKings,2.24,1.943,15.29,KBO,LG Twins,2025-07-26 05:31:13
Orix Buffaloes @ Fukuoka SoftBank Hawks,Fukuoka SoftBank Hawks,2025-07-26 05:00:16,Unibet,1.81,1.694,6.83,NPB,Fukuoka SoftBank Hawks,2025-07-26 05:31:13
Geelong Cats @ North Melbourne Kangaroos,North Melbourne Kangaroos,2025-07-26 05:35:23,Marathon Bet,13.25,12.5,6.0,AFL,Geelong Cats,2025-07-26 05:31:13
Jeonbuk Hyundai Motors @ Gwangju FC,Gwangju FC,2025-07-26 06:00:00,Unibet,7.5,3.403,120.38,K League 1,Jeonbuk Hyundai Motors,2025-07-26 06:20:57
Jeju United FC @ Sangju Sangmu FC,Sangju Sangmu FC,2025-07-26 06:01:00,PointsBet (AU),2.53,2.408,5.06,K League 1,Sangju Sangmu FC,2025-07-26 06:52:37
Qingdao West Coast FC @ Shanghai SIPG FC,Qingdao West Coast FC,2025-07-26 07:00:00,Tipico,9.0,8.209,9.63,Super League - China,Draw,2025-07-26 07:19:41
Malmo FF @ IF Brommapojkarna,IF Brommapojkarna,2025-07-26 09:00:00,BetRivers,4.0,3.809,5.01,Allsvenskan - Sweden,Malmo FF,2025-07-26 07:32:02
Shenzhen Peng City FC @ Yunnan Yukun,Shenzhen Peng City FC,2025-07-26 08:00:00,FanDuel,32.0,22.052,45.11,Super League - China,Yunnan Yukun,2025-07-26 08:41:46
Beijing FC @ Chengdu Rongcheng FC,Draw,2025-07-26 07:35:00,FanDuel,5.2,4.859,7.02,Super League - China,Chengdu Rongcheng FC,2025-07-26 08:41:46
Örebro SK @ GIF Sundsvall,Örebro SK,2025-07-26 09:00:00,Bovada,2.65,1.901,39.42,Superettan - Sweden,Draw,2025-07-26 09:18:16
Górnik Zabrze @ Piast Gliwice,Górnik Zabrze,2025-07-26 08:45:00,Coolbet,3.6,3.162,13.86,Ekstraklasa - Poland,Górnik Zabrze,2025-07-26 09:18:16
FC KTP @ FC Haka,FC Haka,2025-07-26 08:00:00,Coolbet,28.0,17.383,61.08,Veikkausliiga - Finland,FC KTP,2025-07-26 09:44:47
Cercle Brugge KSV @ Dender,Dender,2025-07-26 10:00:00,Suprabets,3.23,2.905,11.19,Belgium First Div,Draw,2025-07-26 09:44:47
AC Oulu @ IFK Mariehamn,IFK Mariehamn,2025-07-26 09:01:00,Nordic Bet,3.85,3.66,5.19,Veikkausliiga - Finland,AC Oulu,2025-07-26 09:54:39
KFUM @ Kristiansund BK,Kristiansund BK,2025-07-26 10:02:00,FanDuel,9.0,4.424,103.43,Eliteserien - Norway,KFUM,2025-07-26 10:10:31
Vejle Boldklub @ FC Copenhagen,Vejle Boldklub,2025-07-26 12:00:00,Casumo,11.5,10.551,9.0,Denmark Superliga,Vejle Boldklub,2025-07-26 10:10:31
Sarpsborg FK @ Sandefjord,Sarpsborg FK,2025-07-26 10:00:00,Tipico,3.6,3.42,5.26,Eliteserien - Norway,Sandefjord,2025-07-26 10:10:31
HamKam @ Haugesund,Haugesund,2025-07-26 10:00:00,Paddy Power,26.0,3.582,625.77,Eliteserien - Norway,HamKam,2025-07-26 10:33:02
Sandvikens IF @ IK Oddevold,IK Oddevold,2025-07-26 09:00:00,FanDuel,16.0,4.64,244.81,Superettan - Sweden,Draw,2025-07-26 10:33:02
Vålerenga @ Bodø/Glimt,Vålerenga,2025-07-26 12:00:00,Coolbet,9.5,9.037,5.12,Eliteserien - Norway,Bodø/Glimt,2025-07-26 11:11:34
Umeå FC @ IK Brage,Umeå FC,2025-07-26 11:00:00,Tipico,13.0,10.127,28.37,Superettan - Sweden,Draw,2025-07-26 11:33:28
Mohammad Yahya @ Steven Nguyen,Mohammad Yahya,2025-07-26 12:35:00,PlayUp,4.2,3.803,10.44,MMA,Not Found,2025-07-26 11:33:28
Motor Lublin @ Pogoń Szczecin,Pogoń Szczecin,2025-07-26 11:30:00,FanDuel,2.7,1.868,44.51,Ekstraklasa - Poland,Pogoń Szczecin,2025-07-26 11:47:24
Marcus Buchecha @ Martin Buday,Marcus Buchecha,2025-07-26 12:05:00,DraftKings,3.5,1.469,138.28,MMA,Not Found,2025-07-26 12:20:17
FC Luzern @ Grasshopper Zürich,Grasshopper Zürich,2025-07-26 12:00:00,PointsBet (AU),2.9,1.849,56.81,Swiss Superleague,Grasshopper Zürich,2025-07-26 12:20:17
FC Basel @ FC St Gallen,FC St Gallen,2025-07-26 12:00:00,Coolbet,5.0,4.701,6.37,Swiss Superleague,FC Basel,2025-07-26 12:20:17
Steven Nguyen @ Mohammad Yahya,Mohammad Yahya,2025-07-26 12:31:00,Caesars,21.0,3.707,466.53,MMA,Not Found,2025-07-26 12:45:02
KV Mechelen @ SV Zulte-Waregem,SV Zulte-Waregem,2025-07-26 12:17:00,Betsson,7.2,3.24,122.19,Belgium First Div,Draw,2025-07-26 12:45:02
IFK Norrkoping @ Degerfors IF,IFK Norrkoping,2025-07-26 11:31:00,Tipico,6.0,4.357,37.73,Allsvenskan - Sweden,Draw,2025-07-26 12:57:38
Davey Grant @ Da'Mon Blackshear,Davey Grant,2025-07-26 13:50:00,BetMGM,4.0,3.722,7.47,MMA,Not Found,2025-07-26 12:57:38
Billy Elekana @ Ibo Aslan,Ibo Aslan,2025-07-26 12:56:00,Unibet,10.5,1.411,643.94,MMA,Not Found,2025-07-26 13:16:18
Philadelphia Phillies @ New York Yankees,New York Yankees,2025-07-26 13:05:00,BetMGM,2.6,2.182,19.14,MLB,Philadelphia Phillies,2025-07-26 13:16:18
Tabatha Ricci @ Amanda Ribas,Tabatha Ricci,2025-07-26 13:25:00,BetUS,2.66,2.528,5.22,MMA,Not Found,2025-07-26 13:16:18
Newells Old Boys @ Aldosivi Mar del Plata,Draw,2025-07-26 13:29:00,Bovada,2.85,2.678,6.42,Primera División - Argentina,Draw,2025-07-26 13:48:40
Muslim Salikhov @ Carlos Leal,Muslim Salikhov,2025-07-26 14:15:00,BetMGM,5.0,4.528,10.42,MMA,Not Found,2025-07-26 13:55:43
Bryce Mitchell @ Said Nurmagomedov,Bryce Mitchell,2025-07-26 14:40:00,Nordic Bet,3.0,1.795,67.1,MMA,Not Found,2025-07-26 14:45:40
Lech Poznań @ Lechia Gdańsk,Lechia Gdańsk,2025-07-26 14:16:00,Bovada,3.3,2.034,62.21,Ekstraklasa - Poland,Lech Poznań,2025-07-26 14:45:40
Cleveland Guardians @ Kansas City Royals,Cleveland Guardians,2025-07-26 14:41:00,BetMGM,2.15,2.047,5.03,MLB,Kansas City Royals,2025-07-26 14:45:40
Said Nurmagomedov @ Bryce Mitchell,Said Nurmagomedov,2025-07-26 10:00:00,DraftKings,19.0,2.257,741.71,MMA,Not Found,2025-07-26 14:58:53
Standard Liege @ RAAL La Louvière,RAAL La Louvière,2025-07-26 14:45:00,Suprabets,6.6,3.02,118.55,Belgium First Div,Standard Liege,2025-07-26 14:58:53
Amir Abubaker @ Carl Fail,Amir Abubaker,2025-07-26 14:35:00,DraftKings,5.0,2.622,90.71,Boxing,Not Found,2025-07-26 14:58:53
Servette @ BSC Young Boys,Draw,2025-07-26 14:32:00,Bovada,26.0,10.759,141.66,Swiss Superleague,Servette,2025-07-26 15:16:27
Bogdan Guskov @ Nikita Krylov,Bogdan Guskov,2025-07-26 15:10:00,Betway,2.95,2.763,6.76,MMA,Not Found,2025-07-26 15:16:27
Zagłębie Lubin @ GKS Katowice,GKS Katowice,2025-07-28 13:01:00,Tipico,22.0,5.068,334.13,Ekstraklasa - Poland,Draw,2025-07-28 13:56:09
Laura Siegemund @ Tatjana Maria,Tatjana Maria,2025-07-28 11:04:00,FanDuel,8.0,3.177,151.79,WTA Canadian Open,Not Found,2025-07-28 13:56:09
Anna Blinkova @ Caroline Dolehide,Caroline Dolehide,2025-07-28 12:48:00,Unibet,4.7,2.087,125.21,WTA Canadian Open,Not Found,2025-07-28 13:56:09
Dalibor Svrcina @ Alexander Blockx,Alexander Blockx,2025-07-28 12:45:00,888sport,4.75,2.463,92.86,ATP Canadian Open,Not Found,2025-07-28 13:56:09
Yuliia Starodubtseva @ Yafan Wang,Yafan Wang,2025-07-28 11:03:00,Bovada,2.6,1.486,74.92,WTA Canadian Open,Not Found,2025-07-28 13:56:09
Pedro Martinez @ Aleksandar Vukic,Aleksandar Vukic,2025-07-28 13:06:00,Ladbrokes,2.1,1.263,66.29,ATP Canadian Open,Not Found,2025-07-28 13:56:09
Daniel Altmaier @ Yosuke Watanuki,Yosuke Watanuki,2025-07-28 13:19:00,Bet Victor,4.0,2.406,66.25,ATP Canadian Open,Not Found,2025-07-28 13:56:09
SonderjyskE @ FC Midtjylland,SonderjyskE,2025-07-28 13:00:00,Unibet,41.0,26.525,54.57,Denmark Superliga,SonderjyskE,2025-07-28 13:56:09
Hugo Gaston @ Mattia Bellucci,Hugo Gaston,2025-07-28 12:52:00,Bovada,12.0,9.009,33.2,ATP Canadian Open,Not Found,2025-07-28 13:56:09
IFK Goteborg @ IF Elfsborg,IF Elfsborg,2025-07-28 13:00:00,Unibet,15.0,11.522,30.18,Allsvenskan - Sweden,IFK Goteborg,2025-07-28 13:56:09
Trelleborgs FF @ Västerås SK,Trelleborgs FF,2025-07-28 13:00:00,Tipico,16.0,12.848,24.54,Superettan - Sweden,Västerås SK,2025-07-28 13:56:09
Varbergs BoIS @ Helsingborgs IF,Draw,2025-07-28 13:00:00,Tipico,20.0,6.991,186.09,Superettan - Sweden,Varbergs BoIS,2025-07-28 14:51:56
Emma Raducanu @ Elena Gabriela Ruse,Elena Gabriela Ruse,2025-07-28 13:22:00,Betway,19.0,6.687,184.14,WTA Canadian Open,Not Found,2025-07-28 14:51:56
Leolia Jeanjean @ Eva Lys,Leolia Jeanjean,2025-07-28 14:30:00,Bet Victor,3.4,2.416,40.75,WTA Canadian Open,Not Found,2025-07-28 14:51:56
Joao Fonseca @ Tristan Schoolkate,Tristan Schoolkate,2025-07-28 14:06:00,William Hill,4.0,2.885,38.64,ATP Canadian Open,Not Found,2025-07-28 14:51:56
Marie Bouzkova @ Moyuka Uchijima,Moyuka Uchijima,2025-07-28 14:45:00,DraftKings,3.6,3.355,7.3,WTA Canadian Open,Not Found,2025-07-28 14:51:56
Renata Zarazua @ Katie Boulter,Renata Zarazua,2025-07-28 16:00:00,888sport,3.5,3.286,6.52,WTA Canadian Open,Not Found,2025-07-28 14:51:56
Lulu Sun @ Sorana Cirstea,Lulu Sun,2025-07-28 14:47:00,888sport,3.4,3.014,12.81,WTA Canadian Open,Not Found,2025-07-28 15:10:14
Aleksandar Kovacevic @ Tristan Boyer,Tristan Boyer,2025-07-28 15:20:00,888sport,3.5,3.317,5.53,ATP Canadian Open,Not Found,2025-07-28 15:10:14
Atlético Tucuman @ Deportivo Riestra,Atlético Tucuman,2025-07-28 15:00:00,Bet Victor,4.6,4.002,14.94,Primera División - Argentina,Deportivo Riestra,2025-07-28 15:28:41
Damir Dzumhur @ Francisco Comesana,Damir Dzumhur,2025-07-28 15:10:18,Coolbet,3.03,2.684,12.9,ATP Canadian Open,Not Found,2025-07-28 15:28:41
Camilo Ugo Carabelli @ Roberto Carballes Baena,Roberto Carballes Baena,2025-07-28 16:20:00,LowVig.ag,2.2,2.016,9.15,ATP Canadian Open,Not Found,2025-07-28 15:28:41
Universidad de Chile @ Union La Calera,Draw,2025-07-28 18:00:00,BetRivers,3.95,3.707,6.54,Primera División - Chile,Universidad de Chile,2025-07-28 15:28:41
Adrian Mannarino @ Marcos Giron,Marcos Giron,2025-07-28 15:20:00,Ladbrokes,1.65,1.47,12.21,ATP Canadian Open,Not Found,2025-07-28 15:41:59
Lucia Bronzetti @ Elizabeth Mandlik,Lucia Bronzetti,2025-07-28 16:50:00,Coolbet,1.78,1.664,6.98,WTA Canadian Open,Not Found,2025-07-28 16:56:09
Defensa y Justicia @ Central Córdoba,Defensa y Justicia,2025-07-28 16:59:00,DraftKings,12.0,7.829,53.28,Primera División - Argentina,Not Found,2025-07-28 17:32:58
Matteo Gigante @ Borna Coric,Matteo Gigante,2025-07-28 17:10:00,Ladbrokes,2.25,2.103,7.01,ATP Canadian Open,Not Found,2025-07-28 17:32:58
Botafogo @ Avai,Draw,2025-07-28 18:02:00,Tipico,20.0,2.958,576.17,Brazil Série B,Avaí,2025-07-28 18:27:58
Anastasija Sevastova @ Ajla Tomljanovic,Ajla Tomljanovic,2025-07-28 18:28:00,Coolbet,1.56,1.299,20.13,WTA Canadian Open,Not Found,2025-07-28 18:48:23
Arizona Diamondbacks @ Detroit Tigers,Arizona Diamondbacks,2025-07-28 18:40:16,GTbets,2.45,2.212,10.74,MLB,Detroit Tigers,2025-07-28 18:48:23
Toronto Blue Jays @ Baltimore Orioles,Toronto Blue Jays,2025-07-28 18:36:15,Unibet,2.18,2.027,7.57,MLB,Baltimore Orioles,2025-07-28 18:58:44
Barracas Central @ Banfield,Banfield,2025-07-28 18:59:00,LiveScore Bet,6.1,2.734,123.11,Primera División - Argentina,Barracas Central,2025-07-28 19:22:04
Pablo Carreno Busta @ Liam Draxl,Pablo Carreno Busta,2025-07-28 19:03:00,Ladbrokes,5.0,2.624,90.53,ATP Canadian Open,Not Found,2025-07-28 19:22:04
Los Angeles Dodgers @ Cincinnati Reds,Cincinnati Reds,2025-07-28 19:10:32,BetMGM,2.65,2.326,13.95,MLB,Los Angeles Dodgers,2025-07-28 19:22:04
Seattle Storm @ Connecticut Sun,Connecticut Sun,2025-07-28 19:03:32,Caesars,23.0,7.126,222.76,WNBA,Seattle Storm,2025-07-28 19:40:44
Tampa Bay Rays @ New York Yankees,New York Yankees,2025-07-28 19:09:17,Bovada,2.2,1.695,29.77,MLB,Tampa Bay Rays,2025-07-28 19:40:44
Emiliana Arango @ Eugenie Bouchard,Emiliana Arango,2025-07-28 19:06:00,LiveScore Bet,1.52,1.231,23.46,WTA Canadian Open,API Error,2025-07-28 19:40:44
Chicago Cubs @ Milwaukee Brewers,Milwaukee Brewers,2025-07-28 19:40:13,Betway,4.5,2.047,119.85,MLB,API Error,2025-07-28 19:53:33
Atlanta Braves @ Kansas City Royals,Atlanta Braves,2025-07-28 19:40:19,Bovada,1.83,1.653,10.69,MLB,API Error,2025-07-28 19:53:33
Miami Marlins @ St. Louis Cardinals,Miami Marlins,2025-07-28 19:45:00,Paddy Power,2.2,2.085,5.51,MLB,API Error,2025-07-28 19:53:33
New York Liberty @ Dallas Wings,New York Liberty,2025-07-28 20:04:31,DraftKings,14.0,5.095,174.79,WNBA,New York Liberty,2025-07-28 20:50:34
Philadelphia Phillies @ Chicago White Sox,Chicago White Sox,2025-07-28 19:41:02,Bovada,2.35,1.382,70.1,MLB,API Error,2025-07-28 20:50:34
Boston Red Sox @ Minnesota Twins,Boston Red Sox,2025-07-28 19:41:11,GTbets,7.99,7.261,10.04,MLB,API Error,2025-07-28 20:50:34
Hugo Dellien @ Fabian Marozsan,Fabian Marozsan,2025-07-28 20:06:00,William Hill,1.14,1.045,9.09,ATP Canadian Open,API Error,2025-07-28 20:50:34
Washington Nationals @ Houston Astros,Houston Astros,2025-07-28 20:11:23,Bovada,1.59,1.461,8.85,MLB,Washington Nationals,2025-07-28 20:50:34
Colorado Rockies @ Cleveland Guardians,Colorado Rockies,2025-07-28 21:10:35,Fanatics,4.55,1.223,271.89,MLB,Colorado Rockies,2025-07-28 23:01:32
Alexis Galarneau @ Arthur Rinderknech,Arthur Rinderknech,2025-07-28 21:44:00,FanDuel,6.0,3.803,57.77,ATP Canadian Open,Not Found,2025-07-28 23:01:32
Texas Rangers @ Los Angeles Angels,Los Angeles Angels,2025-07-28 21:38:11,TAB,2.15,1.468,46.44,MLB,Not Found,2025-07-28 23:01:32
Seattle Mariners @ Oakland Athletics,Oakland Athletics,2025-07-28 22:05:32,Unibet,3.65,2.592,40.8,MLB,Not Found,2025-07-28 23:01:32
Carson Branstine @ Maria Sakkari,Maria Sakkari,2025-07-28 21:41:00,Coolbet,1.62,1.151,40.76,WTA Canadian Open,Not Found,2025-07-28 23:01:32
New York Mets @ San Diego Padres,New York Mets,2025-07-28 21:42:02,GTbets,2.03,1.698,19.53,MLB,Not Found,2025-07-28 23:01:32
Pittsburgh Pirates @ San Francisco Giants,San Francisco Giants,2025-07-28 21:45:09,Unibet,13.0,6.723,93.36,MLB,Not Found,2025-07-29 00:12:14
Tokyo Yakult Swallows @ Yokohama DeNA BayStars,Tokyo Yakult Swallows,2025-07-29 04:45:00,William Hill,2.9,2.654,9.28,NPB,Not Found,2025-07-29 04:47:25
Fukuoka SoftBank Hawks @ Hokkaido Nippon-Ham Fighters,Hokkaido Nippon-Ham Fighters,2025-07-29 05:00:00,Caesars,3.0,2.349,27.71,NPB,Not Found,2025-07-29 05:03:14
Doosan Bears @ Kia Tigers,Doosan Bears,2025-07-29 05:30:00,BetOnline.ag,2.46,2.282,7.78,KBO,Not Found,2025-07-29 05:03:14
Tohoku Rakuten Golden Eagles @ Chiba Lotte Marines,Tohoku Rakuten Golden Eagles,2025-07-29 05:00:00,William Hill,2.19,2.08,5.28,NPB,Not Found,2025-07-29 05:03:14
Saitama Seibu Lions @ Orix Buffaloes,Saitama Seibu Lions,2025-07-29 05:00:00,FanDuel,5.3,2.462,115.27,NPB,Not Found,2025-07-29 05:35:22
Hiroshima Toyo Carp @ Hanshin Tigers,Hiroshima Toyo Carp,2025-07-29 05:00:00,FanDuel,4.3,2.993,43.67,NPB,Not Found,2025-07-29 05:35:22
Yomiuri Giants @ Chunichi Dragons,Chunichi Dragons,2025-07-29 05:00:00,FanDuel,6.6,5.362,23.09,NPB,Not Found,2025-07-29 05:35:22
NC Dinos @ Lotte Giants,NC Dinos,2025-07-29 05:30:00,DraftKings,2.35,2.104,11.67,KBO,Not Found,2025-07-29 05:35:22
Samsung Lions @ Hanwha Eagles,Hanwha Eagles,2025-07-29 05:30:00,BetMGM,2.5,2.244,11.4,KBO,Not Found,2025-07-29 05:35:22
KT Wiz @ LG Twins,KT Wiz,2025-07-29 05:30:00,FanDuel,2.86,2.651,7.87,KBO,Not Found,2025-07-29 05:35:22
Emma Navarro @ Rebecca Marino,Rebecca Marino,2025-07-29 11:00:00,FanDuel,6.4,5.983,6.97,WTA Canadian Open,Not Found,2025-07-29 05:35:22
Alex Michelsen @ Marcelo Tomas Barrios Vera,Marcelo Tomas Barrios Vera,2025-07-29 12:30:00,BoyleSports,4.5,4.236,6.23,ATP Canadian Open,Not Found,2025-07-29 05:35:22
Kiwoom Heroes @ SSG Landers,Kiwoom Heroes,2025-07-29 05:30:57,William Hill,2.3,1.568,46.72,KBO,Not Found,2025-07-29 06:00:56
Juan Pablo Ficovich @ Karen Khachanov,Juan Pablo Ficovich,2025-07-29 12:10:00,Winamax (DE),8.0,7.434,7.62,ATP Canadian Open,Not Found,2025-07-29 10:13:08
Caty McNally @ Alycia Parks,Alycia Parks,2025-07-29 11:00:00,William Hill,3.1,2.879,7.67,WTA Canadian Open,Not Found,2025-07-29 10:59:29
Daria Kasatkina @ Anna Blinkova,Anna Blinkova,2025-07-29 11:02:00,Betway,6.0,3.612,66.12,WTA Canadian Open,Not Found,2025-07-29 11:27:33
Maria Camila Osorio Serrano @ Dayana Yastremska,Dayana Yastremska,2025-07-29 11:04:00,Coral,1.61,1.532,5.07,WTA Canadian Open,Not Found,2025-07-29 11:27:33
Miomir Kecmanovic @ Alexandre Muller,Alexandre Muller,2025-07-29 12:30:00,TAB,3.5,2.643,32.41,ATP Canadian Open,Not Found,2025-07-29 12:55:10
Leylah Fernandez @ Maya Joint,Leylah Fernandez,2025-07-29 12:33:00,DraftKings,2.05,1.633,25.5,WTA Canadian Open,Not Found,2025-07-29 12:55:10
Anna Kalinskaya @ Ann Li,Anna Kalinskaya,2025-07-29 12:37:00,DraftKings,1.71,1.495,14.39,WTA Canadian Open,Not Found,2025-07-29 12:55:10
Holger Rune @ Giovanni Mpetshi Perricard,Holger Rune,2025-07-29 12:32:00,Ladbrokes,1.91,1.687,13.19,ATP Canadian Open,Not Found,2025-07-29 12:55:10
Jasmine Paolini @ Aoi Ito,Aoi Ito,2025-07-29 14:00:00,BoyleSports,7.0,6.31,10.93,WTA Canadian Open,Not Found,2025-07-29 12:55:10
Toronto Blue Jays @ Baltimore Orioles,Baltimore Orioles,2025-07-29 12:36:00,William Hill,1.8,1.383,30.12,MLB,Not Found,2025-07-29 13:15:33
Marketa Vondrousova @ Marta Kostyuk,Marta Kostyuk,2025-07-29 13:51:00,888sport,3.25,2.369,37.19,WTA Canadian Open,Not Found,2025-07-29 13:54:22
Newport County @ Barnet,Newport County,2025-07-29 14:30:00,Unibet,5.75,5.076,13.27,EFL Cup,Not Found,2025-07-29 14:16:31
Linda Noskova @ Jaqueline Cristian,Linda Noskova,2025-07-29 14:01:00,Bet Victor,2.8,1.474,90.02,WTA Canadian Open,Not Found,2025-07-29 14:50:37
James Duckworth @ Lorenzo Musetti,James Duckworth,2025-07-29 14:09:00,Unibet (NL),4.35,4.031,7.91,ATP Canadian Open,Not Found,2025-07-29 14:50:37
Jenson Brooksby @ Corentin Moutet,Jenson Brooksby,2025-07-29 14:53:00,Bet Victor,3.75,2.215,69.32,ATP Canadian Open,Not Found,2025-07-29 15:11:23
Alexei Popyrin @ Nicolas Arseneault,Alexei Popyrin,2025-07-29 15:15:00,Coolbet,1.15,1.08,6.44,ATP Canadian Open,Not Found,2025-07-29 15:11:23
Tomas Martin Etcheverry @ Tallon Griekspoor,Tomas Martin Etcheverry,2025-07-29 15:10:00,William Hill,2.75,1.879,46.38,ATP Canadian Open,Not Found,2025-07-29 15:30:21
Olga Danilovic @ Veronika Kudermetova,Olga Danilovic,2025-07-29 15:07:00,Betway,4.0,2.442,63.82,WTA Canadian Open,Not Found,2025-07-29 15:42:43
Diana Shnaider @ Marie Bouzkova,Diana Shnaider,2025-07-29 15:57:03,Unibet,2.28,1.727,32.0,WTA Canadian Open,Not Found,2025-07-29 15:52:10
Dalibor Svrcina @ Daniil Medvedev,Dalibor Svrcina,2025-07-29 18:10:00,BoyleSports,11.0,9.927,10.81,ATP Canadian Open,Not Found,2025-07-29 15:59:29
Jessica Bouzas Maneiro @ Ashlyn Krueger,Ashlyn Krueger,2025-07-29 15:37:00,Unibet (IT),3.0,2.287,31.2,WTA Canadian Open,Not Found,2025-07-29 16:27:20
Facundo Bagnis @ Nuno Borges,Facundo Bagnis,2025-07-29 16:40:00,Paddy Power,6.5,5.839,11.32,ATP Canadian Open,Not Found,2025-07-29 16:27:20
Lin Zhu @ Ekaterina Alexandrova,Lin Zhu,2025-07-29 17:30:00,FanDuel,7.1,6.617,7.29,WTA Canadian Open,Not Found,2025-07-29 16:27:20
Francisco Cerundolo @ Jaume Munar,Jaume Munar,2025-07-29 16:36:20,Bet Victor,3.4,1.931,76.1,ATP Canadian Open,Not Found,2025-07-29 16:45:29
Casper Ruud @ Roman Safiullin,Casper Ruud,2025-07-29 17:00:00,Bet Victor,1.61,1.527,5.47,ATP Canadian Open,Not Found,2025-07-29 17:17:23
Nashville Sounds @ Scranton/Wilkes-Barre RailRiders,Scranton/Wilkes-Barre RailRiders,2025-07-29 18:35:00,William Hill,1.91,1.753,8.93,MiLB,Not Found,2025-07-29 17:58:38
Lehigh Valley IronPigs @ Worcester Red Sox,Worcester Red Sox,2025-07-29 18:45:00,William Hill,2.2,1.973,11.48,MiLB,Not Found,2025-07-29 18:21:15
Syracuse Mets @ Buffalo Bisons,Buffalo Bisons,2025-07-29 18:35:00,William Hill,2.0,1.842,8.56,MiLB,Not Found,2025-07-29 18:21:15
Memphis Redbirds @ Norfolk Tides,Memphis Redbirds,2025-07-29 18:35:00,BetOnline.ag,2.36,2.226,6.01,MiLB,Not Found,2025-07-29 18:21:15
Arizona Diamondbacks @ Detroit Tigers,Detroit Tigers,2025-07-29 18:40:00,PointsBet (AU),1.95,1.705,14.39,MLB,Not Found,2025-07-29 18:42:32
Colorado Rockies @ Cleveland Guardians,Colorado Rockies,2025-07-29 18:40:00,Unibet (IT),3.0,2.686,11.69,MLB,Not Found,2025-07-29 18:42:32
Hailey Baptiste @ Elena Rybakina,Hailey Baptiste,2025-07-29 18:10:00,Betway,13.0,6.239,108.36,WTA Canadian Open,Not Found,2025-07-29 18:55:33
St. Paul Saints @ Toledo Mud Hens,Toledo Mud Hens,2025-07-29 19:05:00,Betway,3.75,1.874,100.07,MiLB,Not Found,2025-07-29 19:13:34
Danielle Collins @ Coco Gauff,Coco Gauff,2025-07-29 19:04:00,Betway,1.55,1.368,13.27,WTA Canadian Open,Not Found,2025-07-29 19:13:34
Tampa Bay Rays @ New York Yankees,New York Yankees,2025-07-29 19:06:00,Coolbet,1.75,1.61,8.69,MLB,Not Found,2025-07-29 19:13:34
Learner Tien @ Denis Shapovalov,Learner Tien,2025-07-29 19:00:00,Bet Victor,2.62,2.442,7.27,ATP Canadian Open,Not Found,2025-07-29 19:13:34
Durham Bulls @ Gwinnett Stripers,Gwinnett Stripers,2025-07-29 19:05:00,FanDuel,2.52,2.354,7.05,MiLB,Not Found,2025-07-29 19:13:34
Los Angeles Dodgers @ Cincinnati Reds,Cincinnati Reds,2025-07-29 19:11:00,GTbets,3.62,2.218,63.18,MLB,Not Found,2025-07-29 19:32:54
León @ CF Montreal,Draw,2025-07-29 19:10:00,Bovada,3.6,3.425,5.11,Leagues Cup,Not Found,2025-07-29 19:32:54
Golden State Valkyries @ Atlanta Dream,Golden State Valkyries,2025-07-29 19:33:12,Unibet (IT),5.5,4.13,33.17,WNBA,Not Found,2025-07-29 19:46:15
Beatriz Haddad Maia @ Suzan Lamens,Suzan Lamens,2025-07-29 19:41:00,Bet Victor,3.0,2.677,12.05,WTA Canadian Open,Not Found,2025-07-29 19:46:15
Atlanta Braves @ Kansas City Royals,Atlanta Braves,2025-07-29 19:41:00,Winamax (DE),2.35,2.124,10.62,MLB,Not Found,2025-07-29 19:46:15
Columbus Crew SC @ Toluca,Toluca,2025-07-29 19:11:00,Coolbet,7.5,6.983,7.4,Leagues Cup,Not Found,2025-07-29 19:46:15
Boston Red Sox @ Minnesota Twins,Boston Red Sox,2025-07-29 19:41:00,TAB,2.0,1.867,7.11,MLB,Not Found,2025-07-29 19:46:15
Chicago Cubs @ Milwaukee Brewers,Chicago Cubs,2025-07-29 19:41:00,Unibet (IT),2.32,2.182,6.31,MLB,Not Found,2025-07-29 19:46:15
Philadelphia Phillies @ Chicago White Sox,Philadelphia Phillies,2025-07-29 19:41:00,Coolbet,1.7,1.604,6.0,MLB,Not Found,2025-07-29 19:46:15
Fortaleza @ Grêmio,Fortaleza,2025-07-29 19:29:00,Paddy Power,41.0,10.928,275.2,Brazil Série A,Not Found,2025-07-29 19:54:21
Cuiabá @ Criciuma,Cuiabá,2025-07-29 19:30:00,DraftKings,15.0,5.731,161.74,Brazil Série B,Not Found,2025-07-29 19:54:21
Chicago Sky @ Washington Mystics,Chicago Sky,2025-07-29 19:33:12,Caesars,23.0,7.972,188.5,WNBA,Not Found,2025-07-29 20:55:46
Puebla @ New York City FC,New York City FC,2025-07-29 20:10:00,Caesars,11.0,4.603,138.97,Leagues Cup,Not Found,2025-07-29 20:55:46
Tomas Machac @ Reilly Opelka,Tomas Machac,2025-07-29 19:43:00,Casumo,3.2,1.826,75.22,ATP Canadian Open,Not Found,2025-07-29 20:55:46
Remo @ Goiás,Goiás,2025-07-29 20:35:00,Betway,2.75,1.72,59.86,Brazil Série B,Not Found,2025-07-29 20:55:46
Miami Marlins @ St. Louis Cardinals,St. Louis Cardinals,2025-07-29 19:46:00,Caesars,3.15,2.728,15.45,MLB,Not Found,2025-07-29 20:55:46
Adam Walton @ Alexander Zverev,Adam Walton,2025-07-29 20:50:00,BoyleSports,8.5,7.786,9.17,ATP Canadian Open,Not Found,2025-07-29 20:55:46
Washington Nationals @ Houston Astros,Houston Astros,2025-07-29 20:10:00,Caesars,1.48,1.36,8.81,MLB,Not Found,2025-07-29 20:55:46
Matteo Arnaldi @ Tristan Schoolkate,Tristan Schoolkate,2025-07-29 20:39:00,Caesars,2.6,2.442,6.45,ATP Canadian Open,Not Found,2025-07-29 20:55:46
Houston Dynamo @ Tigres,Houston Dynamo,2025-07-29 21:00:00,BetRivers,4.25,3.999,6.29,Leagues Cup,Not Found,2025-07-29 20:55:46
Seattle Mariners @ Oakland Athletics,Seattle Mariners,2025-07-29 22:05:32,BetMGM,5.75,2.122,171.03,MLB,Not Found,2025-07-29 22:57:50
Victoria Mboko @ Sofia Kenin,Sofia Kenin,2025-07-29 22:22:00,Unibet (IT),4.6,2.592,77.44,WTA Canadian Open,Not Found,2025-07-29 22:57:50
New York Mets @ San Diego Padres,San Diego Padres,2025-07-29 21:40:49,BetMGM,2.45,1.596,53.5,MLB,Not Found,2025-07-29 22:57:50
Pittsburgh Pirates @ San Francisco Giants,Pittsburgh Pirates,2025-07-29 21:46:00,Unibet,4.0,2.63,52.1,MLB,Not Found,2025-07-29 22:57:50
New Zealand @ Zimbabwe,Draw,2025-07-30 04:00:00,Paddy Power,15.0,10.565,41.98,Test Matches,Not Found,2025-07-29 22:57:50
Las Vegas Aces @ Los Angeles Sparks,Los Angeles Sparks,2025-07-29 22:02:45,Unibet,8.0,7.009,14.14,WNBA,Not Found,2025-07-29 22:57:50
Texas Rangers @ Los Angeles Angels,Los Angeles Angels,2025-07-29 21:39:00,BetMGM,1.4,1.28,9.41,MLB,Not Found,2025-07-29 22:57:50
San Diego FC @ Pachuca,San Diego FC,2025-07-29 23:10:00,Caesars,15.0,4.731,217.03,Leagues Cup,Not Found,2025-07-30 00:03:42
Mazatlán FC @ Los Angeles FC,Los Angeles FC,2025-07-29 22:40:00,DraftKings,2.3,1.984,15.94,Leagues Cup,Not Found,2025-07-30 00:03:42
Tokyo Yakult Swallows @ Yokohama DeNA BayStars,Tokyo Yakult Swallows,2025-07-30 04:45:00,FanDuel,2.64,2.22,18.9,NPB,Not Found,2025-07-30 04:52:21
Saitama Seibu Lions @ Orix Buffaloes,Saitama Seibu Lions,2025-07-30 05:00:00,William Hill,2.9,2.535,14.4,NPB,Not Found,2025-07-30 04:52:21
Yomiuri Giants @ Chunichi Dragons,Yomiuri Giants,2025-07-30 05:00:00,FanDuel,2.36,1.995,18.31,NPB,Not Found,2025-07-30 05:15:26
Fukuoka SoftBank Hawks @ Hokkaido Nippon-Ham Fighters,Fukuoka SoftBank Hawks,2025-07-30 05:00:00,MyBookie.ag,2.65,2.456,7.91,NPB,Not Found,2025-07-30 05:15:26
Tohoku Rakuten Golden Eagles @ Chiba Lotte Marines,Tohoku Rakuten Golden Eagles,2025-07-30 05:00:00,Bovada,1.87,1.245,50.17,NPB,Not Found,2025-07-30 05:44:59
Hiroshima Toyo Carp @ Hanshin Tigers,Hanshin Tigers,2025-07-30 05:03:00,BetMGM,1.87,1.694,10.37,NPB,Not Found,2025-07-30 05:44:59
Laura Siegemund @ Madison Keys,Laura Siegemund,2025-07-30 11:00:00,Bovada,4.5,4.156,8.27,WTA Canadian Open,Not Found,2025-07-30 05:44:59
NC Dinos @ Lotte Giants,NC Dinos,2025-07-30 05:30:00,William Hill,3.25,2.667,21.88,KBO,Not Found,2025-07-30 05:57:39
KT Wiz @ LG Twins,KT Wiz,2025-07-30 05:31:11,Caesars,2.3,2.066,11.35,KBO,Not Found,2025-07-30 05:57:39
Kiwoom Heroes @ SSG Landers,Kiwoom Heroes,2025-07-30 05:30:20,Bovada,2.5,1.324,88.86,KBO,Not Found,2025-07-30 06:20:44
Doosan Bears @ Kia Tigers,Kia Tigers,2025-07-30 05:30:00,Bovada,1.67,1.364,22.47,KBO,Not Found,2025-07-30 06:20:44
Samsung Lions @ Hanwha Eagles,Hanwha Eagles,2025-07-30 05:30:41,Bovada,1.48,1.123,31.84,KBO,Not Found,2025-07-30 06:45:00
Hugo Gaston @ Andrey Rublev,Hugo Gaston,2025-07-30 11:00:00,Paddy Power,9.0,8.541,5.38,ATP Canadian Open,Not Found,2025-07-30 07:16:35
John Parker @ Floyd Masson,John Parker,2025-07-30 07:30:00,DraftKings,15.0,7.518,99.52,Boxing,Not Found,2025-07-30 07:45:28
McCartney Kessler @ Maya Joint,McCartney Kessler,2025-07-30 11:12:21,Bet Victor,3.4,2.246,51.4,WTA Canadian Open,Not Found,2025-07-30 11:19:54
Naomi Osaka @ Liudmila Samsonova,Naomi Osaka,2025-07-30 11:00:00,Casumo,2.6,1.965,32.34,WTA Canadian Open,Not Found,2025-07-30 11:19:54
Anastasija Sevastova @ Magda Linette,Magda Linette,2025-07-30 11:00:00,DraftKings,1.77,1.49,18.8,WTA Canadian Open,Not Found,2025-07-30 11:19:54
Rebecca Sramkova @ Caty McNally,Rebecca Sramkova,2025-07-30 12:30:00,888sport,2.3,2.16,6.47,WTA Canadian Open,Not Found,2025-07-30 11:42:17
Cameron Norrie @ Aleksandar Vukic,Cameron Norrie,2025-07-30 12:30:00,BetMGM,1.95,1.467,32.9,ATP Canadian Open,Not Found,2025-07-30 12:45:53
Lucia Bronzetti @ Clara Tauson,Lucia Bronzetti,2025-07-30 12:27:00,Bovada,5.75,4.605,24.87,WTA Canadian Open,Not Found,2025-07-30 12:45:53
Stromsgodset @ Bodø/Glimt,Stromsgodset,2025-07-30 13:00:00,1xBet,22.0,19.711,11.61,Eliteserien - Norway,Not Found,2025-07-30 12:45:53
Toronto Blue Jays @ Baltimore Orioles,Toronto Blue Jays,2025-07-30 12:35:00,GTbets,2.35,2.141,9.75,MLB,Not Found,2025-07-30 12:45:53
Syracuse Mets @ Buffalo Bisons,Syracuse Mets,2025-07-30 13:05:00,Bovada,2.1,1.953,7.55,MiLB,Not Found,2025-07-30 12:45:53
Ben Shelton @ Adrian Mannarino,Adrian Mannarino,2025-07-30 12:36:00,DraftKings,14.0,7.947,76.17,ATP Canadian Open,Not Found,2025-07-30 13:00:36
Matteo Arnaldi @ Alexander Zverev,Matteo Arnaldi,2025-07-31 19:07:00,Unibet,19.0,2.813,575.36,ATP Canadian Open,Not Found,2025-07-31 21:46:46
Atlanta Braves @ Cincinnati Reds,Cincinnati Reds,2025-07-31 19:11:00,Winamax (FR),25.0,7.573,230.13,MLB,Not Found,2025-07-31 21:46:46
Los Angeles Chargers @ Detroit Lions,Detroit Lions,2025-07-31 20:04:00,DraftKings,17.0,5.244,224.2,NFL Preseason,Not Found,2025-07-31 21:46:46
Golden State Valkyries @ Washington Mystics,Washington Mystics,2025-07-31 19:32:55,DraftKings,4.7,1.938,142.54,WNBA,Not Found,2025-07-31 21:46:46
Jaqueline Cristian @ Elena Rybakina,Jaqueline Cristian,2025-07-31 21:26:00,Betway,21.0,12.776,64.37,WTA Canadian Open,Not Found,2025-07-31 21:46:46
Emma Navarro @ Dayana Yastremska,Dayana Yastremska,2025-07-31 20:35:00,Nordic Bet,2.36,1.518,55.51,WTA Canadian Open,Not Found,2025-07-31 21:46:46
New York Red Bulls @ Guadalajara,Draw,2025-07-31 19:40:00,Bovada,1.25,1.0,25.0,Leagues Cup,Not Found,2025-07-31 21:46:46
Texas Rangers @ Seattle Mariners,Texas Rangers,2025-07-31 21:41:00,Unibet (IT),2.95,2.531,16.56,MLB,Not Found,2025-07-31 21:46:46
Tijuana @ LA Galaxy,Tijuana,2025-07-31 23:00:00,BetRivers,3.4,3.232,5.2,Leagues Cup,Not Found,2025-07-31 21:46:46
Santos Laguna @ Colorado Rapids,Colorado Rapids,2025-07-31 21:40:00,Pinnacle,2.97,1.0,197.0,Leagues Cup,Not Found,2025-07-31 23:45:45
Alexei Popyrin @ Daniil Medvedev,Daniil Medvedev,2025-07-31 22:19:00,BetMGM,1.4,1.168,19.87,ATP Canadian Open,Not Found,2025-07-31 23:45:45
Tohoku Rakuten Golden Eagles @ Fukuoka SoftBank Hawks,Tohoku Rakuten Golden Eagles,2025-08-01 05:05:00,FanDuel,5.3,2.522,110.17,NPB,Not Found,2025-08-01 05:13:53
Chiba Lotte Marines @ Saitama Seibu Lions,Chiba Lotte Marines,2025-08-01 05:01:01,BetMGM,3.7,2.389,54.86,NPB,Not Found,2025-08-01 05:13:53
Hanshin Tigers @ Tokyo Yakult Swallows,Tokyo Yakult Swallows,2025-08-01 05:00:28,FanDuel,3.5,2.611,34.02,NPB,Not Found,2025-08-01 05:13:53
Chunichi Dragons @ Hiroshima Toyo Carp,Chunichi Dragons,2025-08-01 05:01:13,BetMGM,2.4,2.037,17.84,NPB,Not Found,2025-08-01 05:13:53
Hanwha Eagles @ Kia Tigers,Kia Tigers,2025-08-01 05:30:00,DraftKings,5.2,2.263,129.77,KBO,Not Found,2025-08-01 05:41:38
Yokohama DeNA BayStars @ Yomiuri Giants,Yokohama DeNA BayStars,2025-08-01 05:00:37,Unibet,6.4,4.822,32.72,NPB,Not Found,2025-08-01 05:41:38
SSG Landers @ Doosan Bears,SSG Landers,2025-08-01 05:30:00,BetMGM,2.5,2.29,9.17,KBO,Not Found,2025-08-01 05:41:38
Hokkaido Nippon-Ham Fighters @ Orix Buffaloes,Orix Buffaloes,2025-08-01 05:12:33,FanDuel,2.96,2.73,8.44,NPB,Not Found,2025-08-01 05:41:38
KT Wiz @ NC Dinos,KT Wiz,2025-08-01 05:30:00,DraftKings,2.05,1.896,8.12,KBO,Not Found,2025-08-01 05:41:38
LG Twins @ Samsung Lions,LG Twins,2025-08-01 05:30:00,MyBookie.ag,2.5,2.349,6.41,KBO,Not Found,2025-08-01 05:41:38
Lotte Giants @ Kiwoom Heroes,Lotte Giants,2025-08-01 05:30:43,FanDuel,2.9,2.459,17.93,KBO,Not Found,2025-08-01 06:43:58
IFK Mariehamn @ VPS Vaasa,IFK Mariehamn,2025-08-01 11:00:00,LowVig.ag,6.0,5.6,7.15,Veikkausliiga - Finland,Not Found,2025-08-01 07:45:08
Korona Kielce @ Zagłębie Lubin,Zagłębie Lubin,2025-08-01 12:00:00,LowVig.ag,2.47,2.349,5.14,Ekstraklasa - Poland,Not Found,2025-08-01 08:55:09
Jakub Mensik @ Alejandro Davidovich Fokina,Jakub Mensik,2025-08-01 11:00:00,Betway,2.1,1.975,6.34,ATP Canadian Open,Not Found,2025-08-01 11:19:26
FC Copenhagen @ FC Fredericia,Draw,2025-08-01 12:00:00,1xBet,5.0,4.593,8.86,Denmark Superliga,Not Found,2025-08-01 12:11:49
Yuliia Starodubtseva @ Clara Tauson,Yuliia Starodubtseva,2025-08-01 12:46:21,Betway,5.25,4.008,31.0,WTA Canadian Open,Not Found,2025-08-01 12:44:32
Jelena Ostapenko @ Naomi Osaka,Jelena Ostapenko,2025-08-01 12:47:14,Casumo,3.55,2.796,26.96,WTA Canadian Open,Not Found,2025-08-01 12:44:32
Atlanta Braves @ Cincinnati Reds,Atlanta Braves,2025-08-01 12:41:00,Unibet,2.4,2.274,5.53,MLB,Not Found,2025-08-01 12:44:32
Jiri Lehecka @ Arthur Fils,Jiri Lehecka,2025-08-01 12:47:00,Ladbrokes,3.2,2.048,56.26,ATP Canadian Open,Not Found,2025-08-01 13:26:22
TSV 1860 München @ Rot-Weiss Essen,TSV 1860 München,2025-08-01 13:01:00,Unibet (IT),5.1,4.724,7.96,3. Liga - Germany,Not Found,2025-08-01 13:26:22
Lorenzo Sonego @ Andrey Rublev,Andrey Rublev,2025-08-01 12:35:00,TAB,2.9,1.502,93.11,ATP Canadian Open,Not Found,2025-08-01 13:45:23
IK Oddevold @ Örebro SK,IK Oddevold,2025-08-01 13:00:00,Tipico,4.3,3.889,10.58,Superettan - Sweden,Not Found,2025-08-01 13:45:23
OB Odense BK @ Vejle Boldklub,OB Odense BK,2025-08-01 14:00:00,DraftKings,15.0,3.017,397.14,Denmark Superliga,Not Found,2025-08-01 14:26:03
Caty McNally @ Madison Keys,Caty McNally,2025-08-01 15:00:00,BetUS,3.75,2.852,31.47,WTA Canadian Open,Not Found,2025-08-01 14:26:03
Jessica Pegula @ Anastasija Sevastova,Anastasija Sevastova,2025-08-01 14:09:00,FanDuel,8.5,7.07,20.22,WTA Canadian Open,Not Found,2025-08-01 14:26:03
Hertha Berlin @ FC Schalke 04,Hertha Berlin,2025-08-01 14:30:00,DraftKings,5.0,2.544,96.58,Bundesliga 2 - Germany,Not Found,2025-08-01 14:52:43
Galway United @ Cork City,Galway United,2025-08-01 14:45:00,Coolbet,4.33,2.319,86.71,League of Ireland,Not Found,2025-08-01 14:52:43
Baltimore Orioles @ Chicago Cubs,Baltimore Orioles,2025-08-01 14:21:00,Bovada,3.5,2.557,36.88,MLB,Not Found,2025-08-01 14:52:43
Club Brugge @ KV Mechelen,Club Brugge,2025-08-01 14:45:00,Bet Victor,2.55,1.864,36.78,Belgium First Div,Not Found,2025-08-01 14:52:43
Sturm Graz @ LASK,LASK,2025-08-01 14:30:00,DraftKings,16.0,4.105,289.77,Austrian Football Bundesliga,Not Found,2025-08-01 15:09:45
Piast Gliwice @ Wisła Płock,Piast Gliwice,2025-08-01 14:32:00,DraftKings,3.75,3.14,19.42,Ekstraklasa - Poland,Not Found,2025-08-01 15:09:45
Wimbledon @ Luton,Luton,2025-08-01 15:00:00,Bet Victor,1.73,1.644,5.25,League 1,Not Found,2025-08-01 15:27:02
Drogheda United @ Bohemians,Drogheda United,2025-08-01 14:45:00,Tipico,6.5,6.08,6.9,League of Ireland,Not Found,2025-08-01 15:37:40
Aleksandar Vukic @ Frances Tiafoe,Frances Tiafoe,2025-08-01 15:20:00,Betway,1.55,1.472,5.29,ATP Canadian Open,Not Found,2025-08-01 15:37:40
Nashville Sounds @ Scranton/Wilkes-Barre RailRiders,Nashville Sounds,2025-08-01 17:05:00,Betway,2.15,2.005,7.21,MiLB,Not Found,2025-08-01 17:17:10
Karolina Muchova @ Belinda Bencic,Karolina Muchova,2025-08-01 18:16:24,Unibet (NL),3.45,2.534,36.14,WTA Canadian Open,Not Found,2025-08-01 18:10:44
Fabian Marozsan @ Flavio Cobolli,Flavio Cobolli,2025-08-01 17:03:00,Virgin Bet,1.38,1.247,10.67,ATP Canadian Open,Not Found,2025-08-01 18:10:44
Syracuse Mets @ Buffalo Bisons,Buffalo Bisons,2025-08-01 18:35:00,William Hill,2.05,1.824,12.37,MiLB,Not Found,2025-08-01 18:35:32
Iga Swiatek @ Eva Lys,Eva Lys,2025-08-01 19:00:00,Dabble AU,21.0,18.769,11.89,WTA Canadian Open,Not Found,2025-08-01 18:35:32
Puebla @ Columbus Crew SC,Puebla,2025-08-01 19:00:00,Caesars,7.0,6.407,9.26,Leagues Cup,Not Found,2025-08-01 18:35:32
León @ New York City FC,León,2025-08-01 18:10:00,Winamax (FR),29.0,22.745,27.5,Leagues Cup,Not Found,2025-08-01 18:51:35
Columbus Clippers @ Jacksonville Jumbo Shrimp,Jacksonville Jumbo Shrimp,2025-08-01 19:05:00,William Hill,1.6,1.482,7.94,MiLB,Not Found,2025-08-01 18:51:35
Palestino @ Audax Italiano,Audax Italiano,2025-08-01 19:00:00,DraftKings,2.55,2.376,7.32,Primera División - Chile,Not Found,2025-08-01 18:51:35
Detroit Tigers @ Philadelphia Phillies,Detroit Tigers,2025-08-01 18:45:00,Bet Right,2.55,2.393,6.57,MLB,Not Found,2025-08-01 18:51:35
Ferroviária @ Remo,Ferroviária,2025-08-01 18:02:00,DraftKings,5.0,4.761,5.01,Brazil Série B,Not Found,2025-08-01 18:51:35
Milwaukee Brewers @ Washington Nationals,Milwaukee Brewers,2025-08-01 18:48:00,Betway,1.95,1.705,14.39,MLB,Not Found,2025-08-01 18:58:38
Taylor Fritz @ Gabriel Diallo,Gabriel Diallo,2025-08-01 19:06:00,Betway,7.0,3.367,107.91,ATP Canadian Open,Not Found,2025-08-01 19:20:54
Minnesota Twins @ Cleveland Guardians,Minnesota Twins,2025-08-01 19:10:52,GTbets,3.16,2.165,45.97,MLB,Not Found,2025-08-01 19:20:54
Kansas City Royals @ Toronto Blue Jays,Kansas City Royals,2025-08-01 19:08:00,GTbets,3.22,2.405,33.9,MLB,Not Found,2025-08-01 19:20:54
San Francisco Giants @ New York Mets,San Francisco Giants,2025-08-01 19:12:00,TAB,2.5,2.293,9.02,MLB,Not Found,2025-08-01 19:20:54
New York Yankees @ Miami Marlins,New York Yankees,2025-08-01 19:11:00,Coolbet,1.85,1.715,7.88,MLB,Not Found,2025-08-01 19:20:54
Los Angeles Dodgers @ Tampa Bay Rays,Tampa Bay Rays,2025-08-01 19:35:00,Nordic Bet,2.18,2.052,6.22,MLB,Not Found,2025-08-01 19:20:54
Houston Astros @ Boston Red Sox,Houston Astros,2025-08-01 19:11:00,Unibet,1.97,1.876,5.0,MLB,Not Found,2025-08-01 19:20:54
Phoenix Mercury @ Atlanta Dream,Atlanta Dream,2025-08-01 19:33:19,DraftKings,4.0,2.58,55.06,WNBA,Not Found,2025-08-01 19:37:50
New York Liberty @ Connecticut Sun,Connecticut Sun,2025-08-01 19:33:24,GTbets,9.35,6.261,49.34,WNBA,Not Found,2025-08-01 19:37:50
Indiana Fever @ Dallas Wings,Dallas Wings,2025-08-01 19:32:53,Betway,3.2,2.569,24.58,WNBA,Not Found,2025-08-01 19:37:50
Golden State Valkyries @ Chicago Sky,Golden State Valkyries,2025-08-01 19:32:30,MyBookie.ag,1.6,1.404,13.99,WNBA,Not Found,2025-08-01 19:37:50
El Paso Chihuahuas @ Round Rock Express,El Paso Chihuahuas,2025-08-01 20:15:00,Bovada,2.2,2.016,9.11,MiLB,Not Found,2025-08-01 19:37:50
Indianapolis Indians @ Iowa Cubs,Indianapolis Indians,2025-08-01 20:08:00,BetRivers,2.12,1.973,7.43,MiLB,Not Found,2025-08-01 19:37:50
Mazatlán FC @ Houston Dynamo,Houston Dynamo,2025-08-01 20:41:00,BetMGM,4.33,2.34,85.06,Leagues Cup,Not Found,2025-08-01 21:12:01
Elina Svitolina @ Anna Kalinskaya,Anna Kalinskaya,2025-08-01 21:21:03,888sport,4.33,3.593,20.53,WTA Canadian Open,Not Found,2025-08-01 21:12:01
Emma Raducanu @ Amanda Anisimova,Amanda Anisimova,2025-08-01 20:42:00,Unibet (FR),1.76,1.467,19.96,WTA Canadian Open,Not Found,2025-08-01 21:12:01
Criciuma @ Operario PR,Criciuma,2025-08-01 20:30:00,Tipico,4.5,4.244,6.04,Brazil Série B,Not Found,2025-08-01 21:12:01
CF Montreal @ Toluca,Draw,2025-08-01 21:10:00,Virgin Bet,15.0,6.386,134.89,Leagues Cup,Not Found,2025-08-01 23:01:41
Pachuca @ Los Angeles FC,Pachuca,2025-08-01 22:40:00,FanDuel,7.5,3.719,101.69,Leagues Cup,Not Found,2025-08-01 23:01:41
Chicago White Sox @ Los Angeles Angels,Chicago White Sox,2025-08-01 21:39:00,Nordic Bet,2.12,1.333,59.0,MLB,Not Found,2025-08-01 23:01:41
Texas Rangers @ Seattle Mariners,Texas Rangers,2025-08-01 22:11:00,William Hill,2.6,1.642,58.32,MLB,Not Found,2025-08-01 23:01:41
Arizona Diamondbacks @ Oakland Athletics,Oakland Athletics,2025-08-01 22:06:00,William Hill,1.8,1.173,53.4,MLB,Not Found,2025-08-01 23:01:41
Essendon Bombers @ Sydney Swans,Essendon Bombers,2025-08-02 02:15:53,Marathon Bet,11.25,7.972,41.11,AFL,Not Found,2025-08-01 23:01:41
Ben Shelton @ Brandon Nakashima,Ben Shelton,2025-08-01 20:41:00,Bovada,1.65,1.411,16.9,ATP Canadian Open,Not Found,2025-08-01 23:01:41
Los Angeles Sparks @ Seattle Storm,Los Angeles Sparks,2025-08-01 22:02:45,DraftKings,10.5,1.435,631.67,WNBA,Not Found,2025-08-01 23:59:41
San Diego FC @ Tigres,Tigres,2025-08-01 23:10:00,Bovada,2.44,1.572,55.17,Leagues Cup,Not Found,2025-08-01 23:59:41
Tohoku Rakuten Golden Eagles @ Fukuoka SoftBank Hawks,Tohoku Rakuten Golden Eagles,2025-08-02 01:00:00,MyBookie.ag,3.35,2.916,14.88,NPB,Not Found,2025-08-02 01:27:40
Hokkaido Nippon-Ham Fighters @ Orix Buffaloes,Orix Buffaloes,2025-08-02 01:03:39,FanDuel,4.1,3.228,27.02,NPB,Not Found,2025-08-02 01:58:47
Yokohama DeNA BayStars @ Yomiuri Giants,Yomiuri Giants,2025-08-02 02:02:54,Unibet,6.5,3.636,78.78,NPB,Not Found,2025-08-02 02:29:29
Helsingborgs IF @ Östersunds FK,Draw,2025-08-02 07:00:00,BetRivers,3.75,3.55,5.64,Superettan - Sweden,Not Found,2025-08-02 05:00:21
Hanshin Tigers @ Tokyo Yakult Swallows,Tokyo Yakult Swallows,2025-08-02 05:00:00,Unibet,5.4,2.542,112.44,NPB,Not Found,2025-08-02 05:27:51
Chunichi Dragons @ Hiroshima Toyo Carp,Chunichi Dragons,2025-08-02 05:00:00,Unibet,2.43,1.984,22.47,NPB,Not Found,2025-08-02 05:27:51
Chiba Lotte Marines @ Saitama Seibu Lions,Saitama Seibu Lions,2025-08-02 05:00:00,William Hill,1.63,1.416,15.14,NPB,Not Found,2025-08-02 05:27:51
SSG Landers @ Doosan Bears,Doosan Bears,2025-08-02 05:01:42,William Hill,1.7,1.528,11.28,KBO,Not Found,2025-08-02 05:27:51
Lotte Giants @ Kiwoom Heroes,Lotte Giants,2025-08-02 05:00:29,FanDuel,3.3,2.691,22.62,KBO,Not Found,2025-08-02 05:43:18
Brisbane Lions @ Collingwood Magpies,Brisbane Lions,2025-08-02 05:36:13,Unibet,3.25,2.91,11.67,AFL,Not Found,2025-08-02 05:43:18
LG Twins @ Samsung Lions,LG Twins,2025-08-02 05:01:19,Caesars,2.1,2.0,5.0,KBO,Not Found,2025-08-02 05:43:18
KT Wiz @ NC Dinos,KT Wiz,2025-08-02 05:21:00,Nordic Bet,6.2,3.585,72.96,KBO,Not Found,2025-08-02 06:24:18
Shanghai Shenhua FC @ Yunnan Yukun,Shanghai Shenhua FC,2025-08-02 06:00:00,FanDuel,2.1,1.642,27.85,Super League - China,Not Found,2025-08-02 06:24:18
Suwon FC @ Ulsan Hyundai FC,Suwon FC,2025-08-02 06:00:00,FanDuel,5.4,5.122,5.42,K League 1,Not Found,2025-08-02 06:24:18
SC Preußen Münster @ Karlsruher SC,Karlsruher SC,2025-08-02 07:00:00,Suprabets,2.22,2.109,5.26,Bundesliga 2 - Germany,Not Found,2025-08-02 06:24:18
Peterborough United @ Cardiff City,Draw,2025-08-02 07:30:00,BetRivers,4.35,4.105,5.96,League 1,Not Found,2025-08-02 06:43:59
VfL Bochum @ SV Darmstadt 98,VfL Bochum,2025-08-02 07:00:00,Suprabets,5.5,3.152,74.52,Bundesliga 2 - Germany,Not Found,2025-08-02 07:10:08
Jahn Regensburg @ FC Ingolstadt 04,FC Ingolstadt 04,2025-08-02 08:00:00,Bovada,2.34,2.214,5.67,3. Liga - Germany,Not Found,2025-08-02 07:10:08
Shanghai SIPG FC @ Meizhou Hakka,Meizhou Hakka,2025-08-02 08:00:00,1xBet,7.12,6.754,5.41,Super League - China,Not Found,2025-08-02 07:10:08
Holstein Kiel @ SC Paderborn,Holstein Kiel,2025-08-02 07:00:00,DraftKings,8.5,3.345,154.09,Bundesliga 2 - Germany,Not Found,2025-08-02 07:38:09
1. FC Nürnberg @ Elversberg,1. FC Nürnberg,2025-08-02 06:59:00,DraftKings,3.8,3.483,9.1,Bundesliga 2 - Germany,Not Found,2025-08-02 07:38:09
GIF Sundsvall @ Utsiktens BK,Draw,2025-08-02 09:00:00,BetRivers,3.5,3.31,5.73,Superettan - Sweden,Not Found,2025-08-02 07:38:09
SC Verl @ Waldhof Mannheim,SC Verl,2025-08-02 08:00:00,Tipico,3.0,2.85,5.25,3. Liga - Germany,Not Found,2025-08-02 07:38:09
Henan FC @ Qingdao West Coast FC,Qingdao West Coast FC,2025-08-02 07:35:00,Marathon Bet,2.68,1.746,53.45,Super League - China,Not Found,2025-08-02 07:45:59
Shandong Luneng Taishan FC @ Chengdu Rongcheng FC,Draw,2025-08-02 07:35:00,1xBet,4.77,4.402,8.36,Super League - China,Not Found,2025-08-02 07:45:59
Alemannia Aachen @ VfL Osnabrück,VfL Osnabrück,2025-08-02 08:00:00,Bovada,2.18,2.03,7.4,3. Liga - Germany,Not Found,2025-08-02 07:45:59
1. FC Saarbrücken @ FC Energie Cottbus,1. FC Saarbrücken,2025-08-02 08:01:00,Tipico,9.0,6.327,42.25,3. Liga - Germany,Not Found,2025-08-02 08:48:07
Kalmar FF @ Trelleborgs FF,Draw,2025-08-02 09:00:00,BetRivers,3.95,3.575,10.49,Superettan - Sweden,Not Found,2025-08-02 08:48:07
TSV Havelse @ TSG Hoffenheim II,TSV Havelse,2025-08-02 08:00:00,Coolbet,5.0,4.688,6.64,3. Liga - Germany,Not Found,2025-08-02 08:48:07
Pogoń Szczecin @ Nieciecza,Pogoń Szczecin,2025-08-02 08:45:00,DraftKings,2.6,2.462,5.62,Ekstraklasa - Poland,Not Found,2025-08-02 08:48:07
Barrow @ Chesterfield FC,Barrow,2025-08-02 10:00:00,Marathon Bet,5.0,4.748,5.3,League 2,Not Found,2025-08-02 08:48:07
Stevenage @ Blackpool,Stevenage,2025-08-02 10:00:00,Marathon Bet,4.05,3.397,19.22,League 1,Not Found,2025-08-02 09:21:22
Wycombe Wanderers @ Bradford City,Wycombe Wanderers,2025-08-02 10:00:00,DraftKings,2.95,2.712,8.77,League 1,Not Found,2025-08-02 09:21:22
Örgryte IS @ Varbergs BoIS,Örgryte IS,2025-08-02 09:04:00,Coolbet,6.0,2.8,114.3,Superettan - Sweden,Not Found,2025-08-02 09:45:00
Leyton Orient @ Huddersfield Town,Leyton Orient,2025-08-02 10:00:00,Tipico,8.0,3.668,118.11,League 1,Not Found,2025-08-02 10:10:14
Swindon Town @ Walsall,Swindon Town,2025-08-02 10:00:00,DraftKings,7.0,3.271,114.03,League 2,Not Found,2025-08-02 10:10:14
Crewe Alexandra @ Salford City,Salford City,2025-08-02 10:00:00,Paddy Power,3.5,1.995,75.46,League 2,Not Found,2025-08-02 10:10:14
Crawley Town @ Grimsby Town,Crawley Town,2025-08-02 10:01:00,Paddy Power,6.0,3.682,62.94,League 2,Not Found,2025-08-02 10:10:14
SV Zulte-Waregem @ Westerlo,Westerlo,2025-08-02 10:00:00,William Hill,2.1,1.675,25.41,Belgium First Div,Not Found,2025-08-02 10:10:14
Tranmere Rovers @ Colchester United,Tranmere Rovers,2025-08-02 10:00:00,Marathon Bet,3.42,3.068,11.49,League 2,Not Found,2025-08-02 10:10:14
FC Haka @ KuPS Kuopio,FC Haka,2025-08-02 10:00:00,Bet Victor,5.5,4.966,10.76,Veikkausliiga - Finland,Not Found,2025-08-02 10:10:14
Fredrikstad FK @ Tromso,Fredrikstad FK,2025-08-02 10:00:00,1xBet,5.51,5.038,9.37,Eliteserien - Norway,Not Found,2025-08-02 10:10:14
Port Vale @ Rotherham United,Port Vale,2025-08-02 10:00:00,FanDuel,2.8,2.569,9.01,League 1,Not Found,2025-08-02 10:10:14
Livingston @ Kilmarnock,Kilmarnock,2025-08-02 10:00:00,PointsBet (AU),2.51,2.314,8.47,Premiership - Scotland,Not Found,2025-08-02 10:10:14
Fleetwood Town @ Barnet,Fleetwood Town,2025-08-02 10:00:00,FanDuel,4.2,3.894,7.87,League 2,Not Found,2025-08-02 10:10:14
Northampton Town @ Wigan Athletic,Northampton Town,2025-08-02 10:00:00,Tipico,4.5,4.218,6.68,League 1,Not Found,2025-08-02 10:10:14
Barnsley @ Plymouth Argyle,Plymouth Argyle,2025-08-02 10:00:00,Casumo,23.0,7.315,214.42,League 1,Not Found,2025-08-02 10:32:59
Reading @ Lincoln City,Reading,2025-08-02 10:00:00,Bet Victor,11.5,4.126,178.71,League 1,Not Found,2025-08-02 10:32:59
Mansfield Town @ Burton Albion,Mansfield Town,2025-08-02 10:00:00,Coolbet,5.5,2.425,126.79,League 1,Not Found,2025-08-02 10:32:59
Harrogate Town @ Bristol Rovers,Harrogate Town,2025-08-02 10:01:00,Coolbet,6.5,5.931,9.59,League 2,Not Found,2025-08-02 10:32:59
IK Brage @ Sandvikens IF,IK Brage,2025-08-02 11:00:00,Coolbet,3.75,3.445,8.84,Superettan - Sweden,Not Found,2025-08-02 10:32:59
Gillingham @ Accrington Stanley,Gillingham,2025-08-02 10:00:00,FanDuel,3.4,3.184,6.78,League 2,Not Found,2025-08-02 10:32:59
Cheltenham Town @ Cambridge United,Cheltenham Town,2025-08-02 10:01:00,Tipico,4.7,4.273,10.0,League 2,Not Found,2025-08-02 10:47:10
Hartberg @ WSG Tirol,Hartberg,2025-08-02 11:00:00,FanDuel,3.4,3.142,8.21,Austrian Football Bundesliga,Not Found,2025-08-02 10:47:10
VfB Stuttgart II @ MSV Duisburg,MSV Duisburg,2025-08-02 10:30:00,Coolbet,2.1,1.97,6.58,3. Liga - Germany,Not Found,2025-08-02 10:47:10
Oldham Athletic @ Milton Keynes Dons,Oldham Athletic,2025-08-02 09:59:00,DraftKings,4.9,4.62,6.05,League 2,Not Found,2025-08-02 10:47:10
GKS Katowice @ Widzew Łódź,GKS Katowice,2025-08-02 11:30:00,1xBet,4.17,3.946,5.67,Ekstraklasa - Poland,Not Found,2025-08-02 10:47:10
Exeter City @ Doncaster Rovers,Exeter City,2025-08-02 10:00:00,Bet Victor,5.75,5.442,5.65,League 1,Not Found,2025-08-02 10:47:10
Rheindorf Altach @ Wolfsberger AC,Wolfsberger AC,2025-08-02 11:00:00,BetOnline.ag,2.21,2.1,5.21,Austrian Football Bundesliga,Not Found,2025-08-02 10:47:10
GAIS @ IFK Värnamo,GAIS,2025-08-02 11:30:00,Unibet (IT),2.95,1.769,66.75,Allsvenskan - Sweden,Not Found,2025-08-02 11:32:03
Bromley FC @ Shrewsbury Town,Bromley FC,2025-08-02 10:00:00,FanDuel,3.8,3.567,6.54,League 2,Not Found,2025-08-02 11:32:03
La Serena @ Unión Española,La Serena,2025-08-02 12:30:00,1xBet,2.88,2.733,5.38,Primera División - Chile,Not Found,2025-08-02 11:32:03
Notts County @ Newport County,Newport County,2025-08-02 11:00:00,FanDuel,6.0,5.595,7.23,League 2,Not Found,2025-08-02 11:45:16
SK Brann @ Sarpsborg FK,SK Brann,2025-08-02 12:00:00,1xBet,2.65,2.512,5.51,Eliteserien - Norway,Not Found,2025-08-02 11:45:16
BSC Young Boys @ FC Winterthur,FC Winterthur,2025-08-02 12:00:00,Casumo,15.0,12.221,22.74,Swiss Superleague,Not Found,2025-08-02 12:38:24
FC St Gallen @ Servette,Servette,2025-08-02 12:00:00,Tipico,10.0,8.961,11.59,Swiss Superleague,Not Found,2025-08-02 12:38:24
Górnik Zabrze @ Lech Poznań,Draw,2025-08-02 14:15:00,1xBet,4.21,3.948,6.64,Ekstraklasa - Poland,Not Found,2025-08-02 12:38:24
Marta Kostyuk @ McCartney Kessler,McCartney Kessler,2025-08-02 12:48:35,1xBet,2.27,2.148,5.7,WTA Canadian Open,Not Found,2025-08-02 12:38:24
Dender @ Standard Liege,Dender,2025-08-02 12:15:00,Tipico,3.6,3.418,5.31,Belgium First Div,Not Found,2025-08-02 12:38:24
Rangers @ Motherwell,Motherwell,2025-08-02 12:30:00,Paddy Power,15.0,6.027,148.9,Premiership - Scotland,Not Found,2025-08-02 12:54:50
Learner Tien @ Alex Michelsen,Learner Tien,2025-08-02 12:36:00,TAB,3.0,1.965,52.69,ATP Canadian Open,Not Found,2025-08-02 12:54:50
Jaro @ AC Oulu,AC Oulu,2025-08-02 12:00:00,DraftKings,4.9,4.286,14.33,Veikkausliiga - Finland,Not Found,2025-08-02 12:54:50
Los Angeles Dodgers @ Tampa Bay Rays,Tampa Bay Rays,2025-08-02 13:11:00,William Hill,2.0,1.672,19.6,MLB,Not Found,2025-08-02 13:32:49
RB Salzburg @ Ried,Ried,2025-08-02 13:30:00,1xBet,5.6,5.292,5.81,Austrian Football Bundesliga,Not Found,2025-08-02 13:32:49
Grasshopper Zürich @ FC Basel,Draw,2025-08-02 14:30:00,BetRivers,7.0,6.322,10.72,Swiss Superleague,Not Found,2025-08-02 13:46:20
Casper Ruud @ Karen Khachanov,Casper Ruud,2025-08-02 14:18:00,Bet Victor,2.88,2.21,30.3,ATP Canadian Open,Not Found,2025-08-02 14:44:24
Deportes Limache @ Coquimbo Unido,Deportes Limache,2025-08-02 15:00:00,Coolbet,5.7,4.904,16.24,Primera División - Chile,Not Found,2025-08-02 14:44:24
Baltimore Orioles @ Chicago Cubs,Baltimore Orioles,2025-08-02 14:20:31,Caesars,3.4,3.007,13.07,MLB,Not Found,2025-08-02 14:44:24
Fortuna Düsseldorf @ Arminia Bielefeld,Fortuna Düsseldorf,2025-08-02 14:30:00,Marathon Bet,2.71,2.561,5.82,Bundesliga 2 - Germany,Not Found,2025-08-02 14:44:24
Shelbourne Dublin @ Sligo Rovers,Sligo Rovers,2025-08-02 14:45:00,Bovada,4.2,3.498,20.07,League of Ireland,Not Found,2025-08-02 14:57:46
Bahia @ Sport Recife,Sport Recife,2025-08-02 15:00:00,1xBet,3.52,3.314,6.21,Brazil Série A,Not Found,2025-08-02 14:57:46
Hamilton Tiger-Cats @ Edmonton Elks,Edmonton Elks,2025-08-02 15:08:36,DraftKings,4.25,3.091,37.5,CFL,Not Found,2025-08-02 15:14:11
Minnesota Lynx @ Las Vegas Aces,Las Vegas Aces,2025-08-02 15:05:00,FanDuel,3.65,2.8,30.36,WNBA,Not Found,2025-08-02 15:14:11
Pittsburgh Pirates @ Colorado Rockies,Colorado Rockies,2025-08-02 15:11:00,FanDuel,3.8,3.175,19.69,MLB,Not Found,2025-08-02 15:14:11
Kansas City Royals @ Toronto Blue Jays,Kansas City Royals,2025-08-02 15:08:00,Unibet,2.55,2.293,11.2,MLB,Not Found,2025-08-02 15:14:11
RAAL La Louvière @ Gent,Gent,2025-08-02 14:45:00,Suprabets,1.95,1.833,6.39,Belgium First Div,Not Found,2025-08-02 15:14:11
Dayana Yastremska @ Elena Rybakina,Dayana Yastremska,2025-08-02 15:40:00,Unibet (IT),5.5,4.46,23.31,WTA Canadian Open,Not Found,2025-08-02 15:45:26
Milwaukee Brewers @ Washington Nationals,Washington Nationals,2025-08-02 16:06:00,Unibet,7.5,3.106,141.44,MLB,Not Found,2025-08-02 16:25:58
San Francisco Giants @ New York Mets,San Francisco Giants,2025-08-02 16:11:00,Unibet (IT),3.5,2.972,17.76,MLB,Not Found,2025-08-02 16:25:58
Minnesota Twins @ Cleveland Guardians,Minnesota Twins,2025-08-02 16:11:00,Fanatics,3.15,2.722,15.73,MLB,Not Found,2025-08-02 16:25:58
Atlas @ Orlando City SC,Atlas,2025-08-02 18:00:00,Coolbet,8.0,7.34,8.99,Leagues Cup,Not Found,2025-08-02 16:25:58
Texas Rangers @ Seattle Mariners,Seattle Mariners,2025-08-02 16:11:00,DraftKings,3.57,1.861,91.88,MLB,Not Found,2025-08-02 16:41:29
Detroit Tigers @ Philadelphia Phillies,Philadelphia Phillies,2025-08-02 16:06:00,Unibet (IT),3.55,1.959,81.22,MLB,Not Found,2025-08-02 16:41:29
Houston Astros @ Boston Red Sox,Boston Red Sox,2025-08-02 16:11:00,Fanatics,2.75,2.223,23.71,MLB,Not Found,2025-08-02 16:41:29
New York Yankees @ Miami Marlins,Miami Marlins,2025-08-02 16:11:00,Bovada,1.87,1.665,12.29,MLB,Not Found,2025-08-02 16:41:29
Vasco da Gama @ Mirassol,Mirassol,2025-08-02 17:30:00,FanDuel,2.26,2.047,10.4,Brazil Série A,Not Found,2025-08-02 17:47:43
América Mineiro @ Botafogo,América Mineiro,2025-08-02 17:30:00,DraftKings,7.0,2.768,152.9,Brazil Série B,Not Found,2025-08-02 17:55:02
Rochester Red Wings @ Charlotte Knights,Charlotte Knights,2025-08-02 18:05:00,BetOnline.ag,1.87,1.778,5.16,MiLB,Not Found,2025-08-02 17:55:02
Necaxa @ Inter Miami CF,Necaxa,2025-08-02 19:00:00,BetOnline.ag,6.6,5.625,17.33,Leagues Cup,Not Found,2025-08-02 18:11:48
Columbus Clippers @ Jacksonville Jumbo Shrimp,Columbus Clippers,2025-08-02 18:35:00,William Hill,2.25,2.05,9.77,MiLB,Not Found,2025-08-02 18:11:48
Victoria Mboko @ Coco Gauff,Victoria Mboko,2025-08-02 18:15:00,Betway,3.5,3.248,7.75,WTA Canadian Open,Not Found,2025-08-02 18:11:48
Universidad Católica (CHI) @ Deportes Iquique,Deportes Iquique,2025-08-02 17:31:00,FanDuel,13.0,9.769,33.08,Primera División - Chile,Not Found,2025-08-02 18:35:06
St. Paul Saints @ Toledo Mud Hens,St. Paul Saints,2025-08-02 19:05:00,Caesars,2.2,1.958,12.38,MiLB,Not Found,2025-08-02 18:35:06
Syracuse Mets @ Buffalo Bisons,Buffalo Bisons,2025-08-02 18:35:00,BetRivers,2.0,1.874,6.7,MiLB,Not Found,2025-08-02 18:35:06
Saskatchewan Roughriders @ Montreal Alouettes,Montreal Alouettes,2025-08-02 19:08:00,Nordic Bet,3.5,2.481,41.04,CFL,Not Found,2025-08-02 19:17:51
John Yannis @ Austin Bashi,John Yannis,2025-08-02 19:20:00,BetOnline.ag,8.5,7.562,12.4,MMA,Not Found,2025-08-02 19:17:51
Holger Rune @ Alexei Popyrin,Holger Rune,2025-08-02 19:07:00,Ladbrokes,1.95,1.619,20.44,ATP Canadian Open,Not Found,2025-08-02 19:37:28
Andrey Pulyaev @ Nick Klein,Andrey Pulyaev,2025-08-02 19:40:00,DraftKings,2.24,1.855,20.75,MMA,Not Found,2025-08-02 19:50:53
Pakistan @ West Indies,Pakistan,2025-08-02 20:00:00,DraftKings,2.05,1.94,5.69,International Twenty20,Not Found,2025-08-02 19:50:53
Goiás @ Amazonas FC,Amazonas FC,2025-08-02 19:30:00,Paddy Power,6.5,3.691,76.11,Brazil Série B,Not Found,2025-08-02 19:58:26
Nick Klein @ Andrey Pulyaev,Andrey Pulyaev,2025-08-02 19:45:00,DraftKings,2.24,1.855,20.75,MMA,Not Found,2025-08-02 19:58:26
Neil Magny @ Elizeu Zaleski,Neil Magny,2025-08-02 21:40:00,BetMGM,6.0,2.395,150.5,MMA,Not Found,2025-08-02 21:57:19
Atlético San Luis @ Real Salt Lake,Atlético San Luis,2025-08-02 21:40:00,FanDuel,9.0,4.132,117.84,Leagues Cup,Not Found,2025-08-02 21:57:19
Atlanta United FC @ Pumas,Pumas,2025-08-02 21:20:00,Betway,2.5,1.542,62.14,Leagues Cup,Not Found,2025-08-02 21:57:19
Atlanta Braves @ Cincinnati Reds,Atlanta Braves,2025-08-02 21:40:00,DraftKings,3.35,2.213,51.4,MLB,Not Found,2025-08-02 21:57:19
Francisco Cerundolo @ Alexander Zverev,Alexander Zverev,2025-08-02 21:31:00,Ladbrokes,1.8,1.413,27.42,ATP Canadian Open,Not Found,2025-08-02 21:57:19
Minnesota United FC @ América,América,2025-08-02 21:13:00,FanDuel,4.4,3.953,11.3,Leagues Cup,Not Found,2025-08-02 21:57:19
St. Louis Cardinals @ San Diego Padres,San Diego Padres,2025-08-02 22:11:00,FanDuel,3.5,1.8,94.44,MLB,Not Found,2025-08-02 23:48:39
Arizona Diamondbacks @ Oakland Athletics,Oakland Athletics,2025-08-02 22:06:00,Tipico,6.7,3.629,84.63,MLB,Not Found,2025-08-02 23:48:39
Jessica Bouzas Maneiro @ Lin Zhu,Jessica Bouzas Maneiro,2025-08-02 20:24:00,Casumo,1.72,1.182,45.57,WTA Canadian Open,Not Found,2025-08-02 23:48:39
North Melbourne Kangaroos @ St Kilda Saints,North Melbourne Kangaroos,2025-08-02 23:40:45,Unibet,5.3,4.317,22.77,AFL,Not Found,2025-08-02 23:48:39
Carlton Blues @ Fremantle Dockers,Carlton Blues,2025-08-03 03:10:35,Marathon Bet,8.6,7.87,9.27,AFL,Not Found,2025-08-02 23:48:39
Chicago White Sox @ Los Angeles Angels,Los Angeles Angels,2025-08-02 22:09:00,Unibet,15.0,4.159,260.69,MLB,Not Found,2025-08-03 00:37:36
Hokkaido Nippon-Ham Fighters @ Orix Buffaloes,Orix Buffaloes,2025-08-03 00:01:55,FanDuel,3.0,2.292,30.91,NPB,Not Found,2025-08-03 00:37:36
Tohoku Rakuten Golden Eagles @ Fukuoka SoftBank Hawks,Fukuoka SoftBank Hawks,2025-08-03 00:00:00,William Hill,1.53,1.302,17.51,NPB,Not Found,2025-08-03 00:37:36
Yokohama DeNA BayStars @ Yomiuri Giants,Yokohama DeNA BayStars,2025-08-03 01:00:00,FanDuel,2.58,2.227,15.84,NPB,Not Found,2025-08-03 01:05:53
Port Adelaide Power @ Geelong Cats,Port Adelaide Power,2025-08-03 01:15:20,PointsBet (AU),18.0,16.706,7.75,AFL,Not Found,2025-08-03 01:05:53
Lotte Giants @ Kiwoom Heroes,Kiwoom Heroes,2025-08-03 01:00:00,Unibet,11.5,5.693,102.0,KBO,Not Found,2025-08-03 01:37:47
Chiba Lotte Marines @ Saitama Seibu Lions,Chiba Lotte Marines,2025-08-03 04:01:08,Nordic Bet,1.95,1.618,20.53,NPB,Not Found,2025-08-03 04:32:01
KT Wiz @ NC Dinos,NC Dinos,2025-08-03 05:00:00,Nordic Bet,2.0,1.873,6.77,KBO,Not Found,2025-08-03 04:32:01
Chunichi Dragons @ Hiroshima Toyo Carp,Chunichi Dragons,2025-08-03 05:00:00,BetMGM,3.5,2.377,47.27,NPB,Not Found,2025-08-03 05:24:20
LG Twins @ Samsung Lions,Samsung Lions,2025-08-03 05:00:54,William Hill,1.91,1.6,19.37,KBO,Not Found,2025-08-03 05:24:20
Hanshin Tigers @ Tokyo Yakult Swallows,Tokyo Yakult Swallows,2025-08-03 05:00:00,FanDuel,2.82,2.545,10.81,NPB,Not Found,2025-08-03 05:24:20
Qingdao Hainiu FC @ Dalian Yingbo,Qingdao Hainiu FC,2025-08-03 07:00:00,Coolbet,8.25,7.711,6.98,Super League - China,Not Found,2025-08-03 05:50:29
SSG Landers @ Doosan Bears,SSG Landers,2025-08-03 05:10:00,BetMGM,2.6,2.383,9.12,KBO,Not Found,2025-08-03 06:21:35
Bolton Wanderers @ Stockport County FC,Stockport County FC,2025-08-03 07:00:00,1xBet,2.62,2.392,9.55,League 1,Not Found,2025-08-03 06:54:33
Dynamo Dresden @ Greuther Fürth,Dynamo Dresden,2025-08-03 07:30:00,Tipico,15.0,5.431,176.21,Bundesliga 2 - Germany,Not Found,2025-08-03 07:40:49
Halmstads BK @ Djurgardens IF,Halmstads BK,2025-08-03 08:00:00,Coolbet,12.0,10.559,13.65,Allsvenskan - Sweden,Not Found,2025-08-03 07:40:49
Changchun Yatai @ Wuhan Three Towns,Changchun Yatai,2025-08-03 07:35:00,DraftKings,5.75,5.295,8.59,Super League - China,Not Found,2025-08-03 07:40:49
FC Nordsjaelland @ SonderjyskE,SonderjyskE,2025-08-03 08:00:00,Marathon Bet,3.3,3.051,8.17,Denmark Superliga,Not Found,2025-08-03 07:40:49
1. FC Kaiserslautern @ Hannover 96,1. FC Kaiserslautern,2025-08-03 07:30:00,Marathon Bet,3.5,3.277,6.8,Bundesliga 2 - Germany,Not Found,2025-08-03 07:40:49
Eintracht Braunschweig @ 1. FC Magdeburg,Draw,2025-08-03 07:30:00,Suprabets,4.4,4.134,6.44,Bundesliga 2 - Germany,Not Found,2025-08-03 07:40:49
Tianjin Jinmen Tiger FC @ Beijing FC,Draw,2025-08-03 07:35:00,BetRivers,5.0,4.738,5.53,Super League - China,Not Found,2025-08-03 07:40:49
FC Lausanne-Sport @ FC Thun,FC Thun,2025-08-03 08:00:00,1xBet,2.81,2.575,9.13,Swiss Superleague,Not Found,2025-08-03 07:48:50
Zhejiang @ Shenzhen Peng City FC,Draw,2025-08-03 08:00:00,BetRivers,4.2,3.941,6.57,Super League - China,Not Found,2025-08-03 07:48:50
Royal Antwerp @ Genk,Genk,2025-08-03 07:30:00,DraftKings,3.15,1.8,74.97,Belgium First Div,Not Found,2025-08-03 07:56:06
Bodø/Glimt @ HamKam,HamKam,2025-08-03 08:30:00,Coolbet,10.9,10.244,6.4,Eliteserien - Norway,Not Found,2025-08-03 07:56:06
Silkeborg IF @ Randers FC,Silkeborg IF,2025-08-03 08:01:00,Unibet,9.0,3.884,131.71,Denmark Superliga,Not Found,2025-08-03 08:28:34
