Match,Team,Start Time,Last Update,Unibet,Coolbet,Livescore Bet,Virgin Bet,Leovegas,Casumo,Nordic Bet,Unibet (Nl),Unibet (It),Paddy Power,Pinnacle,Draftkings,Bovada,Fanduel,Fanatics,Betrivers,Sportsbet,1Xbet,Betsson,Tipico,Marathon Bet,Betway,Tab,Betmgm,Ladbrokes,Neds,Coral,Tabtouch,Grosvenor,William Hill,Bet Victor,Betus,Pointsbet (Au),Playup,Betonline.Ag,Lowvig.Ag,Caesars,Gtbets,Parions Sport (Fr),Mybookie.Ag,Betr,Boylesports,Bet Right,Unibet (Fr),Everygame,888Sport,Winamax (De),Winamax (Fr),Sky Bet,Betclic (Fr),Betanysports,Bet365 Au,Boombet,Dabble Au,Suprabets,League,Pinnacle Fair Odds,Pin Edge Pct,Best Odds,Best Bookmaker,Result,Scrape Time
North Melbourne Kangaroos @ Sydney Swans,North Melbourne Kangaroos,2025-07-19 02:15:00,2025-07-19 01:34:43,8.0,8.0,,,,8.0,5.95,8.0,,7.0,8.4,7.0,10.0,,,,7.5,,5.95,7.0,9.8,,8.0,,8.0,8.0,7.5,8.0,8.0,,,,8.0,8.0,,,,,,,7.5,,8.0,,7.5,,,,,,,7.5,7.7,8.0,,AFL,8.85,12.99,10.0,Bovada,Not Found,2025-07-19 01:35:10
Jeonbuk Hyundai Motors @ Pohang Steelers,Pohang Steelers,2025-07-19 06:00:00,2025-07-19 05:34:29,3.75,4.5,3.75,3.65,3.65,3.75,4.25,3.75,3.75,4.33,4.19,4.6,4.65,4.4,,3.8,4.33,4.49,4.25,4.5,4.9,4.5,4.75,4.5,4.2,4.2,4.0,3.75,3.75,4.33,,,4.25,4.6,4.25,4.25,,,4.1,,4.25,,,3.95,,,4.3,4.1,,4.07,,,,,,K League 1,4.334,13.05,4.9,Marathon Bet,Not Found,2025-07-19 05:34:53
Melbourne Demons @ Carlton Blues,Melbourne Demons,2025-07-19 05:35:00,2025-07-19 05:35:20,1.97,,,,,2.0,2.03,1.81,,1.83,1.48,1.74,1.45,,,,1.45,,1.49,1.95,1.47,,1.87,,1.53,1.53,1.87,1.8,1.95,,,1.53,2.3,1.52,,,,,,,1.5,,1.51,,,,,,,,,1.52,1.46,1.46,,AFL,1.548,48.56,2.3,PointsBet (AU),Not Found,2025-07-19 05:46:02
Shandong Luneng Taishan FC @ Dalian Yingbo,Dalian Yingbo,2025-07-19 07:00:00,2025-07-19 05:59:55,2.48,2.7,2.43,2.43,2.38,,,2.48,2.48,2.5,2.52,2.65,2.55,2.6,,2.48,2.5,2.61,,2.75,2.74,2.6,,,2.45,2.6,,2.48,2.48,2.7,,2.78,2.55,2.65,2.67,2.67,,2.62,2.5,,,,2.6,2.39,,,2.55,2.5,,,,,,,,Super League - China,2.621,6.06,2.78,BetUS,Not Found,2025-07-19 06:00:47
Urawa Red Diamonds @ FC Tokyo,FC Tokyo,2025-07-19 06:00:00,2025-07-19 06:27:13,4.3,5.0,5.0,5.0,4.9,5.25,4.6,4.9,5.25,4.5,2.52,4.9,2.54,1.48,,,,,5.8,5.2,,4.75,2.5,4.75,4.6,,4.8,4.7,4.7,,,,,,,,,,,,,,,2.26,,4.2,4.5,4.3,,4.55,,,,,,J League,2.67,117.21,5.8,Betsson,Not Found,2025-07-19 06:27:34
Qingdao Hainiu FC @ Shenzhen Peng City FC,Qingdao Hainiu FC,2025-07-19 07:35:00,2025-07-19 06:27:19,3.15,3.4,3.05,3.05,3.0,,3.35,3.15,3.15,3.4,3.21,3.4,3.35,3.6,,3.1,3.4,3.65,3.35,3.7,3.58,3.5,,,3.3,3.3,,3.15,3.15,3.5,3.6,3.56,3.3,3.4,3.35,3.35,,3.59,3.2,,,3.4,3.4,3.25,3.2,,3.35,3.25,,,,,,,,Super League - China,3.334,10.98,3.7,Tipico,Not Found,2025-07-19 06:27:34
FC Anyang @ Jeju United FC,FC Anyang,2025-07-19 06:00:00,2025-07-19 06:27:00,3.7,3.6,3.6,3.6,3.55,3.7,3.65,3.7,3.7,4.0,3.49,3.55,3.7,3.9,,,,,3.65,3.6,,3.3,3.6,,3.2,,3.25,3.6,3.6,,,,3.78,,,,,,,,,,,3.08,,,3.5,3.4,,3.65,,,,,,K League 1,3.691,8.38,4.0,Paddy Power,Not Found,2025-07-19 06:27:34
Cerezo Osaka @ Shonan Bellmare,Shonan Bellmare,2025-07-19 06:00:00,2025-07-19 06:27:13,4.0,4.33,3.9,3.9,3.8,4.0,4.1,4.0,4.0,3.75,3.88,4.1,3.95,3.9,,,,,4.1,4.0,,3.75,3.9,3.5,3.4,,3.5,3.9,3.85,,,,,,,,,,,,,,,3.68,,3.9,4.0,3.85,,4.15,,,,,,J League,4.11,5.36,4.33,Coolbet,Not Found,2025-07-19 06:27:34
Daejeon Citizen @ Gangwon FC,Gangwon FC,2025-07-19 06:00:00,2025-07-19 06:44:51,2.6,2.88,2.55,2.55,2.5,2.6,2.85,2.6,2.6,2.62,2.55,3.0,2.54,2.55,,,,,2.85,2.7,,2.6,2.6,2.65,2.62,,2.7,2.55,2.55,,,,2.94,,,,,,,,,,,,,,2.45,2.35,,2.75,,,,,,K League 1,2.687,11.64,3.0,DraftKings,Not Found,2025-07-19 06:45:29
Shanghai Shenhua FC @ Beijing FC,Shanghai Shenhua FC,2025-07-19 07:35:00,2025-07-19 07:26:07,3.1,3.4,3.05,3.05,2.95,,3.3,3.1,3.1,3.4,3.6,3.4,3.5,3.5,,3.1,3.4,3.96,3.4,3.4,3.58,3.3,,,3.2,3.2,,3.1,3.1,3.3,3.3,3.5,3.2,3.35,3.15,3.15,,3.57,3.0,,,,3.25,,3.4,,3.35,3.2,,,,,,,,Super League - China,3.743,5.8,3.96,1xBet,Not Found,2025-07-19 07:26:09
SK Brann @ KFUM,SK Brann,2025-07-19 08:00:00,2025-07-19 08:45:10,7.5,8.5,23.0,7.0,23.0,7.5,8.2,26.0,7.5,7.0,2.79,8.0,7.75,6.0,,,,,7.7,25.0,,7.0,,,6.5,,6.5,,23.0,,8.0,,1.81,,,,,,,,,,,,,,7.0,27.0,,7.5,,,,,,Eliteserien - Norway,2.955,813.82,27.0,Winamax (FR),Not Found,2025-07-19 08:46:00
Meizhou Hakka @ Henan FC,Henan FC,2025-07-19 08:00:00,2025-07-19 08:45:54,1.6,1.67,1.6,1.6,1.57,,1.62,1.6,1.6,1.57,1.46,1.65,1.6,1.57,,,,,1.62,1.6,,1.6,,,,,,1.6,1.6,,1.65,,1.62,,,,,,,,,,,,,,1.58,1.56,,,,,,,,Super League - China,1.567,6.58,1.67,Coolbet,Not Found,2025-07-19 08:46:00
Örebro SK @ Umeå FC,Örebro SK,2025-07-19 09:00:00,2025-07-19 09:19:06,3.9,4.5,3.8,3.8,3.7,3.9,4.4,3.9,4.1,4.2,2.12,4.5,3.9,4.3,,,,,4.4,4.3,,3.75,,3.9,3.7,,3.8,,3.75,,3.75,,1.81,,,,,,,,,,,,,3.6,,,,,,,,,,Superettan - Sweden,2.307,95.06,4.5,DraftKings,Not Found,2025-07-19 09:19:32
Zagłębie Lubin @ Widzew Łódź,Zagłębie Lubin,2025-07-19 08:45:00,2025-07-19 09:18:51,3.9,4.33,3.8,3.8,3.7,3.9,3.9,3.9,3.9,4.0,3.3,4.3,3.95,3.7,,,,,3.65,4.0,,3.8,4.0,3.6,3.5,,3.6,3.8,3.8,,4.0,,,,,,,,,,,,,,,4.0,3.8,3.65,,3.9,,,,,,Ekstraklasa - Poland,3.537,22.43,4.33,Coolbet,Not Found,2025-07-19 09:19:32
Malmo FF @ Östers IF,Östers IF,2025-07-19 09:02:00,2025-07-19 09:43:48,16.0,18.0,14.0,14.0,14.0,16.0,16.0,16.0,16.0,13.0,5.35,16.0,14.0,13.0,,,,,16.0,16.0,,15.0,,15.0,12.0,,13.0,,14.0,,15.0,,1.81,,,,,,,,,,,,,13.0,12.5,12.0,,16.5,,,,,,Allsvenskan - Sweden,5.671,217.39,18.0,Coolbet,Not Found,2025-07-19 09:43:56
IF Elfsborg @ Djurgardens IF,IF Elfsborg,2025-07-19 09:00:00,2025-07-19 09:43:48,12.0,12.5,11.0,11.0,10.5,12.0,11.5,12.0,12.0,11.0,7.93,11.0,9.5,10.0,,,,,11.5,11.0,,11.0,,10.0,9.0,,9.0,,11.0,,11.0,,1.81,,,,,,,,,,,,,10.0,9.5,9.0,,11.0,,,,,,Allsvenskan - Sweden,8.441,48.09,12.5,Coolbet,Not Found,2025-07-19 09:43:56
Falkenbergs FF @ Östersunds FK,Falkenbergs FF,2025-07-19 09:00:00,2025-07-19 09:43:37,8.0,9.0,7.5,7.5,7.5,8.0,9.1,8.0,8.0,8.0,7.26,10.0,9.0,8.0,,,,,9.1,8.5,,8.0,,8.0,7.0,,7.5,,7.5,,10.0,,1.81,,,,,,,,,,,,,8.0,,,,,,,,,,Superettan - Sweden,7.983,25.27,10.0,DraftKings,Not Found,2025-07-19 09:43:56
Stromsgodset @ Molde,Stromsgodset,2025-07-19 10:00:00,2025-07-19 10:10:56,17.0,8.0,6.1,6.1,15.0,17.0,7.2,17.0,6.4,7.0,7.05,7.5,6.5,6.5,,,6.0,6.83,7.2,6.5,6.8,6.0,6.0,6.0,5.75,6.0,5.75,6.5,15.0,6.5,7.0,6.5,1.81,6.25,6.7,6.7,,6.6,5.8,,,,6.5,,6.25,,6.0,6.0,6.25,7.5,6.7,,,,,Eliteserien - Norway,7.312,132.48,17.0,Unibet,Not Found,2025-07-19 10:11:11
Örgryte IS @ IK Oddevold,IK Oddevold,2025-07-19 09:00:00,2025-07-19 10:32:03,19.0,22.0,19.0,19.0,18.0,19.0,21.0,19.0,19.0,21.0,10.35,23.0,18.0,16.0,,,,,21.0,25.0,,17.0,17.0,17.5,13.0,,15.0,,18.0,,21.0,,1.81,,,,,,,,,,,,,17.0,,,,,,,,,,Superettan - Sweden,11.432,118.69,25.0,Tipico,Not Found,2025-07-19 10:32:37
KuPS Kuopio @ VPS Vaasa,KuPS Kuopio,2025-07-19 09:59:00,2025-07-19 10:32:35,4.7,4.5,4.5,4.5,4.4,4.7,4.6,4.7,4.7,4.5,2.21,4.4,4.9,4.6,,,,,4.6,4.0,,4.0,2.2,3.9,3.8,,3.8,,4.5,,4.5,,1.81,,,,,,,,,,,,,,,,,,,,,,,Veikkausliiga - Finland,2.333,110.07,4.9,Bovada,Not Found,2025-07-19 10:32:37
GAIS @ Degerfors IF,GAIS,2025-07-19 11:30:00,2025-07-19 10:45:35,1.71,1.85,1.67,1.67,1.72,1.75,1.78,1.75,1.75,1.85,1.74,,1.82,1.8,,1.79,1.8,1.8,1.78,1.8,,,,1.87,1.83,1.83,1.75,1.7,1.7,1.8,,1.91,1.72,1.98,1.88,1.92,,1.83,1.7,,1.75,,1.75,1.66,1.8,1.85,1.76,1.68,,1.69,1.93,,,,,Allsvenskan - Sweden,1.816,9.02,1.98,PlayUp,Not Found,2025-07-19 10:46:05
Västerås SK @ Sandvikens IF,Sandvikens IF,2025-07-19 11:01:00,2025-07-19 11:40:12,23.0,7.5,20.0,20.0,20.0,23.0,7.2,23.0,7.5,6.5,6.31,6.5,7.25,7.0,,,,,7.2,15.0,,7.0,,7.0,6.5,,7.0,,20.0,,7.5,,1.81,,,,,,,,,,,,,6.0,,,,,,,,,,Superettan - Sweden,6.928,231.97,23.0,Unibet,Not Found,2025-07-19 11:40:13
Korona Kielce @ Wisła Płock,Korona Kielce,2025-07-19 11:31:00,2025-07-19 11:39:27,2.88,5.5,2.85,2.85,4.1,4.4,5.8,4.4,2.88,5.0,3.02,5.5,2.88,2.8,,,2.75,2.9,5.8,,2.89,5.0,2.9,5.0,4.8,,4.8,4.25,4.2,,5.5,2.88,,2.8,2.84,2.84,,,2.65,,2.85,2.7,2.9,,,5.0,6.0,5.7,,5.25,,,,,,Ekstraklasa - Poland,3.137,91.27,6.0,Winamax (DE),Not Found,2025-07-19 11:40:13
Bodø/Glimt @ Viking FK,Viking FK,2025-07-19 12:00:00,2025-07-19 12:24:50,3.05,3.0,3.0,3.0,2.95,3.05,2.88,3.05,3.05,3.0,3.05,3.0,5.75,3.1,,,,,2.88,2.9,,3.0,,2.8,2.75,,2.8,,3.0,,3.1,,1.81,,,,,,,,,,,,,,3.0,2.95,,2.73,,,,,,Eliteserien - Norway,3.236,77.71,5.75,Bovada,Not Found,2025-07-19 12:25:16
Union La Calera @ Unión Española,Unión Española,2025-07-19 12:30:00,2025-07-19 12:46:15,5.2,6.0,5.0,5.0,,,5.8,,,5.5,2.68,5.75,2.59,5.3,,,,,5.8,5.5,,4.75,5.0,5.0,5.0,,5.0,5.0,4.9,,5.75,,1.81,,,,,,,,,,,2.44,,,5.5,5.2,,,,,,,,Primera División - Chile,2.869,109.15,6.0,Coolbet,Not Found,2025-07-19 12:46:36
Gimnasia La Plata @ San Lorenzo,Gimnasia La Plata,2025-07-19 13:30:00,2025-07-19 13:19:11,3.75,,3.7,3.7,,,4.25,,,4.2,4.25,4.2,4.2,4.0,,3.75,4.2,4.72,4.25,,4.55,4.33,4.25,4.33,4.33,,,,,,4.0,,,4.2,4.68,4.68,,,3.85,,4.1,,4.1,,4.4,,,,4.2,3.97,4.2,,,,,Primera División - Argentina,4.396,7.37,4.72,1xBet,Not Found,2025-07-19 13:19:47
La Serena @ Colo Colo,La Serena,2025-07-19 15:00:00,2025-07-19 14:22:57,7.0,7.2,6.75,6.75,,,5.9,,,6.0,6.33,6.0,6.0,6.5,,6.75,6.0,6.47,5.9,6.5,6.4,5.75,6.0,5.75,5.25,5.25,5.25,7.0,7.0,,6.0,6.0,6.5,5.5,5.3,5.3,,6.14,5.6,,6.25,,,5.55,5.75,,6.0,5.6,5.5,,6.0,,,,,Primera División - Chile,6.599,9.1,7.2,Coolbet,Not Found,2025-07-19 14:23:23
Raków Częstochowa @ GKS Katowice,Raków Częstochowa,2025-07-19 14:16:00,2025-07-19 14:36:10,2.15,2.3,2.15,2.15,2.1,2.15,2.2,2.15,2.15,2.2,2.07,2.35,2.0,2.25,,,,,2.2,2.1,,2.2,2.2,2.2,2.15,,2.2,2.15,2.14,,2.3,,,,,,,,,,,,,,,2.25,2.15,2.1,,2.15,,,,,,Ekstraklasa - Poland,2.223,5.7,2.35,DraftKings,Not Found,2025-07-19 14:46:22
Bahia @ Fortaleza,Fortaleza,2025-07-19 15:00:00,2025-07-19 15:00:00,2.9,3.0,2.88,2.88,2.8,2.9,2.85,2.9,2.9,3.0,2.99,3.0,2.88,3.0,,,2.8,3.31,2.85,3.2,3.04,3.0,2.9,2.9,2.9,2.9,2.9,2.88,2.85,2.9,2.88,2.95,1.81,,2.88,2.88,,3.04,2.75,,2.9,,2.9,2.72,2.85,,2.8,2.7,2.8,2.85,2.88,,,,,Brazil Série A,3.09,7.11,3.31,1xBet,Not Found,2025-07-19 15:14:25
San Francisco Giants @ Toronto Blue Jays,San Francisco Giants,2025-07-19 15:07:00,2025-07-19 15:08:17,1.93,1.95,1.9,1.9,1.85,1.93,1.84,1.93,1.93,1.87,1.82,1.91,1.76,1.82,1.8,1.88,1.73,,1.84,1.8,1.8,1.95,1.8,1.91,1.75,1.75,1.75,1.89,1.88,1.8,,1.77,1.87,1.77,1.78,1.78,1.83,1.87,1.74,1.8,1.75,,1.76,1.78,1.77,1.83,1.94,1.86,,,,,,1.72,,MLB,1.854,5.15,1.95,Betway,Not Found,2025-07-19 15:14:25
Cuiabá @ Goiás,Draw,2025-07-19 15:00:00,2025-07-19 15:27:35,4.8,4.5,4.6,4.6,4.5,4.8,4.6,4.8,4.8,5.5,4.79,5.0,,5.3,,,,,4.6,5.2,,5.25,4.75,5.0,4.6,,4.8,4.6,4.5,,4.75,,1.81,,,,,,,,,,,,,,,,,,,,,,,Brazil Série B,5.2,5.77,5.5,Paddy Power,Not Found,2025-07-19 15:28:05
Rosario Central @ Lanus,Rosario Central,2025-07-19 15:30:00,2025-07-19 15:27:54,3.55,,3.5,3.5,,,3.85,,,4.2,3.98,3.9,3.75,4.3,,3.5,4.33,3.7,3.85,,3.84,3.75,3.7,3.7,3.75,,,,,,3.9,,,3.75,4.12,4.12,,,3.5,,3.75,,3.8,,3.75,,,,3.75,3.63,4.12,,,,,Primera División - Argentina,4.113,5.26,4.33,SportsBet,Not Found,2025-07-19 15:28:05
Cincinnati Reds @ New York Mets,Cincinnati Reds,2025-07-19 16:10:00,2025-07-19 15:52:45,2.45,2.48,2.48,2.48,2.38,2.5,2.37,2.48,2.45,2.38,2.48,2.43,2.46,2.46,2.4,2.48,2.46,2.44,2.37,2.4,2.41,2.45,2.4,2.5,2.5,2.5,2.5,2.45,2.5,2.38,,2.46,2.4,2.4,2.47,2.47,2.43,2.48,2.35,2.52,2.45,,2.7,2.4,2.55,2.45,2.4,2.4,,,,,,2.4,,MLB,2.531,6.68,2.7,Bet Right,Not Found,2025-07-19 15:53:02
Kansas City Royals @ Miami Marlins,Miami Marlins,2025-07-19 16:11:00,2025-07-19 16:39:27,1.56,1.57,1.55,1.55,1.51,1.56,1.51,1.56,1.56,1.53,1.43,1.54,1.48,1.57,1.61,1.54,,,1.53,1.55,,1.56,1.55,1.54,,,,1.55,1.54,,,,,,,,1.56,1.6,,1.55,,,,1.96,,,1.56,1.5,,,,,,,,MLB,1.495,31.12,1.96,Unibet (FR),Not Found,2025-07-19 16:41:20
Deportes Iquique @ Coquimbo Unido,Deportes Iquique,2025-07-19 17:30:00,2025-07-19 16:40:54,5.6,7.4,5.5,5.4,,,6.1,,,6.5,6.67,6.5,6.0,6.5,,5.5,6.0,6.35,6.1,7.0,,5.75,6.0,6.25,5.75,5.75,5.75,5.6,5.6,,6.5,5.1,6.75,5.75,5.1,5.1,,6.58,5.7,,6.5,5.5,,5.7,6.0,,6.25,5.9,5.5,,6.0,,,,,Primera División - Chile,6.963,6.28,7.4,Coolbet,Not Found,2025-07-19 16:41:20
Paysandu @ Coritiba,Paysandu,2025-07-19 17:30:00,2025-07-19 17:00:05,6.0,6.75,5.8,5.8,5.8,6.0,6.3,6.0,6.0,7.0,7.1,6.5,6.25,8.0,,6.0,7.5,6.51,6.3,6.7,6.9,6.0,6.0,6.0,5.75,5.75,5.75,5.8,5.8,6.5,6.5,5.5,6.75,6.5,5.5,5.5,,,,,,,,,,,,,,,,,,,,Brazil Série B,7.43,7.68,8.0,FanDuel,Not Found,2025-07-19 17:00:12
Grêmio @ Vasco da Gama,Grêmio,2025-07-19 16:30:00,2025-07-19 17:22:00,4.1,4.33,3.95,3.95,3.85,4.0,,4.0,4.0,4.0,3.61,4.3,4.1,3.7,,,,,,4.5,,4.2,3.8,3.9,,,,3.95,3.9,,4.2,,1.81,,,,,,,,,,,,,,3.95,3.8,,4.0,,,,,,Brazil Série A,3.824,17.68,4.5,Tipico,Not Found,2025-07-19 17:22:32
Vila Nova @ Avai,Vila Nova,2025-07-19 17:30:00,2025-07-19 18:00:39,3.85,3.8,3.8,3.8,3.7,3.85,3.9,3.85,3.85,4.2,3.68,3.95,,4.1,,,,,3.9,3.8,,4.0,3.8,3.9,3.75,,3.8,3.8,3.8,,,,1.81,,,,,,,,,,,,,,,,,,,,,,,Brazil Série B,3.946,6.45,4.2,Paddy Power,Not Found,2025-07-19 18:01:02
Los Angeles Angels @ Philadelphia Phillies,Los Angeles Angels,2025-07-19 18:05:00,2025-07-19 18:00:35,2.08,2.1,2.08,2.08,2.02,2.08,2.07,2.08,2.08,1.95,2.09,2.13,2.06,2.06,2.05,2.08,2.03,2.09,2.07,2.1,2.07,2.15,2.1,2.15,2.15,2.15,2.15,2.08,2.08,2.1,,2.09,2.05,2.05,2.09,2.09,2.1,2.1,2.05,2.09,2.05,,2.25,2.1,2.1,2.05,2.1,2.05,,,,,,2.02,,MLB,2.13,5.65,2.25,Bet Right,Not Found,2025-07-19 18:01:02
Sarmiento de Junin @ Godoy Cruz,Sarmiento de Junin,2025-07-19 17:53:00,2025-07-19 18:25:38,5.5,,5.4,5.4,,,6.3,,,5.5,5.9,7.0,,5.6,,,,,6.3,,,5.75,6.0,5.25,5.25,,,,,,6.5,,,,,,,,,,,,,,,,,,,6.5,,,,,,Primera División - Argentina,6.294,11.21,7.0,DraftKings,Not Found,2025-07-19 18:25:59
Velez Sarsfield BA @ Platense,Velez Sarsfield BA,2025-07-19 17:49:00,2025-07-19 18:25:38,3.95,,3.85,3.85,,,4.2,,,3.5,3.71,4.3,3.65,3.8,,,,,4.2,,,4.0,3.9,3.5,3.6,,,,,,4.33,,,,,,,,,,,,,,,,,,,4.0,,,,,,Primera División - Argentina,3.944,9.8,4.33,Bet Victor,Not Found,2025-07-19 18:25:59
Chicago White Sox @ Pittsburgh Pirates,Chicago White Sox,2025-07-19 18:41:00,2025-07-19 18:42:32,2.25,2.3,2.2,2.2,2.16,2.25,2.07,2.25,2.25,2.25,2.15,2.07,2.09,2.26,2.1,2.18,2.15,2.17,2.12,2.3,2.09,2.15,2.25,2.25,2.15,2.15,2.15,2.2,2.2,2.1,,2.18,2.15,2.12,2.13,2.13,2.25,2.35,,2.15,2.15,,2.3,2.1,2.18,2.15,2.15,2.05,,,2.18,,,2.05,,MLB,2.194,7.09,2.35,GTbets,Not Found,2025-07-19 18:42:45
Santos @ Mirassol,Mirassol,2025-07-19 17:32:00,2025-07-19 18:52:37,3.45,3.4,3.35,3.4,3.3,3.45,3.4,3.45,3.6,3.75,3.11,3.55,3.2,3.7,,,,,3.3,3.1,,3.4,3.25,3.4,3.4,,3.4,3.5,3.35,,3.4,,1.81,,,,,,,,,,,,,,3.4,3.3,,3.45,,,,,,Brazil Série A,3.288,14.05,3.75,Paddy Power,Not Found,2025-07-19 18:53:17
St. Louis Cardinals @ Arizona Diamondbacks,St. Louis Cardinals,2025-07-19 19:16:00,2025-07-19 19:24:52,2.7,2.7,2.3,2.3,2.6,2.7,2.48,2.7,2.7,2.62,1.8,2.63,2.2,2.26,2.45,2.6,1.74,,2.48,2.5,1.79,2.65,2.5,2.9,1.72,1.72,1.73,2.63,2.63,1.73,,1.77,2.5,1.75,1.77,1.77,2.6,2.6,1.71,1.95,1.74,,1.76,1.74,1.77,2.4,2.65,2.55,,,1.78,,,1.75,,MLB,1.837,57.85,2.9,BetMGM,Not Found,2025-07-19 19:26:25
Boston Red Sox @ Chicago Cubs,Boston Red Sox,2025-07-19 19:16:00,2025-07-19 19:23:58,3.35,3.25,3.25,3.25,3.15,3.35,3.25,3.35,3.35,3.4,2.14,3.36,2.5,2.58,3.25,3.2,2.27,,3.25,3.1,2.29,3.25,3.1,3.5,2.25,2.25,2.3,3.25,3.2,2.3,,2.3,3.2,2.28,2.34,2.34,3.15,3.22,2.2,2.3,2.25,2.25,2.28,2.26,2.35,3.25,3.25,3.05,,,2.33,,,2.25,,MLB,2.244,55.96,3.5,BetMGM,Not Found,2025-07-19 19:26:25
Baltimore Orioles @ Tampa Bay Rays,Baltimore Orioles,2025-07-19 19:06:00,2025-07-19 19:24:52,1.43,1.45,1.42,1.42,1.38,1.43,1.36,1.43,1.43,1.4,1.56,1.41,1.48,1.43,1.4,1.41,,,1.36,1.37,,1.43,1.4,1.36,,,,1.42,1.41,2.1,,,1.44,,,,1.43,1.42,,1.5,,,,2.02,,1.36,1.43,1.4,,,,,,,,MLB,1.637,28.3,2.1,William Hill,Not Found,2025-07-19 19:26:25
New York Yankees @ Atlanta Braves,Atlanta Braves,2025-07-19 19:16:00,2025-07-19 19:24:52,1.92,1.9,1.9,1.9,1.85,1.92,1.89,1.92,1.92,1.91,1.94,1.87,1.83,1.96,1.91,1.88,2.07,,1.89,1.85,2.06,1.91,1.9,1.91,2.1,2.1,2.1,1.89,1.88,2.1,,2.15,1.9,2.08,2.17,2.17,1.87,1.9,2.0,1.85,2.1,2.05,2.25,2.05,2.13,1.8,1.88,1.78,,,2.11,,,2.05,,MLB,2.032,10.73,2.25,Bet Right,Not Found,2025-07-19 19:26:25
Detroit Tigers @ Texas Rangers,Detroit Tigers,2025-07-19 19:08:05,2025-07-19 19:25:47,2.23,2.25,2.2,2.2,2.15,2.23,2.08,2.23,2.23,2.2,2.0,2.12,2.1,2.18,2.2,2.17,,,2.08,2.2,,2.25,2.15,2.25,,,,2.2,2.18,2.0,,,2.15,,,,2.2,2.26,,1.95,,,,1.97,,2.05,2.25,2.1,,,,,,,,MLB,2.093,7.98,2.26,GTbets,Not Found,2025-07-19 19:26:25
Inter Miami CF @ New York Red Bulls,Draw,2025-07-19 19:40:00,2025-07-19 19:26:05,3.7,3.6,3.6,3.7,3.65,3.7,3.7,3.7,3.7,3.5,3.64,3.6,3.95,3.5,,3.8,3.5,3.56,3.7,,3.56,3.5,3.5,,3.4,3.4,3.4,3.65,3.65,3.6,3.8,3.75,3.6,3.55,3.68,3.68,,3.58,3.45,3.7,3.6,,3.55,3.4,3.6,3.6,3.65,3.45,3.75,3.45,,,,,,MLS,3.761,5.03,3.95,Bovada,Not Found,2025-07-19 19:26:25
Atletico Paranaense @ Volta Redonda,Draw,2025-07-19 19:30:00,2025-07-19 19:41:59,2.75,2.6,2.75,2.75,2.65,2.75,,2.75,2.8,2.75,2.61,2.6,2.66,2.78,,2.95,2.75,2.83,,2.6,2.8,2.6,2.6,,,,,2.75,2.7,2.7,2.62,2.8,1.81,2.75,2.81,2.81,,,,,,,,,,,,,,,,,,,,Brazil Série B,2.797,5.46,2.95,BetRivers,Not Found,2025-07-19 19:42:08
Oakland Athletics @ Cleveland Guardians,Cleveland Guardians,2025-07-19 19:11:00,2025-07-19 19:41:44,1.7,1.75,1.65,1.65,1.61,1.66,1.65,1.66,1.7,1.67,1.59,1.68,1.57,1.68,,1.63,,,1.65,1.65,,1.74,1.7,1.69,,,,1.68,1.64,,,,1.71,,,,1.62,1.7,,1.75,,,,1.74,,1.67,1.74,1.68,,,,,,,,MLB,1.665,5.09,1.75,Coolbet,Not Found,2025-07-19 19:42:08
Chicago Fire @ CF Montreal,CF Montreal,2025-07-19 19:30:00,2025-07-19 19:59:35,6.1,6.5,5.8,5.8,5.6,6.1,5.8,6.1,6.1,6.0,2.87,6.0,2.88,5.7,,,,,6.3,,,5.25,6.0,,5.75,,5.5,5.8,5.75,,5.75,,5.5,,,,,,,2.7,,,,2.65,,5.5,5.0,4.9,,5.75,,,,,,MLS,3.031,114.46,6.5,Coolbet,Not Found,2025-07-19 20:00:03
Charlotte FC @ Atlanta United FC,Charlotte FC,2025-07-19 19:30:00,2025-07-19 19:59:35,6.5,6.5,6.25,6.25,6.0,6.5,2.92,6.5,6.5,3.0,2.88,6.0,2.88,2.8,,,,,6.3,,,2.75,2.9,,2.8,,2.8,6.25,6.1,,3.0,,,,,,,,,2.75,,,,2.72,,5.0,5.1,4.8,,2.85,,,,,,MLS,3.041,113.76,6.5,Unibet,Not Found,2025-07-19 20:00:03
Orlando City SC @ New England Revolution,New England Revolution,2025-07-19 19:30:00,2025-07-19 19:59:35,6.5,5.5,6.25,6.25,6.1,6.5,5.8,6.5,6.5,6.0,2.98,6.0,3.1,5.8,,,,,5.35,,,3.0,2.9,,6.0,,5.75,6.25,6.25,,3.0,,6.0,,,,,,,2.9,,,,2.68,,5.0,5.1,2.8,,5.5,,,,,,MLS,3.148,106.46,6.5,Unibet,Not Found,2025-07-19 20:00:03
Fremantle Dockers @ Collingwood Magpies,Fremantle Dockers,2025-07-20 01:20:00,2025-07-19 23:52:04,3.05,3.15,,,,3.1,2.94,3.1,,2.88,2.88,2.85,3.2,,,,3.07,,2.94,3.3,2.99,,3.1,,3.3,3.3,3.1,3.1,3.1,,,3.45,3.1,3.05,,,,,,,3.1,,3.05,,2.75,,,,,,,,3.05,3.0,,AFL,3.014,14.47,3.45,BetUS,Not Found,2025-07-19 23:52:20
Gold Coast Suns @ Adelaide Crows,Gold Coast Suns,2025-07-20 02:40:00,2025-07-20 02:40:44,6.1,,,,,6.0,5.11,6.0,,6.0,3.45,5.25,5.5,,,,3.25,,3.23,4.7,3.38,,5.0,,3.5,3.5,4.75,5.6,5.6,,,3.3,5.75,3.65,,,,,,,3.6,,3.35,,,,,,,,,,3.4,3.5,,AFL,3.634,67.88,6.1,Unibet,Not Found,2025-07-20 02:52:25
Kashiwa Reysol @ Kashima Antlers,Kashima Antlers,2025-07-20 05:00:00,2025-07-20 05:25:08,1.57,1.62,1.57,1.57,1.55,1.56,1.58,1.56,1.56,1.44,1.64,1.62,1.63,1.53,,,,,1.58,1.6,,1.6,1.58,1.53,1.53,,1.55,1.56,1.56,,,,,,,,,,,,,,,2.35,,1.61,1.56,1.54,,1.56,,,,,,J League,1.742,34.94,2.35,Unibet (FR),Not Found,2025-07-20 05:25:49
GIF Sundsvall @ Varbergs BoIS,GIF Sundsvall,2025-07-20 07:00:00,2025-07-20 05:39:16,5.0,5.1,4.9,5.0,4.75,5.0,4.95,5.0,5.0,5.0,5.13,5.0,4.95,5.5,,4.9,5.0,5.34,4.95,5.5,5.5,4.75,5.0,5.0,4.8,,4.8,5.0,5.0,5.0,5.5,5.15,5.75,4.85,4.6,4.6,,,,,,4.75,,,4.75,5.0,,,,,4.6,,,,,Superettan - Sweden,5.389,6.7,5.75,PointsBet (AU),Not Found,2025-07-20 05:39:29
Ulsan Hyundai FC @ FC Seoul,Ulsan Hyundai FC,2025-07-20 06:00:00,2025-07-20 05:55:40,2.9,3.5,2.9,2.9,2.85,2.9,3.2,2.9,2.9,3.1,3.18,3.45,3.4,3.1,,2.95,3.1,3.54,3.2,3.4,3.44,3.3,3.4,3.3,3.1,3.1,3.1,2.9,2.9,3.5,,,3.3,3.4,3.15,3.15,,,3.1,,3.3,,,3.0,,,3.25,3.15,,3.15,,,,,,K League 1,3.283,7.81,3.54,1xBet,Not Found,2025-07-20 05:55:52
Hiroshima Sanfrecce FC @ Albirex Niigata,Albirex Niigata,2025-07-20 06:00:00,2025-07-20 05:59:28,13.0,14.0,12.0,12.0,11.5,13.0,12.5,13.0,13.0,13.0,6.31,14.0,11.0,14.0,,,6.0,5.56,12.5,16.0,,5.5,13.0,13.0,5.25,5.25,12.0,12.0,11.5,5.5,,,,5.5,5.9,6.1,,,5.3,,5.75,5.5,5.75,5.1,6.0,13.0,13.0,12.5,,,6.0,,,,,J League,6.544,144.51,16.0,Tipico,Not Found,2025-07-20 06:14:21
Kawasaki Frontale @ Gamba Osaka,Gamba Osaka,2025-07-20 06:00:00,2025-07-20 06:13:52,4.6,5.0,4.4,4.4,4.35,4.6,4.85,4.6,4.6,5.5,2.75,4.8,2.57,5.4,,,2.6,2.82,4.6,4.7,,4.5,2.7,4.75,2.5,2.5,4.6,4.4,4.4,2.7,,,,2.6,2.7,2.7,,,2.5,,2.6,2.5,2.65,2.52,2.7,4.33,4.6,4.4,,4.9,2.7,,,,,J League,2.91,88.98,5.5,Paddy Power,Not Found,2025-07-20 06:14:21
Haugesund @ Vålerenga,Haugesund,2025-07-20 08:30:00,2025-07-20 06:14:15,8.0,7.55,8.0,8.0,8.0,8.0,7.1,8.0,8.0,7.0,7.5,7.0,7.0,7.0,,8.5,6.5,7.46,7.1,7.0,7.4,6.5,7.0,6.75,6.0,6.0,6.0,8.0,8.0,7.0,7.0,6.75,7.0,6.75,6.7,6.7,,6.94,6.4,,,6.0,7.0,,6.5,,6.75,6.25,6.5,6.6,6.75,,,,,Eliteserien - Norway,7.776,9.3,8.5,BetRivers,Not Found,2025-07-20 06:14:21
Nagoya Grampus @ Yokohama F Marinos,Nagoya Grampus,2025-07-20 06:03:00,2025-07-20 06:41:06,6.4,2.75,2.55,2.55,5.8,6.4,2.7,6.4,6.4,2.62,2.74,8.0,2.8,2.5,,,,,2.65,6.5,,2.7,2.8,,2.6,,2.6,6.0,6.0,,,,,,,,,,,,,,,2.35,,7.0,6.0,5.8,,2.5,,,,,,J League,2.903,175.6,8.0,DraftKings,Not Found,2025-07-20 06:41:34
FC Machida Zelvia @ Tokyo Verdy,Tokyo Verdy,2025-07-20 05:03:00,2025-07-20 06:41:06,26.0,25.0,20.0,20.0,20.0,25.0,24.0,25.0,25.0,26.0,20.05,31.0,24.0,22.0,,,,,24.0,20.0,,23.0,26.0,23.0,19.0,,19.0,20.0,20.0,,,,,,,,,,,,,,,,,23.0,24.0,24.0,,23.0,,,,,,J League,21.288,45.62,31.0,DraftKings,Not Found,2025-07-20 06:41:34
Yokohama FC @ Shimizu S Pulse,Yokohama FC,2025-07-20 05:33:00,2025-07-20 06:41:06,8.0,10.0,7.5,7.5,7.5,8.0,9.6,8.0,8.0,9.0,8.05,11.0,10.0,9.0,,,,,9.6,12.0,,8.5,7.5,8.75,7.5,,7.5,7.5,7.5,,,,,,,,,,,,,,,,,8.5,9.0,8.5,,9.5,,,,,,J League,8.616,39.27,12.0,Tipico,Not Found,2025-07-20 06:41:34
Vissel Kobe @ Fagiano Okayama,Fagiano Okayama,2025-07-20 06:03:00,2025-07-20 06:41:06,20.0,18.0,17.0,17.0,16.0,20.0,17.5,20.0,20.0,17.0,15.43,21.0,19.0,21.0,,,,,17.5,20.0,,17.0,17.0,17.0,15.0,,15.0,17.0,17.0,,,,,,,,,,,,,,,4.5,,17.0,18.0,18.0,,,,,,,,J League,16.454,27.63,21.0,DraftKings,Not Found,2025-07-20 06:41:34
FC Nordsjaelland @ FC Fredericia,FC Fredericia,2025-07-20 08:00:00,2025-07-20 06:53:02,5.0,4.4,4.9,4.9,5.0,5.0,4.55,5.0,5.0,4.4,4.69,4.4,4.35,4.5,,5.2,4.2,4.24,4.55,4.4,4.3,4.33,4.25,4.1,3.8,3.8,3.8,4.9,5.0,4.0,4.2,4.53,4.0,4.1,4.4,4.4,,4.27,4.25,,4.25,4.0,4.2,,4.4,,4.4,4.2,4.2,4.33,4.4,,,,4.6,Denmark Superliga,4.861,6.97,5.2,BetRivers,Not Found,2025-07-20 06:53:26
Randers FC @ Vejle Boldklub,Randers FC,2025-07-20 08:00:00,2025-07-20 06:59:36,2.04,2.1,1.96,1.96,2.0,2.04,2.11,2.04,2.04,1.9,2.0,2.05,1.93,1.91,,2.08,1.85,1.98,2.11,2.15,2.18,2.2,2.2,2.15,2.1,2.1,2.1,2.0,2.0,2.2,1.95,1.98,1.95,2.15,2.0,2.2,,,1.95,,2.05,2.15,2.05,,1.95,,2.0,2.0,2.1,1.91,1.98,,,,2.02,Denmark Superliga,2.068,6.38,2.2,Betway,Not Found,2025-07-20 07:00:32
AIK @ Mjällby AIF,AIK,2025-07-20 08:03:00,2025-07-20 08:40:19,4.1,4.0,4.0,4.0,3.9,4.1,3.9,4.1,4.1,4.2,3.77,4.0,4.25,4.0,,,,,4.1,4.3,,3.75,,3.9,3.7,,3.8,,4.0,,3.9,,,,,,,,,,,,,,,3.8,3.8,3.65,,3.85,,,,,,Allsvenskan - Sweden,3.996,7.61,4.3,Tipico,Not Found,2025-07-20 08:40:50
Bryne FK @ Tromso,Draw,2025-07-20 11:00:00,2025-07-20 08:40:16,4.1,3.9,4.0,4.0,4.0,4.1,3.95,4.1,4.1,3.7,3.81,3.85,3.95,3.7,,4.2,3.6,3.83,3.95,3.8,3.8,3.6,3.6,3.75,3.6,3.6,3.6,4.0,4.1,3.7,3.75,3.89,3.7,3.55,3.9,3.9,,3.88,3.7,,,3.75,3.75,,3.5,,3.85,3.65,4.0,3.75,,,,,,Eliteserien - Norway,3.946,6.43,4.2,BetRivers,Not Found,2025-07-20 08:40:50
AGF Aarhus @ SonderjyskE,Draw,2025-07-20 10:00:00,2025-07-20 08:40:24,3.6,3.3,3.45,3.45,3.5,3.6,3.3,3.6,,3.1,3.35,3.3,3.25,,,3.65,3.0,3.42,3.3,3.2,3.42,3.2,3.1,,3.1,3.1,3.1,3.5,3.5,3.2,3.25,3.3,3.1,3.1,3.3,3.3,,3.34,3.1,,3.2,3.1,3.2,,3.25,,3.25,3.15,,3.2,,,,,3.45,Denmark Superliga,3.46,5.48,3.65,BetRivers,Not Found,2025-07-20 08:40:50
IF Brommapojkarna @ Hammarby IF,Draw,2025-07-20 10:30:00,2025-07-20 08:40:19,4.5,4.35,4.3,4.3,4.4,4.5,4.15,4.5,4.5,4.0,4.18,4.1,4.05,4.1,,4.6,3.9,4.2,4.15,4.0,,4.2,,4.1,3.8,3.8,3.8,4.3,4.3,3.9,4.0,4.05,3.8,3.85,4.25,4.25,,4.16,3.9,,3.8,3.8,3.95,3.92,4.1,4.0,4.1,3.9,,4.0,,,,,,Allsvenskan - Sweden,4.372,5.22,4.6,BetRivers,Not Found,2025-07-20 08:40:50
IF Gnistan @ SJK Seinäjoki,IF Gnistan,2025-07-20 09:01:00,2025-07-20 09:17:58,2.55,2.4,2.5,2.5,2.45,2.55,2.45,2.55,2.55,2.5,2.55,2.4,4.6,2.5,,,,,2.4,2.55,,2.3,2.4,2.2,2.15,,2.2,,2.5,,2.4,,1.81,,,,,,,,,,,3.6,,,,,,,,,,,,Veikkausliiga - Finland,2.689,71.07,4.6,Bovada,Not Found,2025-07-20 09:18:23
IK Brage @ Kalmar FF,IK Brage,2025-07-20 09:00:00,2025-07-20 09:17:36,18.0,20.0,16.0,16.0,16.0,18.0,17.5,18.0,18.0,21.0,14.27,20.0,16.0,22.0,,,,,17.5,22.0,,17.0,,18.5,15.0,,15.0,,16.0,,21.0,,1.81,,,,,,,,,,,,,17.0,,,,,,,,,,Superettan - Sweden,15.707,40.07,22.0,FanDuel,Not Found,2025-07-20 09:18:23
BK Hacken @ Halmstads BK,Halmstads BK,2025-07-20 10:30:00,2025-07-20 09:17:59,3.8,3.6,3.75,3.75,3.85,3.9,3.45,3.9,3.9,3.4,3.58,3.5,3.5,3.4,,4.0,3.3,3.52,3.45,3.5,,3.4,,3.4,3.2,3.2,3.2,3.8,3.8,3.4,3.3,3.5,3.3,3.3,3.4,3.4,,3.45,3.3,,3.4,3.2,3.4,3.28,3.45,3.5,3.4,3.25,,3.33,,,,,,Allsvenskan - Sweden,3.737,7.04,4.0,BetRivers,Not Found,2025-07-20 09:18:23
Lechia Gdańsk @ Górnik Zabrze,Lechia Gdańsk,2025-07-20 08:47:00,2025-07-20 09:29:39,9.0,11.0,8.5,8.5,8.0,9.0,9.6,9.0,,9.0,3.09,11.0,9.5,8.5,,,,,9.6,11.0,,8.5,8.5,9.0,8.5,,8.5,8.5,8.0,,10.0,,,,,,,,,,,,,,,8.5,8.5,8.0,,11.25,,,,,,Ekstraklasa - Poland,3.316,239.26,11.25,Betclic (FR),Not Found,2025-07-20 09:44:06
IFK Goteborg @ IK Sirius,IK Sirius,2025-07-20 08:01:00,2025-07-20 09:43:34,26.0,25.0,21.0,21.0,25.0,26.0,21.0,26.0,,26.0,11.53,23.0,21.0,25.0,,,,,21.0,25.0,,19.0,,23.0,17.0,,19.0,,21.0,,,,,,,,,,,,,,,,,19.0,19.0,19.0,,20.0,,,,,,Allsvenskan - Sweden,12.297,111.43,26.0,Unibet,Not Found,2025-07-20 09:44:06
Ceará @ Internacional,Ceará,2025-07-20 10:00:00,2025-07-20 10:31:40,18.0,18.0,16.0,16.0,16.0,18.0,17.5,18.0,18.0,17.0,6.74,19.0,17.0,13.6,,,,,16.0,20.0,,17.0,17.0,,,,,16.0,16.0,,17.0,,,,,,,,,,,,,,,,20.0,19.0,,19.0,,,,,,Brazil Série A,7.16,179.31,20.0,Tipico,Not Found,2025-07-20 10:32:24
Baltimore Orioles @ Tampa Bay Rays,Baltimore Orioles,2025-07-20 12:11:00,2025-07-20 10:31:57,2.05,2.06,2.08,2.08,2.0,2.08,2.02,2.08,2.05,2.0,2.1,2.04,2.03,2.08,2.05,2.07,2.05,2.07,2.02,2.05,2.05,2.05,2.05,2.05,2.05,2.05,2.05,2.05,2.08,2.0,,2.1,2.05,2.02,2.08,2.08,2.05,2.09,2.0,2.06,2.05,2.0,2.25,2.02,2.1,2.05,2.0,2.0,,,,,,2.02,,MLB,2.141,5.08,2.25,Bet Right,Not Found,2025-07-20 10:32:24
Kristiansund BK @ Sandefjord,Kristiansund BK,2025-07-20 11:00:00,2025-07-20 11:24:32,46.0,33.0,12.5,12.5,35.0,46.0,29.0,46.0,46.0,12.0,5.95,15.0,12.0,13.0,,,,,29.0,15.0,,12.0,13.0,,11.0,,11.0,,36.0,,13.0,,1.81,,,,,,,,,,,,,,12.0,11.0,,13.0,,,,,,Eliteserien - Norway,6.325,627.26,46.0,Unibet (NL),Not Found,2025-07-20 11:25:06
AC Oulu @ HJK Helsinki,AC Oulu,2025-07-20 11:30:00,2025-07-20 11:24:16,4.6,6.4,4.6,4.6,4.4,4.6,5.4,4.6,4.6,5.0,5.5,5.25,5.05,5.4,,4.6,5.0,5.64,5.35,5.2,5.0,4.75,4.75,5.0,4.6,4.6,4.6,4.6,4.6,5.0,4.8,5.05,5.0,4.75,5.3,5.2,,5.26,4.7,,,,4.9,4.7,4.75,,,,,,5.3,,,,,Veikkausliiga - Finland,5.702,12.24,6.4,Coolbet,Not Found,2025-07-20 11:25:06
Ilves Tampere @ Jaro,Jaro,2025-07-20 11:30:00,2025-07-20 11:56:20,5.6,5.5,5.4,5.4,5.25,5.6,5.6,5.6,5.6,6.5,5.57,5.5,5.75,6.5,,,,,5.6,6.5,,5.25,5.5,4.8,4.6,,4.8,,5.3,,6.0,,1.81,,,,,,,,,,,4.8,,,,,,,,,,,,Veikkausliiga - Finland,5.91,9.97,6.5,Paddy Power,Not Found,2025-07-20 11:56:55
San Francisco Giants @ Toronto Blue Jays,San Francisco Giants,2025-07-20 12:06:00,2025-07-20 12:20:02,1.97,2.05,2.07,2.07,2.02,2.12,1.98,2.12,2.07,1.87,1.64,1.97,1.74,1.9,2.0,1.93,1.9,,1.65,1.95,,1.95,2.05,1.98,1.98,1.98,2.0,2.07,2.06,1.91,,,1.95,,1.99,2.01,1.91,2.03,,1.75,,1.91,,1.92,,,1.94,1.92,,,,,,,,MLB,1.716,23.53,2.12,Casumo,Not Found,2025-07-20 12:20:19
OB Odense BK @ FC Midtjylland,OB Odense BK,2025-07-20 12:01:00,2025-07-20 12:20:00,3.55,3.6,3.45,3.45,3.35,3.55,3.5,3.55,3.55,3.0,3.21,3.7,3.5,,,,,,3.5,3.4,,3.1,3.15,2.88,2.8,,2.87,,3.4,,3.5,,1.81,,,,,,,,,,,,,,3.45,3.4,,3.25,,,,,3.3,Denmark Superliga,3.398,8.9,3.7,DraftKings,Not Found,2025-07-20 12:20:19
Arka Gdynia @ Motor Lublin,Arka Gdynia,2025-07-20 11:30:00,2025-07-20 12:19:43,3.25,3.25,3.2,3.2,3.15,3.25,3.15,3.25,3.25,3.0,2.89,3.2,3.12,3.1,,,,,3.15,3.3,,3.0,3.1,2.88,2.87,,2.87,3.2,3.2,,3.12,,,,,,,,,,,,,,,3.1,3.05,2.95,,3.05,,,,,,Ekstraklasa - Poland,3.098,6.51,3.3,Tipico,Not Found,2025-07-20 12:20:19
Universidad Católica (CHI) @ Audax Italiano,Audax Italiano,2025-07-20 12:30:00,2025-07-20 12:29:42,7.0,7.0,6.75,6.75,,,2.75,,,2.75,2.91,7.0,2.95,3.0,,,2.7,2.78,2.75,5.5,2.88,6.5,2.8,,5.75,2.7,6.0,6.75,6.0,,7.0,2.65,1.81,2.7,2.85,2.85,,2.79,2.6,,2.75,,,2.55,2.7,,6.25,6.0,2.7,,2.65,,,,,Primera División - Chile,3.022,131.67,7.0,Unibet,Not Found,2025-07-20 12:43:30
Cincinnati Reds @ New York Mets,Cincinnati Reds,2025-07-20 13:41:00,2025-07-20 13:12:12,2.17,2.15,2.17,2.17,2.12,2.17,2.12,2.17,2.17,2.15,2.22,2.17,2.15,2.16,2.15,2.17,2.14,2.17,2.12,2.2,2.15,2.2,2.15,2.15,2.15,2.15,2.15,2.17,2.17,2.1,,2.19,2.15,2.12,2.18,2.18,2.15,2.2,2.1,2.18,2.15,,2.4,2.14,2.2,2.15,2.15,2.1,,,,,,2.15,,MLB,2.261,6.13,2.4,Bet Right,Not Found,2025-07-20 13:12:30
Los Angeles Angels @ Philadelphia Phillies,Los Angeles Angels,2025-07-20 13:36:00,2025-07-20 13:12:12,2.43,2.43,2.48,2.48,2.35,2.48,2.37,2.48,2.43,2.3,2.42,2.45,2.39,2.38,2.4,2.45,2.37,2.46,2.37,2.4,2.44,2.45,2.4,2.4,2.4,2.4,2.4,2.43,2.48,2.38,,2.46,2.4,2.35,2.45,2.45,2.4,2.45,2.4,2.47,2.4,,2.6,2.4,2.45,2.4,2.4,2.4,,,,,,2.35,,MLB,2.467,5.41,2.6,Bet Right,Not Found,2025-07-20 13:12:30
San Diego Padres @ Washington Nationals,Washington Nationals,2025-07-20 13:36:00,2025-07-20 13:46:00,7.0,7.0,6.5,6.5,6.25,7.0,6.4,7.0,6.25,7.0,2.09,6.36,2.04,6.2,6.2,6.4,2.02,,2.39,6.0,1.99,6.5,6.5,6.5,2.05,2.05,2.05,6.5,6.4,2.0,,2.07,5.5,2.02,2.05,2.05,7.0,7.01,1.97,1.95,2.0,,2.05,2.01,2.09,,7.0,6.75,,,,,,1.98,,MLB,2.13,229.15,7.01,GTbets,Not Found,2025-07-20 13:46:46
Chicago White Sox @ Pittsburgh Pirates,Pittsburgh Pirates,2025-07-20 13:36:00,2025-07-20 13:46:00,3.0,1.8,1.84,1.84,2.85,3.0,1.72,3.0,2.95,1.8,1.72,2.87,1.67,3.1,2.75,2.88,1.7,1.74,1.72,3.0,1.72,3.0,1.7,3.5,1.7,1.7,1.7,2.9,2.9,1.67,,1.71,,1.68,1.7,1.7,3.9,3.11,,1.95,1.67,1.67,1.81,1.67,1.71,2.88,3.9,2.8,,,,,,1.66,,MLB,1.754,122.3,3.9,Winamax (DE),Not Found,2025-07-20 13:46:46
New York Yankees @ Atlanta Braves,Atlanta Braves,2025-07-20 13:38:00,2025-07-20 13:46:00,2.5,2.6,2.45,2.45,2.4,2.5,2.5,2.5,2.5,2.38,1.79,2.59,1.76,2.48,2.45,2.43,1.76,,2.58,2.5,1.76,2.65,2.7,2.55,1.75,1.75,1.75,2.45,2.45,1.73,,1.79,2.45,1.75,1.8,1.8,2.5,2.54,1.71,2.1,1.75,1.73,1.76,1.74,1.8,2.5,2.6,2.45,,,,,,1.75,,MLB,1.825,47.95,2.7,TAB,Not Found,2025-07-20 13:46:46
Independiente Rivadavia @ Barracas Central,Independiente Rivadavia,2025-07-20 13:30:00,2025-07-20 13:32:21,3.5,,3.45,3.45,,,3.2,,,2.75,3.26,3.35,3.3,2.75,,,3.1,,3.2,,,3.25,3.2,3.1,3.2,,,,,,3.9,,,,,,,,,,,3.1,,,,,,,3.1,3.2,,,,,,Primera División - Argentina,3.47,12.4,3.9,Bet Victor,Not Found,2025-07-20 13:46:46
Oakland Athletics @ Cleveland Guardians,Oakland Athletics,2025-07-20 13:41:00,2025-07-20 13:46:00,2.1,2.1,2.08,2.08,2.02,2.1,2.07,2.1,2.1,2.15,1.91,2.07,1.86,2.16,,2.06,1.91,,1.98,1.95,1.91,2.05,2.05,2.18,1.9,1.9,1.91,2.08,2.07,1.91,,1.91,2.05,1.87,1.92,1.92,2.0,2.03,1.83,2.0,1.88,1.87,2.1,1.86,1.91,2.0,2.05,1.98,,,,,,1.9,,MLB,1.95,11.78,2.18,BetMGM,Not Found,2025-07-20 13:46:46
Fredrikstad FK @ HamKam,Fredrikstad FK,2025-07-20 13:15:00,2025-07-20 13:46:36,5.3,6.0,5.1,5.1,5.0,5.3,5.8,5.3,5.3,5.0,5.2,6.0,4.9,5.0,,,,,5.8,5.2,,5.0,5.0,5.25,5.0,,5.0,,5.1,,5.25,,,,,,,,,,,,,,,,5.1,4.8,,5.1,,,,,,Eliteserien - Norway,5.522,8.65,6.0,DraftKings,Not Found,2025-07-20 13:46:46
Kansas City Royals @ Miami Marlins,Miami Marlins,2025-07-20 13:41:00,2025-07-20 13:46:00,1.85,1.8,1.83,1.83,1.79,1.85,1.78,1.85,1.85,1.8,2.04,1.74,1.99,1.78,1.87,1.81,2.02,,1.78,1.8,2.01,1.8,1.85,1.74,2.0,2.0,2.0,1.83,1.83,2.0,,2.07,1.83,2.0,2.07,2.07,1.77,1.87,1.93,2.1,2.0,1.95,2.25,1.97,2.05,1.67,1.78,1.7,,,,,,2.02,,MLB,2.085,7.91,2.25,Bet Right,Not Found,2025-07-20 13:46:46
Pachuca @ Pumas,Pachuca,2025-07-20 14:05:00,2025-07-20 14:05:29,5.4,2.4,2.35,2.35,5.1,5.4,2.35,5.4,5.4,5.5,2.4,5.5,,2.25,,2.3,2.25,2.27,2.35,5.0,2.32,2.3,2.3,,,2.2,,5.2,5.1,2.38,2.3,2.35,,,2.35,2.35,,2.32,,,,2.2,2.3,,2.25,2.3,,,2.3,4.7,,,,,,Liga MX,2.48,121.78,5.5,DraftKings,Not Found,2025-07-20 14:13:52
Boston Red Sox @ Chicago Cubs,Boston Red Sox,2025-07-20 14:20:00,2025-07-20 14:13:09,1.7,1.74,1.72,1.72,1.65,1.72,1.72,1.72,1.7,1.73,1.75,1.72,1.71,1.74,1.71,1.72,1.72,1.73,1.69,1.7,1.72,1.74,1.7,1.74,1.72,1.72,1.73,1.7,1.72,1.73,,1.77,1.71,1.7,1.77,1.77,1.74,1.77,1.68,1.78,1.72,,1.88,1.71,1.75,1.71,1.72,1.7,,,,,,1.7,,MLB,1.785,5.34,1.88,Bet Right,Not Found,2025-07-20 14:13:52
Silkeborg IF @ Brondby IF,Silkeborg IF,2025-07-20 14:02:00,2025-07-20 14:42:54,14.0,12.5,12.5,12.5,12.0,14.0,12.5,14.0,14.0,12.0,12.5,12.0,10.5,,,,,,12.5,13.0,,11.0,11.0,12.0,11.0,,11.0,,12.5,,13.0,,,,,,,,,,,,,,,,11.5,11.0,,11.0,,,,,12.0,Denmark Superliga,13.313,5.16,14.0,Unibet,Not Found,2025-07-20 14:43:18
Pogoń Szczecin @ Radomiak Radom,Pogoń Szczecin,2025-07-20 14:18:00,2025-07-20 14:56:43,6.0,6.5,5.6,5.6,5.5,6.0,5.8,6.0,6.0,6.0,2.76,6.5,2.59,2.65,,,,,5.8,5.2,,5.75,5.5,6.0,5.75,,5.75,5.6,5.6,,6.0,,,,,,,,,,,,,,,6.0,5.8,5.5,,2.57,,,,,,Ekstraklasa - Poland,2.96,119.63,6.5,Coolbet,Not Found,2025-07-20 14:57:04
Juventude @ Cruzeiro,Draw,2025-07-20 15:00:00,2025-07-20 14:56:57,5.3,5.2,5.2,5.2,5.3,5.3,4.85,5.3,5.3,5.0,4.97,4.8,5.2,5.1,,5.5,4.75,,4.85,4.8,4.95,4.75,4.75,5.0,4.8,4.75,5.0,5.2,5.2,4.6,5.0,5.05,4.25,4.75,4.85,4.85,,4.93,4.4,,4.6,,4.6,4.2,4.75,,4.8,4.4,4.8,4.45,,,,,,Brazil Série A,5.148,6.84,5.5,BetRivers,Not Found,2025-07-20 14:57:04
Botafogo @ Amazonas FC,Botafogo,2025-07-20 15:02:00,2025-07-20 15:12:58,10.0,9.0,9.0,9.0,9.0,10.0,9.1,10.0,10.0,9.0,4.03,9.5,8.75,8.5,,,3.6,3.9,9.1,10.0,3.85,8.5,10.0,8.75,3.6,3.6,8.0,9.0,9.0,3.8,8.0,3.65,9.5,3.75,3.3,3.3,,,,,,3.75,,,,,,,,,,,,,,Brazil Série B,4.193,138.52,10.0,TAB,Not Found,2025-07-20 15:13:24
Bragantino-SP @ Vitoria,Bragantino-SP,2025-07-20 15:00:00,2025-07-20 15:00:11,6.75,6.5,6.4,6.4,6.25,6.75,5.8,6.75,6.75,6.0,3.31,6.0,5.75,5.9,,,3.1,3.13,5.8,5.5,3.15,5.75,6.0,,6.0,3.1,6.0,6.4,6.4,3.0,5.75,3.26,6.5,,3.26,3.26,,3.06,2.95,,3.1,,3.15,2.88,3.15,,5.7,5.5,3.1,6.25,,,,,,Brazil Série A,3.418,97.48,6.75,Unibet,Not Found,2025-07-20 15:13:24
Minnesota Twins @ Colorado Rockies,Colorado Rockies,2025-07-20 15:11:00,2025-07-20 15:12:55,3.25,3.3,3.0,3.15,3.05,3.25,3.07,3.1,3.25,3.1,3.2,3.34,3.2,3.85,3.25,2.95,3.06,3.08,3.25,3.3,3.05,3.0,3.3,3.1,3.0,3.0,3.0,3.0,3.1,3.1,,3.06,3.1,3.0,3.23,3.23,3.3,3.53,2.9,3.04,3.1,,3.45,2.95,3.15,4.0,3.05,3.1,,,,,,3.0,,MLB,3.27,22.34,4.0,888sport,Not Found,2025-07-20 15:13:24
Universidad de Chile @ Ñublense,Universidad de Chile,2025-07-20 15:01:00,2025-07-20 14:59:46,2.14,2.3,2.14,2.14,,,2.2,,,2.1,2.0,2.25,2.01,2.05,,,1.9,1.93,2.2,2.1,1.99,2.15,2.15,2.1,1.91,1.91,2.1,2.14,2.14,,2.2,2.0,2.25,1.95,1.99,1.99,,1.94,1.85,,1.95,,,1.79,1.91,,2.15,2.1,1.91,,2.0,,,,,Primera División - Chile,2.079,10.65,2.3,Coolbet,Not Found,2025-07-20 15:13:24
St. Louis Cardinals @ Arizona Diamondbacks,St. Louis Cardinals,2025-07-20 16:11:00,2025-07-20 15:12:55,2.2,2.2,2.23,2.23,2.12,2.23,2.18,2.23,2.2,2.15,2.24,2.18,2.17,2.2,2.2,2.2,2.17,2.18,2.18,2.2,2.16,2.2,2.2,2.15,2.15,2.15,2.15,2.2,2.23,2.2,,2.25,2.25,2.15,2.24,2.24,2.18,2.27,2.15,2.21,2.2,,2.45,2.16,2.3,2.2,2.15,2.15,,,,,,2.15,,MLB,2.28,7.46,2.45,Bet Right,Not Found,2025-07-20 15:13:24
Houston Astros @ Seattle Mariners,Houston Astros,2025-07-20 16:10:00,2025-07-20 15:12:53,2.12,2.21,2.2,2.2,2.05,2.2,2.18,2.2,2.1,2.15,2.26,2.22,2.2,2.2,2.2,2.12,2.17,2.17,2.18,2.1,2.15,2.25,2.2,2.15,2.15,2.15,2.15,2.1,2.2,2.2,,2.27,2.2,2.15,2.29,2.29,2.22,2.3,2.15,2.23,2.2,,2.45,2.18,2.25,2.2,2.2,2.15,,,,,,2.2,,MLB,2.306,6.23,2.45,Bet Right,Not Found,2025-07-20 15:13:24
Atletico Mineiro @ Palmeiras,Atletico Mineiro,2025-07-20 16:30:00,2025-07-20 15:13:12,5.6,5.6,5.5,5.5,5.6,5.6,5.5,5.6,5.6,5.5,5.96,5.5,5.6,5.8,,5.8,5.5,5.97,5.5,5.7,5.9,5.25,5.0,5.5,5.4,5.4,5.5,5.5,5.5,5.5,6.5,5.75,5.25,5.25,6.0,6.0,,5.67,5.2,,5.5,5.5,5.5,5.15,5.5,,5.4,5.1,5.0,5.3,,,,,,Brazil Série A,6.188,5.04,6.5,Bet Victor,Not Found,2025-07-20 15:13:24
Banfield @ Newells Old Boys,Banfield,2025-07-20 15:45:00,2025-07-20 16:25:25,4.6,,4.5,4.6,,,4.85,,,4.2,4.37,4.9,4.3,4.6,,,,,4.85,,,4.2,4.75,4.4,4.5,,,,,,5.0,,,,,,,,,,,,,,,,,,,4.6,,,,,,Primera División - Argentina,4.657,7.36,5.0,Bet Victor,Not Found,2025-07-20 16:25:49
Milwaukee Brewers @ Los Angeles Dodgers,Milwaukee Brewers,2025-07-20 16:11:00,2025-07-20 16:51:24,7.0,5.7,6.4,6.4,6.1,7.0,5.3,7.0,7.0,6.0,2.51,5.58,2.5,6.2,6.2,6.25,,,5.3,6.7,,5.5,5.5,6.0,,,,6.4,6.25,2.38,,,5.5,,,,7.0,7.01,,,,,,,,5.75,5.7,5.3,,,,,,,,MLB,2.63,166.55,7.01,GTbets,Not Found,2025-07-20 16:51:50
Argentinos Juniors @ CA Tigre BA,Argentinos Juniors,2025-07-20 15:45:00,2025-07-20 16:58:19,9.0,,8.5,8.5,,,11.5,,,9.0,2.98,11.0,2.9,9.5,,,,,11.5,,,9.0,3.0,9.5,9.5,,,,,,12.0,,,,,,,,,,,,,,,,,,,10.75,,,,,,Primera División - Argentina,3.174,278.05,12.0,Bet Victor,Not Found,2025-07-20 16:58:45
Botafogo @ Sport Recife,Sport Recife,2025-07-20 16:30:00,2025-07-20 16:58:42,4.0,3.75,3.95,3.95,3.85,4.0,3.65,4.0,4.0,3.75,3.51,4.3,3.6,3.8,,,,,4.4,4.0,,3.8,4.0,3.75,3.7,,3.7,3.95,3.95,,3.7,,4.5,,,,,,,,,,,3.35,,,3.55,4.0,,3.65,,,,,,Brazil Série A,3.717,21.07,4.5,PointsBet (AU),Not Found,2025-07-20 16:58:45
Chapecoense @ América Mineiro,Chapecoense,2025-07-20 17:30:00,2025-07-20 17:29:42,2.32,2.4,2.3,2.3,2.25,2.32,2.35,2.32,2.32,2.25,2.42,2.4,2.38,2.3,,,4.75,,2.35,2.4,5.1,2.3,2.3,2.1,2.1,4.5,2.1,2.3,2.28,5.0,2.3,5.0,2.4,4.75,4.4,4.4,,,,,,,,,,,,,,,,,,,,Brazil Série B,2.596,96.48,5.1,Marathon Bet,Not Found,2025-07-20 17:44:40
Fluminense @ Flamengo,Fluminense,2025-07-20 18:30:00,2025-07-20 18:29:54,5.75,6.0,5.6,5.6,5.4,5.75,5.8,5.75,5.75,5.5,5.75,6.5,5.6,5.1,,,5.5,5.63,5.8,6.0,5.6,5.0,5.0,5.0,5.2,5.2,5.0,5.6,5.5,5.5,5.5,5.5,6.0,5.25,5.7,5.7,,5.42,4.95,,5.5,,5.5,4.8,5.5,,5.8,5.5,5.0,5.75,,,,,,Brazil Série A,5.958,9.09,6.5,DraftKings,Not Found,2025-07-20 18:41:10
Racing Club @ Belgrano de Cordoba,Belgrano de Cordoba,2025-07-20 18:00:00,2025-07-20 18:41:00,3.55,,3.4,3.4,,,3.3,,,3.25,3.29,3.35,3.35,3.3,,,,,3.3,,,3.4,3.7,3.3,3.4,,,,,,3.4,,,,,,,,,,,,,,,,,,,3.25,,,,,,Primera División - Argentina,3.5,5.72,3.7,TAB,Not Found,2025-07-20 18:41:10
Hamilton Tiger-Cats @ Ottawa Redblacks,Ottawa Redblacks,2025-07-20 19:00:00,2025-07-20 19:21:33,2.16,2.29,,,2.07,,2.1,2.16,2.16,,2.05,2.05,2.1,2.32,,,,,2.1,,,2.3,,,,,,,,,,,2.25,2.0,,,2.0,,,,,,,,,,,,,,,,,,,CFL,2.12,9.42,2.32,FanDuel,Not Found,2025-07-20 19:22:21
Detroit Tigers @ Texas Rangers,Texas Rangers,2025-07-20 19:10:23,2025-07-20 19:37:37,3.25,3.65,3.25,4.2,3.25,4.2,3.07,3.15,4.2,3.7,2.44,4.3,2.2,4.1,3.4,3.25,,,3.59,4.4,,4.5,3.8,3.3,,,,3.15,3.25,2.5,,,3.6,,,,3.9,3.53,,2.5,,,,,,3.75,3.75,3.55,,,,,,,,MLB,2.535,77.54,4.5,Betway,Not Found,2025-07-20 19:38:05
Talleres @ Independiente,Independiente,2025-07-20 19:58:00,2025-07-20 21:14:31,5.4,,5.75,5.6,,,5.8,,,5.5,5.11,5.75,4.6,5.4,,,,,5.8,,,5.5,4.75,5.25,5.5,,,,,,5.75,,,,,,,,,,,,,,,,,,,5.4,,,,,,Primera División - Argentina,5.456,6.31,5.8,Nordic Bet,Not Found,2025-07-20 21:14:40
FC Haka @ IFK Mariehamn,FC Haka,2025-07-21 11:00:00,2025-07-21 02:29:29,2.08,2.32,2.05,2.05,2.0,2.08,2.17,2.08,2.08,2.05,2.13,2.1,2.13,2.1,,2.07,2.0,2.13,2.14,2.05,2.11,2.1,2.05,2.05,2.0,2.0,2.0,2.08,2.08,2.1,2.05,2.13,2.2,2.05,2.17,2.17,,2.14,1.96,,,2.0,2.1,2.04,2.1,,,,,,2.13,,,,,Veikkausliiga - Finland,2.202,5.37,2.32,Coolbet,Not Found,2025-07-21 02:29:45
Trelleborgs FF @ Landskrona BoIS,Trelleborgs FF,2025-07-21 13:00:00,2025-07-21 04:23:06,3.5,3.9,3.4,3.5,3.35,3.5,3.5,3.5,3.5,3.3,3.5,3.45,3.45,3.3,,3.45,3.25,3.49,3.5,3.5,3.5,3.3,3.3,3.3,3.2,,3.2,3.5,3.5,3.3,3.4,3.45,3.4,3.25,3.15,3.15,,,,,,3.2,,,3.25,3.3,,,,,3.15,,,,,Superettan - Sweden,3.675,6.13,3.9,Coolbet,Not Found,2025-07-21 04:23:31
Kyoto Purple Sanga @ Avispa Fukuoka,Kyoto Purple Sanga,2025-07-21 05:00:00,2025-07-21 05:15:07,2.9,3.14,2.9,2.75,2.7,2.8,3.15,2.8,3.15,2.88,2.79,2.9,2.8,2.9,,,2.7,,2.78,2.8,,2.8,2.8,2.7,2.62,,2.7,2.85,2.75,2.7,,,,,,,,,,,,2.7,,2.58,,2.8,3.05,2.95,,2.75,,,,,,J League,2.955,6.61,3.15,Nordic Bet,Not Found,2025-07-21 05:15:49
Cincinnati Reds @ Washington Nationals,Washington Nationals,2025-07-21 18:45:00,2025-07-21 13:00:42,2.07,2.06,2.08,2.08,2.0,2.1,2.02,2.08,2.07,2.1,2.09,2.04,2.04,2.08,2.05,2.08,2.05,2.04,2.02,2.05,2.02,2.05,2.05,2.0,2.0,2.0,2.0,2.07,2.1,2.0,,2.08,2.05,2.02,2.07,2.07,2.05,2.08,1.98,2.07,2.05,2.0,2.25,2.02,2.08,2.05,2.0,2.0,,,,,,2.02,,MLB,2.13,5.65,2.25,Bet Right,Not Found,2025-07-21 13:01:31
IFK Värnamo @ IFK Norrkoping,IFK Värnamo,2025-07-21 13:00:00,2025-07-21 13:27:56,7.5,7.5,7.0,7.0,6.75,7.5,6.8,7.5,7.5,7.0,6.1,7.0,7.0,6.5,,,,,6.8,7.5,,6.5,,6.5,5.75,,6.0,,7.0,,7.0,,7.0,,,,,,,,,,,,,6.5,6.5,6.25,,6.75,,,,,,Allsvenskan - Sweden,6.502,15.35,7.5,Unibet,Not Found,2025-07-21 13:28:01
New York Yankees @ Toronto Blue Jays,Toronto Blue Jays,2025-07-21 19:07:00,2025-07-21 13:27:32,2.02,2.01,2.04,2.04,1.95,2.05,1.98,2.04,2.02,1.95,2.03,1.99,1.99,2.02,1.95,2.04,2.0,2.0,1.98,1.93,1.98,2.0,2.0,1.98,1.98,1.98,2.0,2.02,2.05,2.0,,2.03,2.0,1.98,2.04,2.04,2.0,2.05,1.93,2.0,1.99,1.95,2.2,1.96,2.03,2.0,1.98,1.92,,,,,,1.95,,MLB,2.068,6.36,2.2,Bet Right,Not Found,2025-07-21 13:28:01
Atlético Huracán @ Estudiantes,Estudiantes,2025-07-21 18:00:00,2025-07-21 18:00:14,4.6,,4.5,4.5,,,4.6,,,5.0,2.27,5.0,4.6,4.8,,,2.2,2.23,4.6,,2.26,4.5,4.5,5.0,5.0,,,,,,5.0,,,2.2,2.33,2.33,,,2.05,,2.2,2.2,2.25,,2.3,,,,2.2,4.6,,,,,,Primera División - Argentina,2.346,113.13,5.0,Paddy Power,Not Found,2025-07-21 18:13:26
Los Angeles Angels @ New York Mets,Los Angeles Angels,2025-07-21 19:10:00,2025-07-21 18:13:03,2.5,2.53,2.5,2.5,2.5,2.5,2.48,2.5,2.5,2.38,2.52,2.52,2.46,2.5,2.5,2.5,2.48,2.46,2.48,2.55,2.44,2.5,2.5,2.55,2.5,2.55,2.5,2.5,2.5,2.5,,2.49,2.5,2.45,2.54,2.54,2.5,2.55,2.45,2.54,2.45,2.5,2.75,2.48,2.57,2.5,2.5,2.45,,,,,,2.4,,MLB,2.575,6.8,2.75,Bet Right,Not Found,2025-07-21 18:13:26
Baltimore Orioles @ Cleveland Guardians,Cleveland Guardians,2025-07-21 18:41:01,2025-07-21 18:48:06,2.38,3.5,2.28,2.28,2.28,2.38,2.31,3.6,2.38,3.7,1.74,3.49,1.8,2.36,2.45,3.45,1.69,,2.58,2.4,1.65,2.35,2.3,3.9,1.73,1.72,1.73,3.5,2.32,1.67,,1.76,3.4,1.7,1.77,1.77,3.8,3.33,1.65,2.35,1.69,,1.7,1.68,1.71,2.25,3.4,3.25,,,1.76,,,1.7,,MLB,1.773,119.92,3.9,BetMGM,Not Found,2025-07-21 18:50:49
Detroit Tigers @ Pittsburgh Pirates,Detroit Tigers,2025-07-21 18:40:00,2025-07-21 18:42:37,2.6,2.4,2.55,2.55,2.48,2.6,2.39,2.6,2.6,2.38,2.16,2.37,2.25,2.26,2.35,2.5,2.06,,2.39,2.5,2.07,2.25,2.4,2.35,2.05,2.05,2.05,2.55,2.55,2.1,,2.22,2.35,2.08,2.23,2.23,2.45,2.5,2.05,2.25,2.1,,2.12,2.05,2.2,2.4,2.4,2.25,,,,,,2.15,,MLB,2.207,17.82,2.6,Unibet,Not Found,2025-07-21 18:50:49
Boston Red Sox @ Philadelphia Phillies,Philadelphia Phillies,2025-07-21 18:45:42,2025-07-21 18:48:06,1.53,1.6,1.52,1.52,1.49,1.53,1.55,1.55,1.53,1.6,1.44,1.61,1.4,1.65,1.59,1.51,1.41,,1.55,1.5,1.42,1.61,1.6,1.65,1.4,1.42,1.4,1.54,1.51,1.4,,1.43,1.57,1.42,1.43,1.43,1.62,1.56,1.38,1.6,1.4,1.4,1.41,1.4,1.44,1.53,1.58,1.54,,,,,,1.38,,MLB,1.471,12.2,1.65,FanDuel,Not Found,2025-07-21 18:50:49
San Diego Padres @ Miami Marlins,San Diego Padres,2025-07-21 18:40:00,2025-07-21 18:41:45,2.5,2.35,2.45,2.45,2.4,2.5,2.31,2.5,2.5,2.38,2.27,2.35,2.25,2.36,2.35,2.43,2.17,,2.31,2.4,2.16,2.35,2.3,2.4,2.2,2.2,2.2,2.45,2.43,2.2,,2.25,2.35,2.2,2.27,2.27,2.45,2.45,2.1,2.35,2.2,,2.2,2.12,2.27,2.3,2.35,2.2,,,2.26,,,2.2,,MLB,2.32,7.77,2.5,Unibet,Not Found,2025-07-21 18:50:49
O'Higgins @ Huachipato,O'Higgins,2025-07-21 19:00:00,2025-07-21 19:36:49,1.66,1.62,1.66,1.66,,,1.62,,,1.57,1.67,1.65,1.61,1.59,,,,,1.62,1.55,,1.6,1.65,1.54,1.5,,2.75,1.66,1.66,,1.61,,1.6,,,,,,,,,,,2.31,,,1.58,1.56,,,,,,,,Primera División - Chile,1.802,52.6,2.75,Coral,Not Found,2025-07-21 19:36:59
San Francisco Giants @ Atlanta Braves,San Francisco Giants,2025-07-21 19:15:47,2025-07-21 19:34:42,2.7,2.6,2.65,2.65,2.6,2.7,3.07,2.7,2.8,2.8,1.97,2.9,1.91,2.28,2.6,2.48,,,2.31,2.7,,2.55,2.4,3.1,,,,2.65,2.63,2.1,,,,,,,2.6,2.72,,1.9,,,,2.05,,,2.25,2.25,,,,,,,,MLB,2.065,50.13,3.1,BetMGM,Not Found,2025-07-21 19:36:59
Chicago White Sox @ Tampa Bay Rays,Chicago White Sox,2025-07-21 19:36:08,2025-07-21 19:47:41,2.9,2.85,2.85,2.85,2.75,2.9,2.78,2.9,3.15,2.8,2.82,2.75,3.0,3.0,2.8,2.8,2.78,,2.78,2.6,2.91,3.0,3.0,2.95,2.8,2.8,2.8,2.85,2.8,2.75,,2.82,2.65,2.8,2.9,2.9,3.15,2.66,,2.75,2.75,,2.8,2.75,2.8,2.7,2.8,2.65,,,2.9,,,2.7,,MLB,2.958,6.48,3.15,Caesars,Not Found,2025-07-21 19:48:16
Minnesota Twins @ Los Angeles Dodgers,Los Angeles Dodgers,2025-07-21 22:09:38,2025-07-21 23:04:17,1.29,1.27,1.29,1.29,1.26,1.29,1.26,1.29,1.29,1.29,1.26,1.27,1.28,1.29,1.25,1.28,,,1.26,1.27,,1.29,1.28,1.31,,,,1.29,1.28,1.5,,,1.31,,,,1.29,1.29,,1.35,,,,,,1.25,1.28,1.27,,,,,,,,MLB,1.321,13.51,1.5,William Hill,Not Found,2025-07-21 23:04:42
Houston Astros @ Arizona Diamondbacks,Arizona Diamondbacks,2025-07-21 21:41:10,2025-07-21 23:04:31,2.65,2.65,2.6,2.6,2.55,2.65,2.55,2.65,2.65,2.62,2.67,2.6,3.0,2.64,2.8,2.55,,,2.55,2.5,,2.55,2.6,2.6,,,,2.6,2.6,,,,2.45,,,,2.65,2.54,,3.0,,,,,,2.4,2.5,2.4,,,,,,,,MLB,2.792,7.45,3.0,MyBookie.ag,Not Found,2025-07-21 23:04:42
Daegu FC @ FC Anyang,FC Anyang,2025-07-22 06:30:00,2025-07-22 05:02:00,1.94,2.17,1.95,1.95,1.91,1.94,2.08,1.94,1.94,2.05,2.08,2.15,,2.05,,1.97,2.05,2.17,2.08,2.05,2.15,2.15,2.15,2.2,2.1,2.1,2.1,1.94,1.94,2.15,,,2.1,2.12,2.28,2.28,,,1.97,,2.1,2.0,,1.92,,,2.1,2.0,,2.04,,,,,,K League 1,2.149,6.09,2.28,LowVig.ag,Not Found,2025-07-22 05:02:11
SSG Landers @ Samsung Lions,Samsung Lions,2025-07-22 05:30:00,2025-07-22 05:29:41,2.12,1.7,,,,,2.16,,,,1.68,2.0,1.69,1.61,2.0,2.07,,,1.68,2.1,,1.62,,1.98,,,1.65,,,1.67,,,,,1.69,1.69,1.67,,1.57,1.65,,,,,1.65,,,,,,,,,,,KBO,1.767,22.23,2.16,Nordic Bet,Not Found,2025-07-22 05:34:08
Hanwha Eagles @ Doosan Bears,Hanwha Eagles,2025-07-22 05:30:00,2025-07-22 05:29:41,2.2,2.0,,,,,2.09,,,,1.93,2.1,1.83,2.16,2.1,2.14,,1.94,2.0,2.1,,2.1,,2.35,,,1.95,,,1.91,,,,,,,2.05,,1.81,1.9,,,,,1.9,,,,,,,,,,,KBO,2.021,16.27,2.35,BetMGM,Not Found,2025-07-22 05:34:08
Lotte Giants @ Kiwoom Heroes,Lotte Giants,2025-07-22 05:30:36,2025-07-22 05:50:34,2.5,2.3,,,,,2.32,,,,2.12,2.7,,2.3,2.55,2.8,,,,2.55,,2.25,,2.65,,,,,,1.91,,,,,,,,,,2.1,,,,,,,,,,,,,,,,KBO,2.247,24.61,2.8,BetRivers,Not Found,2025-07-22 05:50:39
KT Wiz @ NC Dinos,NC Dinos,2025-07-22 05:30:48,2025-07-22 06:23:34,3.75,3.85,,,,,4.0,,,,2.05,3.9,3.75,4.2,3.8,3.55,,,,4.0,,3.75,,3.8,,,,,,1.57,,,,,,,,,,2.05,,,,,,,,,,,,,,,,KBO,2.171,93.42,4.2,FanDuel,Not Found,2025-07-22 06:24:24
LG Twins @ Kia Tigers,Kia Tigers,2025-07-22 05:30:08,2025-07-22 06:23:34,1.9,1.88,,,,,1.9,,,,1.69,2.0,2.0,2.02,2.0,1.85,,,,1.85,,1.95,,2.1,,,,,,1.6,,,,,,,1.95,,,1.85,,,,,,,,,,,,,,,,KBO,1.793,17.09,2.1,BetMGM,Not Found,2025-07-22 06:24:24
Suwon FC @ Pohang Steelers,Pohang Steelers,2025-07-22 06:30:00,2025-07-22 06:56:51,2.9,3.4,2.85,2.95,2.8,2.9,2.92,2.9,2.9,2.88,1.86,3.0,3.0,2.85,,,,,3.3,3.1,,2.9,3.1,2.9,3.0,,3.1,2.95,2.85,,,,3.07,,,,,,,,,,,,,,2.85,2.8,,3.25,,,,,,K League 1,1.969,72.66,3.4,Coolbet,Not Found,2025-07-22 06:58:00
Sangju Sangmu FC @ Gwangju FC,Gwangju FC,2025-07-22 06:30:00,2025-07-22 06:57:38,2.8,2.6,2.75,2.75,2.7,2.8,2.55,2.8,2.8,2.62,2.31,2.85,2.78,2.75,,,,,2.55,2.7,,2.62,,2.65,2.6,,2.62,2.75,2.75,,,,2.62,,,,,,,,,,,,,,2.7,2.65,,2.5,,,,,,K League 1,2.437,16.94,2.85,DraftKings,Not Found,2025-07-22 06:58:00
Round Rock Express @ Tacoma Rainiers,Round Rock Express,2025-07-22 15:05:00,2025-07-22 14:29:19,,,,,,,,,,,2.05,,2.1,2.16,,2.06,,2.02,,,,2.1,,,,,,,,2.05,,,,,2.39,,2.2,,,,,,,,,,,,,,,,,,,MiLB,2.213,8.0,2.39,BetOnline.ag,Not Found,2025-07-22 14:30:40
Central Córdoba @ Cerro Largo,Draw,2025-07-22 18:00:00,2025-07-22 16:50:31,2.85,2.6,2.8,2.85,2.88,2.85,2.58,2.85,2.85,2.62,2.62,2.7,2.8,,,,2.55,2.93,,,,,,,,,,,,2.75,,,,,,,,,,,,,,2.68,,,,,,,,,,,,Copa Sudamericana,2.727,7.44,2.93,1xBet,Not Found,2025-07-22 16:51:03
San Diego Padres @ Miami Marlins,Miami Marlins,2025-07-22 18:41:00,2025-07-22 19:06:25,1.23,1.25,1.23,1.23,1.21,1.23,1.21,1.23,1.23,1.25,1.25,1.26,1.27,1.24,1.24,1.2,,,1.21,1.2,,1.22,1.22,1.27,,,,1.23,1.22,1.8,,,1.24,,,,1.26,1.25,,1.22,,,,1.71,,,1.22,1.23,,,,,,,,MLB,1.299,38.56,1.8,William Hill,Not Found,2025-07-22 19:07:19
Baltimore Orioles @ Cleveland Guardians,Cleveland Guardians,2025-07-22 18:41:00,2025-07-22 19:06:25,1.33,1.37,1.33,1.33,1.3,1.33,1.34,1.33,1.33,1.36,1.34,1.36,1.54,1.34,1.36,1.32,,,1.34,1.32,,1.36,1.38,1.36,,,,1.32,1.3,1.67,,,1.31,,,,1.36,1.35,,1.35,,,,1.62,,1.33,1.38,1.35,,,,,,,,MLB,1.406,18.77,1.67,William Hill,Not Found,2025-07-22 19:07:19
Boston Red Sox @ Philadelphia Phillies,Philadelphia Phillies,2025-07-22 18:48:00,2025-07-22 19:06:25,1.24,1.22,1.25,1.25,1.22,1.24,1.24,1.24,1.24,1.25,1.24,1.28,1.45,1.27,1.25,1.23,,,1.24,1.25,,1.2,1.25,1.33,,,,1.24,1.24,1.5,,,,,,,1.26,1.27,,1.22,,,,1.52,,,1.31,1.29,,,,,,,,MLB,1.302,16.7,1.52,Unibet (FR),Not Found,2025-07-22 19:07:19
Chicago Sky @ Minnesota Lynx,Chicago Sky,2025-07-22 20:00:00,2025-07-22 19:07:04,10.5,8.0,,,8.5,,7.25,10.5,10.5,7.5,9.12,8.5,8.5,8.9,8.0,9.0,8.5,,7.25,,,7.5,7.5,8.5,7.25,7.25,,10.5,,,,7.2,,,8.54,8.54,8.0,8.55,6.3,8.72,8.0,7.0,8.0,,,,,,,,,,,,,WNBA,9.367,12.1,10.5,Unibet,Not Found,2025-07-22 19:07:19
Detroit Tigers @ Pittsburgh Pirates,Detroit Tigers,2025-07-22 18:41:00,2025-07-22 19:06:25,2.1,2.25,2.07,2.07,2.02,2.1,1.9,2.1,2.1,1.95,1.98,2.06,1.91,2.14,1.95,2.05,,,1.98,2.1,,2.2,2.05,1.91,,,,1.97,1.96,1.73,,,2.0,,,,1.77,1.9,,1.95,,,,1.72,,2.05,2.2,2.1,,,,,,,,MLB,2.059,9.29,2.25,Coolbet,Not Found,2025-07-22 19:07:19
Atletico Goianiense @ Operario PR,Atletico Goianiense,2025-07-22 17:59:00,2025-07-22 19:06:26,4.1,4.0,4.0,4.0,3.9,4.1,4.2,4.1,4.1,4.2,4.07,4.3,4.1,4.2,,,,,4.2,4.7,,4.0,3.7,3.7,3.6,,3.6,4.0,4.0,,4.0,,1.81,,,,,,,,,,,,,,,,,,,,,,,Brazil Série B,4.379,7.33,4.7,Tipico,Not Found,2025-07-22 19:07:19
New York Yankees @ Toronto Blue Jays,Toronto Blue Jays,2025-07-22 19:08:00,2025-07-22 19:19:27,3.45,3.35,3.15,3.3,3.1,3.4,3.25,3.4,3.4,3.3,1.92,3.09,2.1,3.2,3.15,3.15,1.86,,3.25,3.2,1.86,3.25,3.3,3.3,1.85,1.87,1.85,3.15,3.15,1.8,,1.89,3.0,1.87,1.89,1.9,3.15,3.33,1.81,2.35,1.84,1.83,1.85,1.83,1.91,3.25,3.3,3.25,,,,,,1.85,,MLB,1.955,76.45,3.45,Unibet,Not Found,2025-07-22 19:20:22
Los Angeles Angels @ New York Mets,Los Angeles Angels,2025-07-22 19:11:00,2025-07-22 19:19:28,2.75,2.55,2.45,2.65,2.4,2.5,2.48,2.5,2.5,2.8,2.43,2.66,2.35,2.58,2.6,2.48,2.37,,2.48,2.5,2.46,2.45,2.5,2.65,2.45,2.45,2.45,2.5,2.5,2.38,,2.45,2.6,2.4,2.45,2.45,2.6,2.6,2.3,2.2,2.4,2.38,2.4,2.34,2.45,,2.5,2.55,,,2.43,,,2.35,,MLB,2.482,12.83,2.8,Paddy Power,Not Found,2025-07-22 19:20:22
San Francisco Giants @ Atlanta Braves,San Francisco Giants,2025-07-22 19:16:00,2025-07-22 19:19:28,2.2,2.2,2.14,2.14,2.1,2.2,2.17,2.2,2.2,2.2,2.06,2.21,2.0,2.22,2.15,2.12,1.99,,1.98,2.3,2.0,2.2,2.0,2.0,2.0,2.0,2.0,2.14,2.14,2.0,,2.02,2.15,1.98,2.06,2.06,2.2,2.35,1.93,2.01,1.99,,2.01,1.97,2.05,2.15,2.2,2.1,,,,,,1.98,,MLB,2.096,12.13,2.35,GTbets,Not Found,2025-07-22 19:20:22
Cincinnati Reds @ Washington Nationals,Washington Nationals,2025-07-22 18:46:00,2025-07-22 19:19:28,1.91,1.85,1.89,1.89,1.85,1.91,1.89,1.91,1.91,1.87,1.98,1.91,2.15,1.82,1.87,1.87,,,1.86,1.85,,1.87,1.9,1.85,,,,1.88,1.88,2.1,,,1.87,,,,1.83,1.9,,2.3,,,,2.12,,1.83,1.86,1.8,,,,,,,,MLB,2.053,12.02,2.3,MyBookie.ag,Not Found,2025-07-22 19:20:22
Chicago White Sox @ Tampa Bay Rays,Chicago White Sox,2025-07-22 19:10:00,2025-07-22 19:19:28,3.25,2.85,3.15,3.15,3.1,3.25,2.78,3.25,3.25,2.8,3.01,2.79,2.95,2.9,2.75,3.15,2.93,,2.78,2.9,,2.85,2.8,2.8,,,3.0,3.15,3.15,2.75,,,2.85,2.9,,,2.85,2.9,,2.9,,,,2.88,,2.7,2.8,2.7,,,2.91,,,,,MLB,3.076,5.66,3.25,Unibet,Not Found,2025-07-22 19:20:22
Los Angeles Sparks @ Washington Mystics,Los Angeles Sparks,2025-07-22 19:30:00,2025-07-22 19:29:15,3.3,2.75,,,3.3,,2.22,3.5,3.3,2.2,2.24,2.8,2.25,3.55,2.75,3.15,2.26,,2.22,,,2.85,3.0,3.0,2.2,2.2,,3.35,,,,2.3,,,2.25,2.25,3.0,3.23,2.1,2.25,2.2,2.2,2.2,,,,,,,,2.3,,,,,WNBA,2.325,52.66,3.55,FanDuel,Not Found,2025-07-22 19:37:22
Oakland Athletics @ Texas Rangers,Oakland Athletics,2025-07-22 20:06:00,2025-07-22 19:34:35,2.8,2.82,2.8,2.8,2.7,2.8,2.95,2.8,2.8,2.8,2.8,2.76,2.72,2.88,,2.8,2.86,2.75,2.95,2.9,2.72,2.85,3.0,2.95,2.9,2.95,2.9,2.8,2.8,2.75,,2.82,2.85,2.9,2.89,2.89,2.8,2.85,2.75,2.82,2.75,,2.8,2.78,2.85,2.75,2.8,2.75,,,,,,2.7,,MLB,2.854,5.1,3.0,TAB,Not Found,2025-07-22 19:37:22
Ferroviária @ Atletico Paranaense,Ferroviária,2025-07-22 19:00:00,2025-07-22 19:47:54,8.5,9.0,8.0,8.0,7.5,8.5,,8.5,8.5,8.0,8.38,10.0,7.0,7.4,,,,,,,,8.0,,,,,,8.0,7.5,,8.5,,1.81,,,,,,,,,,,,,,,,,,,,,,,Brazil Série B,9.03,10.75,10.0,DraftKings,Not Found,2025-07-22 19:48:31
Coritiba @ Athletic Club (MG),Athletic Club (MG),2025-07-22 20:30:00,2025-07-22 21:11:50,3.05,3.0,3.0,3.0,2.95,3.05,3.05,3.05,3.05,3.25,1.48,3.15,1.5,3.25,,,,,3.05,3.3,,3.1,,,3.0,,3.1,3.0,3.0,,3.0,,3.0,,,,,,,,,,,,,,,,,,,,,,,Brazil Série B,1.604,105.79,3.3,Tipico,Not Found,2025-07-22 21:12:19
Independiente del Valle @ Vasco da Gama,Vasco da Gama,2025-07-22 20:30:00,2025-07-22 21:11:56,3.15,3.4,3.1,3.1,3.05,3.15,3.65,3.15,3.15,3.0,1.69,3.2,1.65,,,,,,,,,,,,,,,,,,,,,,,,,,,,,,,,,,,,,,,,,,,Copa Sudamericana,1.827,99.82,3.65,Nordic Bet,Not Found,2025-07-22 21:12:19
Bahia @ América de Cali,América de Cali,2025-07-22 20:30:00,2025-07-22 21:11:56,1.43,1.53,1.44,1.44,1.42,1.43,1.5,1.43,1.43,1.44,1.52,1.53,3.2,,,,,,,,,,,,,,,,,,,,,,,,,,,,,,,,,,,,,,,,,,,Copa Sudamericana,1.646,94.39,3.2,Bovada,Not Found,2025-07-22 21:12:19
St. Louis Cardinals @ Colorado Rockies,St. Louis Cardinals,2025-07-22 20:41:00,2025-07-22 21:10:52,3.55,3.0,3.4,3.4,3.3,3.55,2.78,3.6,3.55,2.8,2.22,2.85,2.05,2.8,2.75,3.35,,,2.78,3.1,,2.85,2.9,2.85,,,,3.5,3.4,1.62,,,2.85,,,,3.15,3.16,,2.95,,,,,,2.88,2.95,2.8,,,,,,,,MLB,2.321,55.08,3.6,Unibet (NL),Not Found,2025-07-22 21:12:19
Indiana Fever @ New York Liberty,Indiana Fever,2025-07-22 20:04:19,2025-07-22 21:12:07,2.75,2.7,,,2.55,,2.2,2.75,2.75,,1.96,2.7,2.4,2.62,2.8,2.55,,,2.2,,,2.85,2.25,2.65,,,,2.6,,,,,,,,,2.1,2.96,,2.55,,,,,,,,,,,,,,,,WNBA,2.095,41.29,2.96,GTbets,Not Found,2025-07-22 21:12:19
Clube de Regatas Brasil @ Vila Nova,Clube de Regatas Brasil,2025-07-22 20:35:00,2025-07-22 21:11:50,10.0,8.5,9.0,9.0,9.0,10.0,8.6,10.0,10.0,8.0,7.94,8.5,7.75,7.4,,,,,8.6,7.5,,8.0,8.5,8.25,7.5,,7.5,9.0,9.0,,8.0,,9.0,,,,,,,,,,,,,,,,,,,,,,,Brazil Série B,8.607,16.19,10.0,Unibet (IT),Not Found,2025-07-22 21:12:19
Atlanta Dream @ Las Vegas Aces,Atlanta Dream,2025-07-22 22:08:51,2025-07-23 00:05:23,,11.0,,,,,22.0,,,,11.62,41.0,,31.0,,,,,22.0,,,17.0,11.0,17.0,,,,,,,,,,,,,,10.34,,,,,,,,,,,,,,,,,,WNBA,12.067,239.78,41.0,DraftKings,Not Found,2025-07-23 00:07:34
Houston Astros @ Arizona Diamondbacks,Arizona Diamondbacks,2025-07-22 21:41:00,2025-07-23 00:04:49,7.5,5.8,6.75,6.75,6.5,7.5,5.89,7.5,6.75,5.5,3.54,5.81,,5.7,6.2,6.75,,,5.89,8.0,,6.0,6.0,7.0,,,,6.75,6.75,,,,5.0,,,,5.2,7.99,,5.5,,,,,,5.75,5.9,5.7,,,,,,,,MLB,3.702,116.08,8.0,Tipico,Not Found,2025-07-23 00:07:34
Minnesota Twins @ Los Angeles Dodgers,Los Angeles Dodgers,2025-07-22 22:11:00,2025-07-23 00:05:45,4.7,5.0,4.4,4.4,4.3,4.7,3.63,4.7,4.7,3.7,2.7,3.71,2.8,4.7,,4.35,,,3.81,4.0,,4.0,4.0,3.5,,,,4.4,4.4,,,,4.1,,,,3.8,4.11,,4.75,,,,,,3.75,4.4,3.9,,,,,,,,MLB,2.824,77.03,5.0,Coolbet,Not Found,2025-07-23 00:07:34
Milwaukee Brewers @ Seattle Mariners,Seattle Mariners,2025-07-22 21:41:00,2025-07-23 00:05:45,1.18,1.22,1.18,1.18,1.16,1.18,1.08,1.18,1.18,1.2,1.09,1.22,1.27,1.13,1.25,1.17,,,1.08,1.16,,1.22,1.12,1.21,,,,1.18,1.18,,,,1.16,,,,1.12,1.19,,,,,,,,1.12,1.16,1.14,,,,,,,,MLB,1.136,11.75,1.27,Bovada,Not Found,2025-07-23 00:07:34
Malaysia @ Singapore,Singapore,2025-07-23 02:00:00,2025-07-23 00:07:01,,,,,,,3.4,,,4.5,4.62,5.0,,5.1,,,4.9,,3.4,,,4.5,,,4.6,4.6,,,,,,,,,4.81,,,5.0,,,,4.5,,,,,,,,,,,,,,International Twenty20,4.787,6.54,5.1,FanDuel,Not Found,2025-07-23 00:07:34
KT Wiz @ NC Dinos,KT Wiz,2025-07-23 05:30:00,2025-07-23 04:56:58,2.3,2.3,,,,,2.35,,,,2.16,2.2,2.1,2.26,2.3,2.25,,2.31,2.35,2.3,,2.15,,2.4,,,2.37,,,2.38,,,,,2.32,2.32,2.25,,2.05,2.3,,,,,2.15,,,,,,,,,,,KBO,2.263,6.05,2.4,BetMGM,Not Found,2025-07-23 04:57:18
SSG Landers @ Samsung Lions,SSG Landers,2025-07-23 05:30:00,2025-07-23 05:56:31,3.9,3.2,,,,,,,,,3.05,3.7,2.85,3.2,3.6,3.7,,,,3.2,,3.5,,3.6,,,,,,,,,,,,,3.6,,,3.2,,,,,,,,,,,,,,,,KBO,3.259,19.66,3.9,Unibet,Not Found,2025-07-23 05:57:05
Hanwha Eagles @ Doosan Bears,Hanwha Eagles,2025-07-23 05:30:29,2025-07-23 05:56:31,5.5,4.75,,,,,4.9,,,,4.53,4.25,4.35,4.2,3.9,5.2,,,,4.7,,4.0,,4.75,,,,,,,,,,,,,5.0,,,3.95,,,,,,,,,,,,,,,,KBO,4.839,13.66,5.5,Unibet,Not Found,2025-07-23 05:57:05
LG Twins @ Kia Tigers,Kia Tigers,2025-07-23 05:31:13,2025-07-23 06:19:29,2.9,2.6,,,,,2.76,,,,2.01,2.7,2.35,2.8,2.55,2.8,,,,2.55,,2.4,,2.7,,,,,,,,,,,,,2.65,,,2.35,,,,,,,,,,,,,,,,KBO,2.129,36.2,2.9,Unibet,Not Found,2025-07-23 06:19:36
Gangwon FC @ Jeonbuk Hyundai Motors,Gangwon FC,2025-07-23 06:30:00,2025-07-23 06:29:56,4.6,4.5,4.5,4.5,4.35,4.6,4.6,4.6,4.6,4.5,4.67,9.0,4.6,4.8,,,4.75,4.97,4.6,8.5,,4.33,5.0,,4.2,4.33,4.2,4.4,4.4,4.75,,,8.8,4.75,4.4,4.4,,,4.3,,,4.2,,4.15,,,4.7,4.5,,4.5,,,,,,K League 1,4.833,86.21,9.0,DraftKings,Not Found,2025-07-23 06:44:52
FC Seoul @ Jeju United FC,Jeju United FC,2025-07-23 06:30:00,2025-07-23 06:29:56,3.85,3.8,3.75,3.75,3.7,3.85,3.65,3.85,3.85,3.75,3.43,3.75,3.9,3.7,,,3.4,3.38,3.65,4.0,,3.4,3.7,3.3,3.25,3.2,3.3,3.75,3.75,3.3,,,3.86,3.3,3.25,3.25,,,3.15,,,3.1,,3.22,,,3.6,3.5,,3.7,,,,,,K League 1,3.543,12.88,4.0,Tipico,Not Found,2025-07-23 06:44:52
Lotte Giants @ Kiwoom Heroes,Kiwoom Heroes,2025-07-23 05:30:00,2025-07-23 06:44:03,2.6,2.35,,,,,2.29,,,,2.19,2.4,2.05,2.54,2.4,2.5,,,,2.4,,2.25,,2.6,,,,,,,,,,,,,2.35,,,2.3,,,,,,,,,,,,,,,,KBO,2.319,12.1,2.6,BetMGM,Not Found,2025-07-23 06:44:52
Daejeon Citizen @ Ulsan Hyundai FC,Daejeon Citizen,2025-07-23 06:30:00,2025-07-23 07:15:01,3.85,10.0,3.7,3.7,3.65,3.85,9.6,3.85,3.85,10.0,3.59,3.8,3.55,3.7,,,,,9.6,3.6,,8.5,3.7,9.75,9.0,,9.0,3.75,3.7,,,,3.78,,,,,,,,,,,,,,8.5,8.0,,10.0,,,,,,K League 1,3.79,163.82,10.0,Coolbet,Not Found,2025-07-23 07:16:18
Shonan Bellmare @ Urawa Red Diamonds,Draw,2025-07-23 06:33:00,2025-07-23 07:15:25,4.8,5.0,4.5,4.5,4.4,4.8,4.85,4.8,4.8,5.0,4.88,4.9,4.8,5.5,,,,,4.85,5.2,,5.25,5.0,4.6,4.4,,4.5,4.5,4.5,,,,,,,,,,,,,,,,,4.6,4.8,4.5,,4.9,,,,,,J League,5.207,5.62,5.5,FanDuel,Not Found,2025-07-23 07:16:18
Kansas City Royals @ Chicago Cubs,Kansas City Royals,2025-07-23 14:21:00,2025-07-23 10:58:13,2.43,2.35,2.43,2.43,2.35,2.5,2.37,2.43,2.43,2.4,2.31,2.4,2.26,2.44,2.4,2.43,2.44,2.33,2.37,2.4,2.31,2.4,2.4,2.35,2.35,2.35,2.37,2.43,2.5,,,,2.3,2.4,2.42,2.44,2.4,2.45,2.25,2.37,2.3,2.3,2.32,2.24,2.45,2.3,2.35,2.35,,,,,,2.4,,MLB,2.359,5.99,2.5,Casumo,Not Found,2025-07-23 10:59:38
San Diego Padres @ Miami Marlins,San Diego Padres,2025-07-23 12:11:00,2025-07-23 12:25:39,1.83,1.85,1.82,1.82,1.78,1.83,1.86,1.83,1.79,1.91,1.73,1.78,1.8,1.96,1.95,1.8,,,1.79,1.75,,1.87,1.85,1.87,,,,1.82,1.81,,,,1.8,,,,1.95,1.83,,1.9,,,,1.67,,1.73,1.86,1.78,,,,,,,,MLB,1.812,8.16,1.96,FanDuel,Not Found,2025-07-23 12:26:26
Cincinnati Reds @ Washington Nationals,Washington Nationals,2025-07-23 12:06:00,2025-07-23 12:50:56,2.15,2.15,2.12,2.12,2.07,2.15,2.12,2.15,2.15,2.15,1.98,2.27,2.05,2.0,2.4,2.1,,,2.12,2.1,,2.15,2.25,2.3,,,,2.12,2.1,,,,2.3,,,,2.25,2.16,,2.15,,,,,,2.05,3.25,2.85,,,,,,,,MLB,2.076,56.54,3.25,Winamax (DE),Not Found,2025-07-23 12:51:32
Detroit Tigers @ Pittsburgh Pirates,Detroit Tigers,2025-07-23 12:36:00,2025-07-23 12:50:56,2.1,2.05,2.04,2.04,1.97,2.1,2.08,2.1,2.1,2.2,1.87,2.08,2.1,2.18,2.2,2.02,,,2.08,2.1,,2.1,2.1,2.15,1.72,1.72,,2.04,2.02,,,,2.15,1.72,1.78,1.78,2.15,2.21,,2.2,,,,1.69,,2.15,2.1,2.0,,,,,,1.72,,MLB,1.959,12.81,2.21,GTbets,Not Found,2025-07-23 12:51:32
San Francisco Giants @ Atlanta Braves,San Francisco Giants,2025-07-23 12:16:00,2025-07-23 13:11:33,2.5,2.5,2.5,2.5,2.48,2.5,2.36,2.5,2.5,2.38,2.32,2.45,2.05,2.3,2.4,2.5,,,2.36,2.5,,2.45,2.4,2.45,,,,2.5,2.5,,,,2.4,,,,2.25,2.6,,2.3,,,,,,2.3,2.45,2.35,,,,,,,,MLB,2.432,6.9,2.6,GTbets,Not Found,2025-07-23 13:11:42
Houston Astros @ Arizona Diamondbacks,Houston Astros,2025-07-23 15:41:00,2025-07-23 13:11:33,2.0,2.1,2.0,2.0,1.97,2.0,2.12,2.0,2.0,2.05,2.09,2.1,2.04,2.12,2.1,2.0,2.1,2.09,2.12,2.0,2.07,2.1,2.15,2.15,2.15,2.15,2.15,2.0,2.0,,,2.21,2.1,2.1,2.22,2.21,2.15,2.25,2.05,2.12,2.1,2.05,2.1,2.07,2.2,2.1,2.05,2.05,,,,,,2.1,,MLB,2.13,5.65,2.25,GTbets,Not Found,2025-07-23 13:11:42
Los Angeles Angels @ New York Mets,Los Angeles Angels,2025-07-23 13:09:00,2025-07-23 13:36:10,3.75,3.5,3.6,3.6,3.55,3.75,3.8,3.75,3.6,3.7,2.39,3.53,2.7,3.55,3.6,3.55,,,3.8,4.0,,3.75,3.8,3.8,,,,3.6,3.6,,,,3.4,,,,2.8,4.23,,3.4,,,,2.47,,4.0,3.75,3.55,,,,,,,,MLB,2.503,68.99,4.23,GTbets,Not Found,2025-07-23 13:36:15
Las Vegas Aviators @ Sacramento River Cats,Sacramento River Cats,2025-07-23 15:05:00,2025-07-23 13:58:06,,,,,,,,,,,1.66,,1.67,1.85,,1.89,,1.88,,,,1.91,,,,,,,,1.91,,,,,1.69,,1.91,,,,,,,,,,,,,,,,,,,MiLB,1.79,6.68,1.91,Caesars,Not Found,2025-07-23 13:58:19
St. Louis Cardinals @ Colorado Rockies,St. Louis Cardinals,2025-07-23 15:11:00,2025-07-23 15:10:17,1.5,1.65,1.49,1.55,1.44,1.5,1.5,1.56,1.56,1.5,1.56,1.69,1.53,1.54,1.53,1.47,1.52,,1.5,1.5,1.53,1.56,1.52,1.53,1.53,1.53,1.53,1.55,1.54,,,1.56,1.59,1.52,1.56,1.56,1.5,1.5,1.49,1.53,1.52,,1.53,1.51,1.56,1.5,1.56,1.52,,,,,,1.5,,MLB,1.593,6.08,1.69,DraftKings,Not Found,2025-07-23 15:11:51
Milwaukee Brewers @ Seattle Mariners,Milwaukee Brewers,2025-07-23 15:41:00,2025-07-23 15:49:28,2.2,2.15,2.17,2.17,2.12,2.2,2.08,2.2,2.2,2.15,2.04,2.15,2.0,2.04,2.1,2.15,1.96,1.98,2.08,2.1,1.96,2.15,2.15,2.25,1.94,1.94,1.95,2.17,2.16,,,2.0,2.15,1.98,2.04,2.04,1.95,2.21,1.9,2.05,1.97,,1.98,1.98,2.0,2.05,2.1,2.0,,,,,,1.95,,MLB,2.085,7.91,2.25,BetMGM,Not Found,2025-07-23 15:50:08
Cruzeiro @ Corinthians,Corinthians,2025-07-23 18:30:00,2025-07-23 15:57:58,2.9,2.75,2.8,2.8,2.88,2.9,2.68,2.9,2.9,2.75,2.75,2.65,2.7,2.75,,3.0,2.7,2.75,2.68,2.7,2.74,2.7,2.6,2.7,2.7,2.7,2.7,2.8,2.85,2.75,2.62,2.72,2.55,2.65,2.75,2.75,,2.69,2.5,,2.65,2.62,2.65,2.55,2.65,,2.65,2.55,2.6,2.6,,,,,,Brazil Série A,2.846,5.42,3.0,BetRivers,Not Found,2025-07-23 15:58:40
Minnesota Twins @ Los Angeles Dodgers,Minnesota Twins,2025-07-23 16:11:00,2025-07-23 16:23:33,3.95,4.05,3.8,3.85,3.7,3.95,3.8,3.95,4.0,3.7,2.96,3.68,3.0,3.65,3.6,3.75,2.78,,3.8,3.6,2.76,4.0,3.8,3.9,2.85,2.85,2.87,3.8,3.8,,,2.8,3.8,2.85,2.84,2.84,3.9,3.82,2.7,3.1,2.8,,2.8,2.75,,3.75,3.95,3.75,,,2.79,,,2.8,,MLB,3.099,30.68,4.05,Coolbet,Not Found,2025-07-23 16:23:48
Jacksonville Jumbo Shrimp @ Durham Bulls,Durham Bulls,2025-07-23 18:35:00,2025-07-23 17:31:23,,,,,,,,,,,1.64,,1.67,1.77,,1.85,,1.67,,,,1.8,,,,,,,,1.91,,,,,1.77,,1.77,,,,,,,,,,,,,,,,,,,MiLB,1.77,7.91,1.91,William Hill,Not Found,2025-07-23 17:32:01
Mirassol @ Ceará,Ceará,2025-07-23 18:01:00,2025-07-23 18:22:22,11.5,4.5,4.25,4.25,10.5,11.5,4.4,11.5,11.5,4.2,2.01,4.8,2.0,4.2,,,,,4.4,11.0,,4.2,2.2,,,,,10.5,10.5,,4.4,,11.0,,,,,,,,,,,1.94,,,11.5,10.5,,4.35,,,,,,Brazil Série A,2.127,440.76,11.5,Winamax (DE),Not Found,2025-07-23 18:24:04
Goiás @ Grêmio Novorizontino,Goiás,2025-07-23 17:59:00,2025-07-23 18:23:40,10.5,10.0,9.5,9.5,9.5,10.5,9.1,10.5,10.5,9.0,3.68,10.0,,9.8,,,,,9.1,7.5,,8.5,3.7,8.75,10.0,,8.0,9.5,9.5,,8.5,,9.5,,,,,,,,,,,,,,,,,,,,,,,Brazil Série B,3.952,165.69,10.5,Casumo,Not Found,2025-07-23 18:24:04
Volta Redonda @ Chapecoense,Chapecoense,2025-07-23 18:00:00,2025-07-23 18:23:40,2.3,2.3,2.3,2.28,2.25,2.3,2.3,2.3,2.28,2.2,1.38,2.35,1.36,2.22,,,,,2.3,2.2,,2.3,2.3,2.2,2.15,,2.15,2.28,2.28,,2.3,,2.35,,,,,,,,,,,,,,,,,,,,,,,Brazil Série B,1.497,56.99,2.35,PointsBet (AU),Not Found,2025-07-23 18:24:04
Palmeiras @ Fluminense,Palmeiras,2025-07-23 18:00:00,2025-07-23 18:22:56,3.1,3.14,3.1,3.1,3.0,3.1,3.15,3.1,3.1,3.0,2.9,3.2,3.1,3.2,,,,,3.15,3.1,,3.0,3.1,2.88,2.87,,2.87,3.1,3.05,,3.12,,3.25,,,,,,,,,,,2.47,,,3.05,2.95,,3.05,,,,,,Brazil Série A,3.072,5.79,3.25,PointsBet (AU),Not Found,2025-07-23 18:24:04
Club Bolívar @ Palestino,Palestino,2025-07-23 18:00:00,2025-07-23 18:40:59,14.0,13.0,12.5,12.5,12.0,14.0,12.5,14.0,14.0,10.0,7.13,13.0,7.0,,,,,,,,,,,,,,,,,,,,,,,,,,,,,,,,,,,,,,,,,,,Copa Sudamericana,7.747,80.72,14.0,Unibet,Not Found,2025-07-23 18:42:34
Baltimore Orioles @ Cleveland Guardians,Cleveland Guardians,2025-07-23 18:41:00,2025-07-23 18:50:23,1.83,1.85,1.83,1.83,1.78,1.83,1.82,1.83,1.87,1.83,1.63,1.88,1.75,1.74,1.87,1.81,1.76,,1.79,1.85,1.75,1.83,1.85,1.91,1.75,1.75,1.75,1.83,1.82,,,,1.87,1.75,1.76,1.78,1.83,1.76,,1.7,1.75,,1.76,1.74,,1.85,1.84,1.76,,,1.79,,,,,MLB,1.709,11.78,1.91,BetMGM,Not Found,2025-07-23 18:54:30
Charlotte Knights @ Nashville Sounds,Charlotte Knights,2025-07-23 19:35:00,2025-07-23 18:54:14,,,,,,,,,,,2.08,,2.5,2.3,,2.2,,2.25,,,,2.25,,,,,,,,2.05,,,,,2.32,,2.4,,,,,,,,,,,,,,,,,,,MiLB,2.246,11.33,2.5,Bovada,Not Found,2025-07-23 18:54:30
Gwinnett Stripers @ Memphis Redbirds,Gwinnett Stripers,2025-07-23 20:05:00,2025-07-23 19:10:48,,,,,,,,,,,1.85,,1.87,1.93,,1.83,,1.84,,,,1.91,,,,,,,,2.2,,,,,2.0,,1.91,,,,,,,,,,,,,,,,,,,MiLB,1.995,10.3,2.2,William Hill,Not Found,2025-07-23 19:11:20
Norfolk Tides @ Lehigh Valley IronPigs,Lehigh Valley IronPigs,2025-07-23 19:05:00,2025-07-23 19:09:01,,,,,,,,,,,1.76,,1.77,1.69,,1.71,,1.68,,,,2.05,,,,,,,,1.7,,,,,1.77,,1.77,,,,,,,,,,,,,,,,,,,MiLB,1.903,7.75,2.05,Betway,Not Found,2025-07-23 19:11:20
Boston Red Sox @ Philadelphia Phillies,Philadelphia Phillies,2025-07-23 19:06:00,2025-07-23 19:31:23,1.11,1.12,1.11,1.11,1.1,1.11,1.08,1.11,1.12,1.11,1.14,1.12,1.14,1.13,1.11,1.11,,,1.09,1.07,,1.12,1.12,1.12,,,,1.11,1.11,1.62,,,1.13,,,,1.15,1.1,,1.12,,,,1.64,,1.1,1.12,1.13,,,,,,,,MLB,1.191,37.67,1.64,Unibet (FR),Not Found,2025-07-23 19:31:38
New York Yankees @ Toronto Blue Jays,New York Yankees,2025-07-23 19:08:00,2025-07-23 19:31:23,1.49,1.55,1.49,1.49,1.44,1.49,1.51,1.49,1.44,1.53,1.59,1.56,1.91,1.49,1.54,1.47,,,1.51,1.45,,1.53,1.55,1.48,,,,1.49,1.48,,,,1.53,,,,1.45,1.5,,1.9,,,,1.7,,1.44,1.6,1.56,,,,,,,,MLB,1.665,14.7,1.91,Bovada,Not Found,2025-07-23 19:31:38
Chicago White Sox @ Tampa Bay Rays,Chicago White Sox,2025-07-23 19:36:00,2025-07-23 19:44:30,3.6,3.55,3.35,3.45,3.4,3.6,3.8,3.6,3.6,3.3,2.96,3.41,2.9,3.35,3.45,3.45,2.78,,3.25,3.6,2.83,3.0,3.8,3.25,2.85,2.85,2.87,3.45,3.45,2.75,,2.82,3.4,2.85,2.91,2.91,3.6,3.62,,3.1,2.8,2.75,2.85,2.75,2.8,3.25,3.5,3.35,,,2.85,,,2.8,,MLB,3.027,25.52,3.8,Nordic Bet,Not Found,2025-07-23 19:45:03
C.D. San Antonio Bulo Bulo @ Once Caldas,Draw,2025-07-23 20:30:00,2025-07-23 19:44:38,7.5,7.0,7.5,7.5,7.5,7.5,5.9,7.5,7.5,6.5,5.54,6.0,7.0,,,,6.0,5.9,,,,,,,,,,,,6.0,,,,,,,,,,,,,,5.95,,,,,,,,,,,,Copa Sudamericana,6.07,23.57,7.5,Unibet,Not Found,2025-07-23 19:45:03
Sport Recife @ Vitoria,Sport Recife,2025-07-23 20:30:00,2025-07-23 22:04:40,30.0,30.0,26.0,26.0,26.0,30.0,26.0,30.0,36.0,26.0,4.4,29.0,19.0,21.0,,,,,26.0,40.0,,26.0,26.0,29.0,23.0,,26.0,26.0,26.0,,29.0,,29.0,,,,,,,,,,,,,,30.0,30.0,,28.0,,,,,,Brazil Série A,4.665,757.48,40.0,Tipico,Not Found,2025-07-23 22:05:40
Internacional @ Santos,Santos,2025-07-23 20:32:00,2025-07-23 22:03:21,13.0,11.0,11.0,11.0,12.5,13.0,11.5,13.0,13.0,13.0,6.54,11.0,8.75,10.2,,,,,10.5,14.0,,26.0,9.0,,11.0,,12.0,12.5,12.5,,10.5,,26.0,,,,,,,,,,,,,,27.0,27.0,,10.25,,,,,,Brazil Série A,6.949,288.53,27.0,Winamax (FR),Not Found,2025-07-23 22:05:40
Flamengo @ Bragantino-SP,Bragantino-SP,2025-07-23 20:32:00,2025-07-23 22:04:54,6.4,6.0,6.1,6.1,6.0,6.4,5.8,6.4,6.4,6.5,1.74,6.5,1.6,6.5,,,,,5.8,6.5,,6.0,6.0,,6.0,,6.5,6.1,6.0,,6.5,,6.0,,,,,,,,,,,,,,5.8,5.4,,6.0,,,,,,Brazil Série A,1.845,252.28,6.5,FanDuel,Not Found,2025-07-23 22:05:40
América Mineiro @ Cuiabá,América Mineiro,2025-07-23 20:29:00,2025-07-23 22:05:29,21.0,20.0,21.0,21.0,21.0,21.0,,21.0,21.0,21.0,15.31,23.0,15.0,16.0,,,,,,30.0,,21.0,21.0,21.0,17.0,,17.0,21.0,21.0,,21.0,,21.0,,,,,,,,,,,,,,,,,,,,,,,Brazil Série B,16.562,81.14,30.0,Tipico,Not Found,2025-07-23 22:05:40
Paysandu @ Amazonas FC,Paysandu,2025-07-23 20:29:00,2025-07-23 22:05:28,10.5,11.0,10.0,10.0,9.5,10.5,10.5,10.5,10.5,12.0,8.4,11.0,8.25,10.2,,,,,10.5,14.0,,10.0,8.5,11.0,9.5,,9.5,10.0,9.5,,10.5,,11.0,,,,,,,,,,,,,,,,,,,,,,,Brazil Série B,9.11,53.69,14.0,Tipico,Not Found,2025-07-23 22:05:40
Oakland Athletics @ Texas Rangers,Oakland Athletics,2025-07-23 20:08:00,2025-07-23 22:04:57,8.0,9.0,7.5,7.5,7.0,8.0,7.82,8.0,8.5,7.5,6.0,8.2,2.2,8.5,,7.0,,,7.82,8.5,,8.5,8.0,8.5,,,,7.5,7.0,,,,8.0,,,,9.0,8.51,,6.25,,,,,,7.0,9.5,9.0,,,,,,,,MLB,6.263,51.68,9.5,Winamax (DE),Not Found,2025-07-23 22:05:40
Atlanta Dream @ Phoenix Mercury,Phoenix Mercury,2025-07-23 22:03:17,2025-07-23 23:41:34,,11.0,,,,,14.0,,,,11.54,31.0,10.5,,17.0,,,,15.0,,,12.0,10.0,17.0,,,,,,,,,,,,,10.0,10.34,,10.5,,,,,,,,,,,,,,,,WNBA,12.096,156.28,31.0,DraftKings,Not Found,2025-07-23 23:42:23
KT Wiz @ NC Dinos,NC Dinos,2025-07-24 05:30:00,2025-07-24 05:29:36,5.6,3.55,,,,,6.5,,,,2.22,5.7,2.2,3.9,5.25,5.1,,2.18,2.2,6.0,,5.5,,3.5,,,2.15,,,2.1,,,,,2.3,2.3,5.0,,1.97,2.2,,,,,2.1,,,,,,,,,,,KBO,2.321,180.0,6.5,Nordic Bet,Not Found,2025-07-24 05:41:38
Carlton Blues @ Hawthorn Hawks,Carlton Blues,2025-07-24 05:32:28,2025-07-24 05:31:54,6.5,,,,,6.4,4.82,6.4,,8.5,4.73,5.25,7.0,,,,4.45,,3.97,5.9,4.6,,5.5,,4.6,4.6,5.5,6.0,6.0,,,4.75,8.0,4.5,,,,,,,4.5,,4.4,,4.5,,,,,,,,4.3,4.4,,AFL,5.008,69.71,8.5,Paddy Power,Not Found,2025-07-24 05:41:38
Lotte Giants @ Kiwoom Heroes,Kiwoom Heroes,2025-07-24 05:30:00,2025-07-24 05:29:36,3.6,3.35,,,,,3.55,,,,3.0,3.3,2.9,3.5,3.2,3.4,,3.01,3.3,3.6,,3.2,,3.3,,,3.1,,,3.25,,,,,3.26,3.26,3.6,,2.65,3.75,,3.0,,,,,,,,,,,,,,KBO,3.158,18.74,3.75,MyBookie.ag,Not Found,2025-07-24 05:41:38
LG Twins @ Kia Tigers,LG Twins,2025-07-24 05:30:00,2025-07-24 05:29:36,2.48,2.5,,,,,2.51,,,,2.16,2.6,2.2,2.64,2.5,2.4,,2.23,2.15,2.4,,2.4,,2.54,,,2.05,,,2.05,,,,,2.2,2.2,2.35,,1.93,2.05,,,,,,,,,,,,,,,,KBO,2.271,16.27,2.64,FanDuel,Not Found,2025-07-24 05:41:38
Hanwha Eagles @ Doosan Bears,Doosan Bears,2025-07-24 05:30:55,2025-07-24 05:53:43,2.5,2.3,,,,,2.35,,,,2.07,2.45,,2.52,2.4,2.5,,,,2.3,,2.35,,2.55,,,,,,2.5,,,,,,,2.35,,,2.05,,,,,,,,,,,,,,,,KBO,2.218,14.99,2.55,BetMGM,Not Found,2025-07-24 05:54:05
SSG Landers @ Samsung Lions,SSG Landers,2025-07-24 05:30:24,2025-07-24 06:11:32,2.14,2.15,,,,,2.19,,,,2.2,2.1,2.05,2.58,2.05,2.08,,,,2.3,,2.1,,2.18,,,,,,2.05,,,,,,,2.2,,,2.4,,,,,,,,,,,,,,,,KBO,2.35,9.8,2.58,FanDuel,Not Found,2025-07-24 06:11:40
Buffalo Bisons @ Columbus Clippers,Buffalo Bisons,2025-07-24 12:05:00,2025-07-24 11:48:05,,,,,,,,,,,1.93,,1.95,2.02,,,,1.92,,,,1.95,,,,,,,,2.2,,,,,,,,,,,,,,,,,,,,,,,,,,MiLB,2.078,5.86,2.2,William Hill,Not Found,2025-07-24 11:50:49
Baltimore Orioles @ Cleveland Guardians,Baltimore Orioles,2025-07-24 13:11:00,2025-07-24 13:28:02,1.32,1.55,1.32,1.32,1.29,1.32,1.26,1.32,1.32,1.44,1.36,1.49,1.48,1.47,1.36,1.4,,,1.26,1.45,,1.53,1.42,1.33,,,,1.32,1.4,2.0,,,1.36,,,,1.38,1.35,,1.35,,,,1.97,,1.33,1.5,1.38,,,,,,,,MLB,1.411,41.76,2.0,William Hill,Not Found,2025-07-24 13:28:28
Jacksonville Jumbo Shrimp @ Durham Bulls,Durham Bulls,2025-07-24 18:35:00,2025-07-24 17:46:34,,,,,,,,,,,1.6,,1.8,1.85,,1.88,,1.68,,,,1.8,,,,,,,,1.85,,,,,1.75,,1.8,,,,,,,,,,,,,,,,,,,MiLB,1.731,8.63,1.88,BetRivers,Not Found,2025-07-24 17:46:49
Criciuma @ Botafogo,Botafogo,2025-07-24 18:00:00,2025-07-24 18:09:50,5.0,5.5,4.8,4.8,4.7,5.0,5.35,5.0,5.0,5.5,2.76,5.25,2.68,5.1,,,2.62,2.81,5.35,4.7,2.71,5.0,5.0,5.0,4.6,2.5,4.8,4.8,4.75,2.75,5.0,2.75,5.5,2.6,2.53,2.53,,,,,,,,,,,,,,,,,,,,Brazil Série B,2.865,91.98,5.5,Coolbet,Not Found,2025-07-24 18:10:39
Universidad de Chile @ Club Guaraní,Club Guaraní,2025-07-24 18:00:00,2025-07-24 18:09:54,4.3,4.0,4.2,4.2,4.1,4.3,3.9,4.3,4.3,4.0,3.75,4.5,3.85,,,,3.5,3.88,,,,,,,,,,,,3.5,,,,,,,,,,,,,,3.35,,,,,,,,,,,,Copa Sudamericana,3.895,15.52,4.5,DraftKings,Not Found,2025-07-24 18:10:39
Sao Paulo @ Juventude,Juventude,2025-07-24 18:00:00,2025-07-24 18:30:51,5.5,5.5,5.3,5.3,5.2,5.5,5.35,5.5,5.5,5.5,5.35,6.0,,5.0,,,,,5.35,6.0,,5.0,,5.75,5.75,,5.75,5.3,5.3,,5.25,,5.75,,,,,,,,,,,,,,5.3,5.0,,5.25,,,,,,Brazil Série A,5.678,5.67,6.0,DraftKings,Not Found,2025-07-24 18:34:59
Toronto Blue Jays @ Detroit Tigers,Toronto Blue Jays,2025-07-24 18:40:00,2025-07-24 18:40:04,3.05,2.8,2.95,2.95,2.9,3.05,2.78,3.05,3.05,3.0,2.24,2.91,2.7,3.0,2.8,2.95,2.14,,2.78,2.9,2.13,2.85,2.9,2.85,2.15,2.15,2.2,2.95,2.95,2.1,,2.2,2.75,2.15,2.2,2.2,2.8,2.99,2.1,2.8,2.15,,2.17,2.16,2.29,2.8,2.85,2.7,,,,,,2.1,,MLB,2.287,33.34,3.05,Unibet,Not Found,2025-07-24 18:50:15
Toledo Mud Hens @ Indianapolis Indians,Indianapolis Indians,2025-07-24 19:05:00,2025-07-24 18:48:06,,,,,,,,,,,1.58,,1.8,1.66,,1.76,,1.65,,,,1.62,,,,,,,,1.8,,,,,1.59,,1.67,,,,,,,,,,,,,,,,,,,MiLB,1.712,5.16,1.8,Bovada,Not Found,2025-07-24 18:50:15
Seattle Storm @ Chicago Sky,Chicago Sky,2025-07-24 20:30:00,2025-07-24 19:20:08,5.4,4.7,,,4.9,,4.8,5.4,5.4,5.0,4.9,5.1,5.0,5.4,5.05,5.2,5.5,,4.8,,,5.0,4.6,4.75,4.5,4.5,,5.4,,,,5.05,,,5.0,5.0,5.0,4.95,4.4,4.91,4.7,4.5,4.9,,,,,,,,,,,,,WNBA,5.118,7.47,5.5,SportsBet,Not Found,2025-07-24 19:20:55
Los Angeles Sparks @ Connecticut Sun,Connecticut Sun,2025-07-24 19:03:38,2025-07-24 19:37:01,4.9,5.2,,,4.4,,3.8,4.9,4.9,,2.82,4.25,2.05,5.0,5.3,4.5,,,3.8,,,4.5,3.6,3.4,,,,4.5,,,,,,,,,3.9,3.95,,3.65,,,,,,,,,,,,,,,,WNBA,3.014,75.83,5.3,Fanatics,Not Found,2025-07-24 19:37:44
Las Vegas Aces @ Indiana Fever,Indiana Fever,2025-07-24 19:02:50,2025-07-24 19:37:01,2.85,2.9,,,2.7,,2.9,2.85,2.85,,2.11,3.1,2.7,2.9,3.0,2.7,,,3.1,,,3.1,2.9,2.9,,,,2.75,,,,,,,,,3.15,3.07,,2.65,,,,,,,,,,,,,,,,WNBA,2.206,42.81,3.15,Caesars,Not Found,2025-07-24 19:37:44
Gwinnett Stripers @ Memphis Redbirds,Gwinnett Stripers,2025-07-24 20:05:00,2025-07-24 19:37:07,,,,,,,,,,,1.87,,1.87,2.1,,2.25,,1.88,,,,2.05,,,,,,,,2.2,,,,,2.0,,2.1,,,,,,,,,,,,,,,,,,,MiLB,2.016,11.59,2.25,BetRivers,Not Found,2025-07-24 19:37:44
San Diego Padres @ St. Louis Cardinals,St. Louis Cardinals,2025-07-24 19:46:00,2025-07-24 19:48:17,2.25,1.8,2.23,2.23,2.16,2.25,1.76,2.25,1.75,2.25,1.69,2.3,1.65,2.26,2.1,2.18,1.64,,1.75,1.7,1.65,2.3,1.85,1.71,1.65,1.64,1.65,2.23,2.2,1.62,,1.66,2.2,1.63,1.7,1.7,2.0,1.73,1.59,1.65,1.64,,1.65,1.62,1.65,2.25,1.76,2.15,,,,,,1.66,,MLB,1.725,33.31,2.3,Betway,Not Found,2025-07-24 19:48:43
Sugar Land Space Cowboys @ El Paso Chihuahuas,Sugar Land Space Cowboys,2025-07-24 20:35:00,2025-07-24 19:48:35,,,,,,,,,,,1.57,,1.69,1.68,,1.85,,1.61,,,,1.67,,,,,,,,1.8,,,,,1.61,,1.67,,,,,,,,,,,,,,,,,,,MiLB,1.698,8.97,1.85,BetRivers,Not Found,2025-07-24 19:48:43
Avai @ Remo,Avai,2025-07-24 20:38:00,2025-07-24 21:13:30,3.2,,3.15,3.15,3.1,3.2,3.2,3.2,3.2,3.0,1.74,3.2,,3.2,,,,,3.2,3.4,,3.2,3.1,3.25,3.1,,3.1,3.15,3.15,,,,,,,,,,,,,,,,,,,,,,,,,,,Brazil Série B,1.873,81.54,3.4,Tipico,Not Found,2025-07-24 21:13:40
Oakland Athletics @ Houston Astros,Houston Astros,2025-07-24 20:11:00,2025-07-24 21:02:45,4.8,4.6,4.5,4.5,4.4,4.8,4.35,4.8,4.8,4.5,3.24,4.32,2.1,2.1,,4.4,,,4.35,5.0,,4.5,4.5,4.25,,,,4.5,4.5,,,,4.75,,,,4.5,5.03,,3.45,,,,,,4.75,4.5,4.3,,,,,,,,MLB,3.4,47.94,5.03,GTbets,Not Found,2025-07-24 21:13:40
Atlético Bucaramanga @ Clube Atlético Mineiro,Atlético Bucaramanga,2025-07-24 20:30:00,2025-07-24 21:13:36,7.5,9.0,7.0,,7.0,7.5,8.6,7.5,7.5,8.0,7.03,10.0,6.25,,,,,,,,,,,,,,,,,,,,,,,,,,,,,,,,,,,,,,,,,,,Copa Sudamericana,7.589,31.77,10.0,DraftKings,Not Found,2025-07-24 21:13:40
Montreal Alouettes @ Calgary Stampeders,Montreal Alouettes,2025-07-24 21:00:00,2025-07-24 21:11:51,3.15,2.94,,,3.0,,2.95,3.15,3.15,,3.21,3.6,3.25,3.6,,3.25,,,3.2,,,3.25,,,3.1,3.1,,,,,,3.1,3.0,3.1,3.22,3.22,,,,3.42,2.95,,,,3.3,,,,,,3.3,,,,,CFL,3.326,8.24,3.6,FanDuel,Not Found,2025-07-24 21:13:40
Albuquerque Isotopes @ Salt Lake Bees,Albuquerque Isotopes,2025-07-24 21:05:00,2025-07-24 21:03:08,,,,,,,,,,,1.56,,1.59,1.66,,1.78,,1.6,,,,1.61,,,,,,,,1.73,,,,,1.71,,1.69,,,,,,,,,,,,,,,,,,,MiLB,1.687,5.5,1.78,BetRivers,Not Found,2025-07-24 21:13:40
