Match,Team,Start Time,Last Update,Unibet,Coolbet,Livescore Bet,Virgin Bet,Leovegas,Casumo,Nordic Bet,Unibet (Nl),Unibet (It),Paddy Power,Pinnacle,Draftkings,Bovada,Fanduel,Fanatics,Betrivers,Sportsbet,1Xbet,Betsson,Tipico,Marathon Bet,Betway,Tab,Betmgm,Ladbrokes,Neds,Coral,Tabtouch,Grosvenor,William Hill,Bet Victor,Betus,Pointsbet (Au),Playup,Betonline.Ag,Lowvig.Ag,Caesars,Gtbets,Parions Sport (Fr),Mybookie.Ag,Betr,Boylesports,Bet Right,Unibet (Fr),Betanysports,Everygame,888Sport,Winamax (De),Winamax (Fr),Sky Bet,Betclic (Fr),Bet365 Au,Boombet,Dabble Au,Suprabets,League,Modified Z Score,Best Odds,Best Bookmaker,Result,Scrape Time
Ñublense @ Deportes Limache,Ñublense,2025-07-25 19:00:00,2025-07-25 16:48:45,2.48,2.75,2.45,2.4,,,2.58,,,2.5,2.55,2.65,2.5,2.6,,2.55,2.5,2.57,2.58,2.65,2.57,2.5,2.6,2.55,2.45,2.45,2.45,2.48,2.48,,2.6,2.55,2.6,2.55,2.54,2.54,,2.6,2.35,,2.55,2.38,,2.45,2.55,2.55,,2.55,2.45,2.5,,,,,,Primera División - Chile,2.7,2.75,Coolbet,Ñublense,2025-07-25 16:49:12
Arizona Diamondbacks @ Pittsburgh Pirates,Arizona Diamondbacks,2025-07-25 18:41:00,2025-07-25 16:48:57,1.87,1.92,1.89,1.89,1.81,1.88,1.91,1.88,1.87,1.87,1.98,1.88,1.93,1.93,1.91,1.88,1.89,1.94,1.91,1.85,1.92,1.91,1.92,1.91,1.9,1.9,1.91,1.87,1.88,1.91,,1.96,1.9,1.92,1.96,1.96,1.91,1.96,1.85,1.93,1.9,1.87,1.92,1.89,,1.96,1.91,1.88,1.86,,,,,1.92,,MLB,2.36,1.98,Pinnacle,Arizona Diamondbacks,2025-07-25 16:49:12
Omaha Storm Chasers @ Syracuse Mets,Omaha Storm Chasers,2025-07-25 18:35:00,2025-07-25 16:48:34,,,,,,,,,,,2.14,,2.15,2.22,,2.16,,2.13,,,,2.15,,,,,,,,2.2,,,,,2.17,,2.2,,,,,,,,,,,,,,,,,,,MiLB,2.02,2.22,FanDuel,Syracuse Mets,2025-07-25 16:49:12
Buffalo Bisons @ Columbus Clippers,Columbus Clippers,2025-07-25 18:35:00,2025-07-25 17:34:06,,,,,,,,,,,,,,1.81,,1.82,,1.69,,,,1.74,,,,,,,,2.0,,,,,1.87,,1.83,,,,,,,,,,,,,,,,,,,MiLB,2.43,2.0,William Hill,Buffalo Bisons,2025-07-25 17:34:40
Toledo Mud Hens @ Indianapolis Indians,Toledo Mud Hens,2025-07-25 19:05:00,2025-07-25 18:33:42,,,,,,,,,,,2.04,,2.05,2.1,,2.04,,2.02,,,,2.05,,,,,,,,2.05,,,,,2.08,,2.1,,,,,,,,,,,,,,,,,,,MiLB,3.37,2.1,FanDuel,Toledo Mud Hens,2025-07-25 18:34:22
Philadelphia Phillies @ New York Yankees,Philadelphia Phillies,2025-07-25 19:06:00,2025-07-25 18:50:11,2.35,2.4,2.38,2.38,2.28,2.4,2.37,2.38,2.35,2.3,2.46,2.4,2.41,2.36,2.4,2.38,2.33,2.4,2.37,2.4,2.38,2.4,2.4,2.4,2.4,2.4,2.4,2.35,2.4,2.38,,2.43,2.4,2.35,2.49,2.49,2.4,2.5,2.3,2.41,2.35,,2.38,2.35,,2.45,2.35,2.35,2.35,,,,,2.35,,MLB,4.05,2.5,GTbets,Philadelphia Phillies,2025-07-25 18:50:45
Tampa Bay Rays @ Cincinnati Reds,Tampa Bay Rays,2025-07-25 19:11:00,2025-07-25 18:50:11,1.93,1.95,1.95,1.95,1.88,1.95,1.92,1.94,1.93,1.87,2.0,1.97,1.94,1.94,1.91,1.94,1.91,1.96,1.92,1.9,1.94,1.95,1.95,1.95,1.94,1.94,1.95,1.93,1.95,1.91,,1.98,1.95,1.93,1.99,1.99,1.95,1.99,1.92,1.98,1.93,,1.94,1.94,,2.0,1.91,1.96,1.94,,,,,1.92,,MLB,4.05,2.0,Pinnacle,Cincinnati Reds,2025-07-25 18:50:45
Colorado Rockies @ Baltimore Orioles,Baltimore Orioles,2025-07-25 19:06:00,2025-07-25 18:50:11,1.48,1.51,1.49,1.49,1.43,1.49,1.51,1.49,1.48,1.44,1.54,1.5,1.52,1.5,1.51,1.49,1.48,1.52,1.51,1.47,1.5,1.53,1.52,1.5,1.5,1.5,1.5,1.48,1.49,1.5,,1.54,1.53,1.5,1.55,1.55,1.51,1.55,1.47,1.51,1.49,,1.5,1.49,,1.53,1.47,1.5,1.48,,,,,1.48,,MLB,3.37,1.55,GTbets,Colorado Rockies,2025-07-25 18:50:45
Los Angeles Dodgers @ Boston Red Sox,Los Angeles Dodgers,2025-07-25 19:11:00,2025-07-25 18:50:11,1.93,1.97,1.95,1.95,1.88,1.95,1.97,1.94,1.93,1.91,2.03,1.93,1.98,1.98,1.95,1.94,1.96,1.98,1.97,1.9,1.96,1.95,2.0,1.95,1.94,1.94,1.95,1.93,1.95,1.91,,2.02,1.95,1.95,2.02,2.02,1.95,2.02,1.9,1.97,1.94,,1.96,1.91,,,1.91,1.92,1.9,,,,,1.98,,MLB,2.7,2.03,Pinnacle,Los Angeles Dodgers,2025-07-25 18:50:45
Norfolk Tides @ Lehigh Valley IronPigs,Lehigh Valley IronPigs,2025-07-25 19:05:00,2025-07-25 18:50:16,,,,,,,,,,,1.75,,1.77,1.7,,1.71,,1.71,,,,1.69,,,,,,,,1.67,,,,,1.67,,1.71,,,,,,,,,,,,,,,,,,,MiLB,2.02,1.77,Bovada,Lehigh Valley IronPigs,2025-07-25 18:50:45
California Redwoods @ Utah Archers,Utah Archers,2025-07-25 20:00:00,2025-07-25 19:19:23,1.72,,,,,,,,,,,1.71,,1.72,,1.72,,,,,,,,1.8,,,,,,,,1.71,,,1.77,,1.71,,,,,,,,,,,,,,,,,,,PLL,5.4,1.8,BetMGM,California Redwoods,2025-07-25 19:19:58
Iowa Cubs @ Louisville Bats,Iowa Cubs,2025-07-25 19:15:00,2025-07-25 19:15:40,,,,,,,,,,,1.66,,1.69,1.71,,1.68,,1.68,,,,1.69,,,,,,,,1.73,,,,,1.8,,1.71,,,,,,,,,,,,,,,,,,,MiLB,3.71,1.8,BetOnline.ag,Louisville Bats,2025-07-25 19:19:58
Charlotte Knights @ Nashville Sounds,Charlotte Knights,2025-07-25 19:35:00,2025-07-25 19:19:12,,,,,,,,,,,2.09,,2.1,2.16,,2.12,,2.06,,,,2.1,,,,,,,,2.1,,,,,2.17,,2.2,,,,,,,,,,,,,,,,,,,MiLB,3.37,2.2,Caesars,Charlotte Knights,2025-07-25 19:19:58
Phoenix Mercury @ New York Liberty,New York Liberty,2025-07-25 19:30:00,2025-07-25 19:19:36,1.38,1.41,,,1.33,,1.36,1.38,1.38,1.36,1.39,1.37,1.38,1.38,1.35,1.38,1.37,,1.36,,,1.39,1.38,1.36,1.4,1.4,,1.38,,,,1.37,,,1.39,1.39,1.38,1.38,1.32,1.39,1.41,,1.42,,,,,,,,,,,,,WNBA,2.7,1.42,Bet Right,Phoenix Mercury,2025-07-25 19:19:58
Las Vegas Aces @ Minnesota Lynx,Minnesota Lynx,2025-07-25 19:30:00,2025-07-25 19:19:54,1.2,1.22,,,1.16,,1.2,1.2,1.2,1.2,1.21,1.21,1.2,1.21,1.21,1.2,1.2,,1.2,,,1.2,1.2,1.2,1.24,1.24,,1.2,,,,1.21,,,1.22,1.22,1.18,1.2,1.17,1.19,1.22,,1.22,,,,,,,,,,,,,WNBA,2.7,1.24,Ladbrokes,Las Vegas Aces,2025-07-25 19:19:58
CF Montreal @ New England Revolution,CF Montreal,2025-07-25 19:30:00,2025-07-25 19:19:17,4.0,4.3,3.9,4.0,3.95,4.0,4.45,4.0,4.0,4.0,4.44,4.1,4.1,4.2,,4.1,4.0,4.47,4.45,,4.45,4.2,4.25,,4.0,4.0,4.0,3.95,4.0,4.2,4.2,4.45,4.3,4.2,4.45,4.45,,4.31,3.95,4.1,4.1,,4.0,3.78,,4.33,4.2,4.2,4.0,4.2,3.98,,,,,MLS,2.5,4.47,1xBet,CF Montreal,2025-07-25 19:19:58
San Diego Padres @ St. Louis Cardinals,San Diego Padres,2025-07-25 19:16:00,2025-07-25 19:19:51,1.82,1.75,1.8,1.8,1.76,1.82,1.82,1.82,1.82,1.83,1.82,1.87,1.83,1.83,1.87,1.78,1.75,,1.76,1.8,1.77,1.91,1.87,1.85,1.75,1.75,1.75,1.8,1.8,1.73,,1.81,1.87,1.75,1.79,1.79,1.71,1.87,1.72,1.76,1.75,1.73,1.77,1.75,,1.82,1.8,1.9,1.8,,,,,1.77,,MLB,2.47,1.91,Betway,St. Louis Cardinals,2025-07-25 19:19:58
Chicago Cubs @ Chicago White Sox,Chicago Cubs,2025-07-25 19:41:00,2025-07-25 19:19:52,1.51,1.55,1.53,1.53,1.47,1.53,1.54,1.53,1.51,1.5,1.57,1.53,1.55,1.54,1.54,1.53,1.52,1.57,1.54,1.5,1.55,1.56,1.55,1.54,1.55,1.55,1.55,1.51,1.53,1.53,,1.57,1.56,1.55,1.57,1.57,1.53,1.57,,1.54,1.53,,1.55,1.52,,1.57,1.53,1.52,1.52,,,,,1.52,,MLB,2.02,1.57,GTbets,Chicago White Sox,2025-07-25 19:19:58
Worcester Red Sox @ St. Paul Saints,St. Paul Saints,2025-07-25 20:07:00,2025-07-25 19:35:39,,,,,,,,,,,1.53,,1.54,1.61,,1.61,,1.57,,,,1.61,,,,,,,,1.62,,,,,1.67,,1.62,,,,,,,,,,,,,,,,,,,MiLB,4.05,1.67,BetOnline.ag,Worcester Red Sox,2025-07-25 19:35:48
Toronto Blue Jays @ Detroit Tigers,Toronto Blue Jays,2025-07-25 19:11:00,2025-07-25 19:34:36,2.45,2.25,2.23,2.23,2.35,2.45,2.17,2.45,2.25,2.15,2.3,2.2,2.1,2.2,2.2,2.38,,,2.22,2.3,,2.3,2.25,2.4,,,,2.4,2.4,,,,2.3,,,,2.35,2.26,,2.05,,,,,,,2.25,2.25,2.2,,,,,,,MLB,2.7,2.45,Unibet,Toronto Blue Jays,2025-07-25 19:35:48
Cleveland Guardians @ Kansas City Royals,Kansas City Royals,2025-07-25 20:11:00,2025-07-25 19:35:32,1.88,1.86,1.91,1.91,1.83,1.92,1.83,1.91,1.88,1.83,1.88,1.79,1.84,1.86,1.83,1.91,1.84,1.85,1.83,1.77,1.83,1.8,1.85,1.87,1.85,1.87,1.85,1.88,1.92,1.8,,1.87,1.83,1.85,1.87,1.87,1.83,1.87,1.77,1.81,1.84,,1.86,1.78,,1.88,1.8,1.78,1.78,,,,,1.82,,MLB,2.36,1.92,Casumo,Kansas City Royals,2025-07-25 19:35:48
Oakland Athletics @ Houston Astros,Oakland Athletics,2025-07-25 20:11:00,2025-07-25 19:35:32,2.07,2.13,2.1,2.1,2.02,2.1,2.12,2.1,2.07,2.05,2.17,2.16,2.12,2.14,,2.08,2.11,2.11,2.12,2.2,2.09,2.15,2.15,2.15,2.15,2.15,2.15,2.07,2.1,2.1,,2.17,2.05,2.12,2.14,2.14,2.1,2.16,2.1,2.15,2.1,,2.13,2.12,,2.15,2.1,2.1,2.1,,,,,2.1,,MLB,2.29,2.2,Tipico,Oakland Athletics,2025-07-25 19:35:48
Washington Nationals @ Minnesota Twins,Minnesota Twins,2025-07-25 20:11:00,2025-07-25 19:48:25,1.65,1.63,1.67,1.67,1.61,1.67,1.61,1.67,1.65,1.6,1.62,1.59,1.61,1.63,1.61,1.67,1.62,1.61,1.61,1.55,1.59,1.59,1.65,1.59,1.6,1.58,1.6,1.65,1.67,1.62,,1.63,1.63,1.63,1.63,1.63,1.61,1.63,1.57,1.61,1.61,,1.62,1.58,,1.62,1.6,1.58,1.58,,,,,1.57,,MLB,2.02,1.67,Virgin Bet,Minnesota Twins,2025-07-25 19:48:33
Belgrano de Cordoba @ Independiente Rivadavia,Belgrano de Cordoba,2025-07-25 20:15:00,2025-07-25 19:55:15,,,3.3,3.3,,,3.35,,,3.4,3.47,3.35,3.35,3.6,,3.3,3.5,3.58,3.35,,3.55,3.3,3.4,3.4,3.5,,,,,,3.4,,,3.4,3.75,3.75,,,3.2,,3.25,,3.3,,,3.35,,,,3.3,3.2,,,,,Primera División - Argentina,5.4,3.75,BetOnline.ag,Draw,2025-07-25 19:56:02
Atlanta Braves @ Texas Rangers,Texas Rangers,2025-07-25 20:06:00,2025-07-25 19:55:15,1.63,1.65,1.65,1.65,1.57,1.65,1.63,1.65,1.63,1.6,1.71,1.64,1.67,1.65,1.67,1.65,1.64,1.67,1.63,1.6,1.65,1.62,1.65,1.65,1.64,1.64,1.65,1.63,1.65,1.67,,1.68,1.67,,1.7,1.7,1.65,1.7,1.6,1.65,1.64,,1.65,1.62,,1.69,1.65,1.62,1.62,,,,,1.65,,MLB,2.02,1.71,Pinnacle,Texas Rangers,2025-07-25 19:56:02
CA Tigre BA @ Union Santa Fe,Draw,2025-07-25 20:18:00,2025-07-25 21:10:09,2.48,,2.45,2.45,,,2.25,,,2.2,2.56,2.3,2.2,2.2,,,,,2.25,,,2.3,,2.2,2.25,,,,,,2.38,,,,,,,,,,,,,,,,,,,,2.2,,,,,Primera División - Argentina,4.18,2.56,Pinnacle,Draw,2025-07-25 21:10:45
Edmonton Elks @ Saskatchewan Roughriders,Edmonton Elks,2025-07-25 21:00:00,2025-07-25 21:09:56,4.25,4.2,,,4.0,,4.75,4.25,3.7,,4.42,5.2,4.3,4.5,,4.25,,,4.75,,,4.75,,,4.25,4.25,,,,,,4.25,4.5,4.3,4.26,4.26,4.45,,,4.67,4.0,,,,,4.5,,,,,,,,,,CFL,4.0,5.2,DraftKings,Edmonton Elks,2025-07-25 21:10:45
New York City FC @ FC Dallas,Draw,2025-07-25 20:40:00,2025-07-25 21:10:05,3.1,3.14,3.05,3.05,2.95,3.1,3.05,3.1,3.1,3.0,3.31,3.1,3.1,2.9,,,,,3.05,,,2.9,,,2.8,,2.8,3.05,3.05,,3.0,,3.2,,,,,,,3.05,,,,,,,3.0,2.9,2.8,,2.9,,,,,MLS,3.51,3.31,Pinnacle,New York City FC,2025-07-25 21:10:45
Pumas @ Querétaro,Draw,2025-07-25 21:00:00,2025-07-25 20:59:52,3.05,3.14,3.0,3.0,2.9,3.05,3.05,3.05,3.05,3.25,3.45,3.15,,3.2,,,3.2,3.3,3.05,2.9,3.32,3.2,3.25,,,3.1,,3.0,2.95,3.1,3.12,3.35,,,3.5,3.5,,3.33,,,,,3.15,,,3.15,3.1,,,3.25,3.05,,,,,Liga MX,3.12,3.5,LowVig.ag,Pumas,2025-07-25 21:10:45
New York Mets @ San Francisco Giants,San Francisco Giants,2025-07-25 22:16:00,2025-07-25 21:10:41,1.64,1.71,1.66,1.66,1.6,1.66,1.68,1.66,1.64,1.67,1.76,1.69,1.72,1.7,1.69,1.65,1.69,1.71,1.68,1.65,1.69,1.71,1.7,1.74,1.73,1.72,1.73,1.64,1.66,1.67,,1.73,1.71,1.68,1.71,1.71,1.71,1.71,1.67,1.71,1.69,1.67,1.7,1.68,,1.75,1.67,1.68,1.68,,,,,1.72,,MLB,2.36,1.76,Pinnacle,New York Mets,2025-07-25 21:10:45
Santos Laguna @ Puebla,Santos Laguna,2025-07-25 21:00:00,2025-07-25 21:00:45,3.8,4.0,3.7,3.7,3.6,3.8,3.65,3.8,3.8,3.5,3.87,4.0,,3.8,,,3.7,3.82,3.9,3.8,3.72,3.5,3.7,,,3.4,,3.7,3.65,3.6,3.8,3.65,,,4.0,4.0,,3.74,,,,3.4,3.7,,,3.5,3.6,,,3.75,3.55,,,,,Liga MX,2.02,4.0,DraftKings,Puebla,2025-07-25 21:10:45
Seattle Mariners @ Los Angeles Angels,Seattle Mariners,2025-07-25 21:39:00,2025-07-25 21:10:41,1.75,1.8,1.77,1.77,1.7,1.77,1.78,1.77,1.75,1.75,1.83,1.79,1.76,1.77,1.77,1.77,1.76,1.82,1.78,1.75,1.8,1.8,1.8,1.77,1.75,1.75,1.75,1.75,1.77,1.8,,1.82,1.77,1.77,1.8,1.8,1.8,1.8,1.76,1.79,1.78,,1.8,1.77,,1.82,1.75,1.78,1.76,,,,,1.78,,MLB,2.02,1.83,Pinnacle,Seattle Mariners,2025-07-25 21:10:45
Dallas Wings @ Golden State Valkyries,Golden State Valkyries,2025-07-25 22:00:00,2025-07-25 21:10:42,1.56,1.56,,,1.5,,1.55,1.56,1.56,1.53,1.59,1.56,1.57,1.56,1.57,1.56,1.54,,1.55,,,1.57,,1.57,1.58,1.58,,1.56,,,,1.59,,,1.58,1.58,1.56,1.56,1.52,1.55,1.56,1.53,1.59,,,,,,,,,,,,,WNBA,2.02,1.59,Pinnacle,Dallas Wings,2025-07-25 21:10:45
Portland Timbers @ Los Angeles FC,Portland Timbers,2025-07-25 22:30:00,2025-07-25 21:10:05,6.75,7.7,6.5,6.75,6.75,6.75,7.8,6.75,6.75,8.0,7.61,7.0,7.0,8.0,,7.0,7.5,7.55,7.8,,7.5,7.0,7.5,,7.0,7.0,7.0,6.75,6.75,7.5,7.5,7.0,8.0,7.25,8.5,8.5,,7.53,6.4,7.0,8.0,6.5,7.5,6.45,,7.0,7.5,6.75,6.25,7.0,,,,,,MLS,2.02,8.5,LowVig.ag,Portland Timbers,2025-07-25 21:10:45
Brisbane Lions @ Gold Coast Suns,Brisbane Lions,2025-07-25 23:20:22,2025-07-25 22:59:53,1.54,1.56,,,,1.55,1.55,1.55,,1.53,1.5,1.45,1.5,,,,1.51,,1.55,1.5,1.53,,1.55,,1.57,1.57,1.57,1.55,1.55,,,1.62,1.53,1.52,,,,,,,1.55,,1.53,,,1.45,,,,,,,1.53,1.53,,AFL,5.4,1.62,BetUS,Gold Coast Suns,2025-07-25 23:00:17
FC Juárez @ Tijuana,FC Juárez,2025-07-25 23:00:00,2025-07-25 22:59:41,3.7,4.0,3.65,3.65,3.55,3.4,3.35,3.4,3.7,3.5,4.02,3.35,,3.6,,3.7,3.5,3.64,3.35,3.4,3.48,3.25,3.3,,,3.25,,3.35,3.3,3.3,3.3,3.5,,,3.75,3.75,,3.48,,,,,3.3,,,3.05,3.3,,,3.2,3.25,,,,,Liga MX,4.18,4.02,Pinnacle,Draw,2025-07-25 23:00:17
Wests Tigers @ Penrith Panthers,Wests Tigers,2025-07-26 03:30:00,2025-07-25 22:59:31,3.95,,,,3.8,4.1,4.4,4.1,,,4.71,,4.3,,,4.0,4.1,,4.4,4.2,4.33,,4.0,,3.9,3.9,4.5,4.1,4.1,,,3.62,4.0,4.0,,,,,,,4.1,,4.0,,,,,4.5,4.5,,,,4.0,4.0,,NRL,4.11,4.71,Pinnacle,Penrith Panthers,2025-07-25 23:00:17
West Coast Eagles @ Fremantle Dockers,West Coast Eagles,2025-07-26 02:15:37,2025-07-25 22:59:53,10.0,11.5,,,,10.0,7.6,10.0,,9.0,15.33,9.5,,,,,11.5,,7.6,9.0,16.25,,11.0,,11.0,11.0,10.0,10.0,10.0,,,,13.0,12.0,,,,,,,12.0,,11.0,,,11.0,,,,,,,11.0,13.0,,AFL,3.54,16.25,Marathon Bet,Fremantle Dockers,2025-07-25 23:00:17
Gold Coast Titans @ New Zealand Warriors,Gold Coast Titans,2025-07-26 01:00:00,2025-07-25 22:59:31,3.6,,,,3.45,3.7,3.8,3.7,,,3.68,,3.75,,,3.6,3.73,,3.8,3.8,3.74,,3.8,,3.75,3.75,4.0,3.7,3.7,,,3.32,3.8,3.8,,,,,,,3.7,,3.7,,,,,3.85,3.85,,,,3.7,3.75,,NRL,2.92,4.0,Coral,Gold Coast Titans,2025-07-25 23:00:17
Nashville SC @ San Diego FC,Nashville SC,2025-07-25 22:40:00,2025-07-25 22:59:33,2.95,3.14,2.95,2.95,2.85,2.95,3.05,2.95,2.95,3.0,3.03,3.15,3.05,2.95,,,,,3.05,,,2.9,,,2.75,,2.75,2.95,2.95,,3.0,,3.0,,,,,,,2.85,,,,,,,2.9,2.9,2.8,,2.95,,,,,MLS,2.7,3.15,DraftKings,San Diego FC,2025-07-25 23:00:17
Chunichi Dragons @ Tokyo Yakult Swallows,Chunichi Dragons,2025-07-26 05:00:00,2025-07-25 23:59:19,1.6,1.65,,,,,1.65,,,,1.68,1.68,1.65,1.65,1.62,1.6,,1.67,1.65,1.62,,1.62,,1.62,,,1.6,,,1.66,,1.68,,,1.62,1.62,1.69,,1.55,1.64,,1.62,,,,1.62,1.61,,,,,,,,,NPB,2.36,1.69,Caesars,Tokyo Yakult Swallows,2025-07-25 23:59:31
Chiba Lotte Marines @ Hokkaido Nippon-Ham Fighters,Chiba Lotte Marines,2025-07-26 05:00:00,2025-07-26 01:27:23,2.4,2.4,,,,,2.4,,,,2.46,2.4,2.35,2.38,2.25,2.35,,2.38,2.4,2.35,,2.25,,2.4,,,2.37,,,2.38,,2.36,,,2.45,2.45,2.3,,2.1,2.3,,2.3,,,,2.3,2.25,,,,,,,,,NPB,2.02,2.46,Pinnacle,Hokkaido Nippon-Ham Fighters,2025-07-26 01:27:25
SSG Landers @ Hanwha Eagles,Hanwha Eagles,2025-07-26 05:00:00,2025-07-26 02:17:24,1.64,1.65,,,,,1.62,,,,1.63,1.65,1.61,1.62,1.67,1.63,,1.65,1.62,1.55,,1.61,,1.61,,,1.57,,,1.6,,,,,1.62,1.62,1.62,,1.53,1.61,,1.62,,,,1.6,,,,,,,,,,KBO,3.37,1.67,Fanatics,SSG Landers,2025-07-26 02:17:53
LG Twins @ Doosan Bears,LG Twins,2025-07-26 05:00:00,2025-07-26 02:46:56,1.71,1.72,,,,,1.72,,,,1.72,1.74,1.69,1.71,1.74,1.71,,1.73,1.72,1.62,,1.69,,1.71,,,1.7,,,1.67,,,,,1.71,1.71,1.71,,1.6,1.69,,1.67,,,,1.65,,,,,,,,,,KBO,2.02,1.74,Fanatics,LG Twins,2025-07-26 02:47:36
Orix Buffaloes @ Fukuoka SoftBank Hawks,Orix Buffaloes,2025-07-26 05:00:00,2025-07-26 02:46:56,2.43,2.43,,,,,2.4,,,,2.47,2.42,2.35,2.4,2.3,2.4,,2.4,2.4,2.35,,2.3,,2.4,,,2.37,,,2.38,,2.37,,,2.45,2.45,2.25,,2.15,2.33,,2.3,,,,2.35,2.38,,,,,,,,,NPB,2.02,2.47,Pinnacle,Fukuoka SoftBank Hawks,2025-07-26 02:47:36
Yomiuri Giants @ Hiroshima Toyo Carp,Hiroshima Toyo Carp,2025-07-26 05:00:00,2025-07-26 03:24:09,1.64,1.71,,,,,1.68,,,,1.74,1.74,1.69,1.69,1.65,1.64,,1.72,1.68,1.6,,1.67,,1.61,,,1.57,,,1.66,,1.74,,,1.69,1.69,1.69,,1.58,1.67,,1.67,,,,1.65,1.67,,,,,,,,,NPB,2.36,1.74,BetUS,Yomiuri Giants,2025-07-26 03:24:46
Yokohama DeNA BayStars @ Hanshin Tigers,Hanshin Tigers,2025-07-26 05:00:00,2025-07-26 03:24:09,1.61,1.65,,,,,1.65,,,,1.69,1.68,1.69,1.63,1.61,1.61,,1.65,1.65,1.55,,1.61,,1.62,,,1.6,,,1.66,,1.69,,,1.67,1.67,1.67,,1.54,1.62,,1.62,,,,1.6,1.61,,,,,,,,,NPB,2.02,1.69,Bovada,Hanshin Tigers,2025-07-26 03:24:46
Samsung Lions @ KT Wiz,Samsung Lions,2025-07-26 05:00:00,2025-07-26 04:38:01,1.79,1.84,,,,,1.82,,,,1.89,1.85,1.87,1.83,1.83,1.78,,1.88,1.82,1.85,,1.8,,1.8,,,1.75,,,1.7,,,,,1.8,1.8,1.8,,1.69,1.79,,,,,,1.75,,,,,,,,,,KBO,2.02,1.89,Pinnacle,Samsung Lions,2025-07-26 04:38:36
Jeju United FC @ Sangju Sangmu FC,Jeju United FC,2025-07-26 06:00:00,2025-07-26 05:08:45,3.5,3.6,3.5,3.5,3.45,3.5,3.45,3.5,3.5,3.5,3.92,3.5,3.45,3.6,,3.55,3.5,3.52,3.45,3.5,3.54,3.4,3.5,3.4,3.25,3.25,3.25,3.5,3.5,3.5,,,3.4,3.4,3.25,3.25,,,3.35,,3.4,3.1,,3.38,,,,3.55,3.4,,3.43,,,,,K League 1,5.67,3.92,Pinnacle,Sangju Sangmu FC,2025-07-26 05:09:04
Jeonbuk Hyundai Motors @ Gwangju FC,Gwangju FC,2025-07-26 06:00:00,2025-07-26 05:08:45,3.45,3.75,3.45,3.45,3.35,3.45,3.4,3.45,3.45,3.6,3.86,3.6,3.55,3.8,,3.5,3.7,3.65,3.4,3.8,3.66,3.5,3.6,3.5,3.4,3.4,3.4,3.45,3.45,3.6,,,3.5,3.5,3.45,3.45,,,3.35,,3.6,3.3,,3.35,,,,3.55,3.4,,3.4,,,,,K League 1,5.53,3.86,Pinnacle,Jeonbuk Hyundai Motors,2025-07-26 05:09:04
FC Anyang @ Suwon FC,Suwon FC,2025-07-26 06:00:00,2025-07-26 05:08:45,2.17,2.35,2.17,2.17,2.12,2.17,2.28,2.17,2.17,2.2,2.55,2.35,2.25,2.3,,2.2,2.25,2.35,2.28,2.25,2.27,2.3,2.3,2.3,2.25,2.25,2.25,2.17,2.17,2.3,,,2.25,2.15,2.28,2.28,,,2.15,,2.25,2.15,,2.2,,,,2.3,2.25,,2.26,,,,,K League 1,4.05,2.55,Pinnacle,Suwon FC,2025-07-26 05:09:04
Cronulla Sutherland Sharks @ South Sydney Rabbitohs,Cronulla Sutherland Sharks,2025-07-26 05:35:00,2025-07-26 05:08:57,1.18,,,,1.14,1.18,1.19,1.18,,,1.23,,1.18,,,1.18,1.17,,1.19,1.2,1.18,,1.18,,1.18,1.18,1.22,1.18,1.18,,,1.22,1.17,1.19,,,,,,,1.2,,1.22,,,,,1.19,1.19,,,,1.17,1.17,,NRL,3.37,1.23,Pinnacle,Geelong Cats,2025-07-26 05:09:04
Geelong Cats @ North Melbourne Kangaroos,Geelong Cats,2025-07-26 05:35:23,2025-07-26 05:08:39,1.04,1.06,,,,1.05,1.05,1.05,,1.07,1.04,1.06,1.04,,,,1.06,,1.05,1.05,1.03,,1.06,,1.08,1.08,1.05,1.05,1.05,,,,1.07,1.07,,,,,,,,,1.06,,,,,,,,,,1.06,1.06,,AFL,3.37,1.08,Ladbrokes,Cronulla Sutherland Sharks,2025-07-26 05:09:04
India @ England,England,2025-07-26 06:00:00,2025-07-26 05:08:45,1.22,,1.22,1.22,,,,,,1.17,,,,,,1.21,,,,,,1.2,1.2,,1.2,1.2,,1.2,,,,,1.2,,,,,,,,1.18,,,,,,,,,,,,,,,Test Matches,2.7,1.22,Unibet,Adelaide Crows,2025-07-26 05:09:04
Saitama Seibu Lions @ Tohoku Rakuten Golden Eagles,Tohoku Rakuten Golden Eagles,2025-07-26 05:00:49,2025-07-26 05:43:49,1.56,1.6,,,,,1.62,,,,1.93,1.57,1.8,1.56,1.5,1.54,,,1.62,1.6,,1.53,,1.54,,,,,,,,,,,,,1.67,,,1.7,,,,,,,1.57,,,,,,,,,NPB,5.82,1.93,Pinnacle,Tohoku Rakuten Golden Eagles,2025-07-26 05:43:58
Qingdao West Coast FC @ Shanghai SIPG FC,Qingdao West Coast FC,2025-07-26 07:00:00,2025-07-26 05:43:14,7.0,7.75,6.75,6.75,6.5,,6.9,7.0,7.0,7.5,8.75,7.5,8.25,7.5,,7.0,7.5,7.7,6.9,7.0,7.6,,,,6.5,6.5,,7.0,7.0,7.0,7.5,8.25,7.0,7.0,6.9,6.9,,7.31,6.4,,,6.5,7.0,6.25,,7.5,,7.25,6.75,,,,,,,Super League - China,4.22,8.75,Pinnacle,Draw,2025-07-26 05:43:58
Kia Tigers @ Lotte Giants,Lotte Giants,2025-07-26 05:00:00,2025-07-26 05:43:48,1.93,1.94,,,,,1.92,,,,1.41,1.71,1.29,1.83,1.65,1.67,,,,1.9,,1.8,,1.98,,,,,,1.91,,,,,,,2.2,,,1.4,,,,,,,,,,,,,,,,KBO,2.08,2.2,Caesars,Lotte Giants,2025-07-26 05:43:58
Kiwoom Heroes @ NC Dinos,NC Dinos,2025-07-26 05:00:00,2025-07-26 05:37:02,2.75,2.6,,,,,2.69,,,,1.34,2.6,2.5,2.64,2.55,2.65,,,,2.55,,2.6,,2.6,,,,,,1.67,,,,,,,2.75,,,2.6,,,,,,,,,,,,,,,,KBO,2.02,2.75,Caesars,NC Dinos,2025-07-26 05:51:36
AC Oulu @ IFK Mariehamn,Draw,2025-07-26 09:00:00,2025-07-26 06:20:00,3.3,3.55,3.25,3.25,3.15,3.3,3.45,3.3,3.3,3.25,3.61,3.4,3.35,3.4,,3.3,3.2,3.45,3.45,3.4,3.46,3.3,3.4,3.3,3.1,3.1,3.1,3.3,3.3,3.2,3.4,3.35,3.3,3.4,3.35,3.35,,3.32,3.2,,,3.3,3.25,3.18,3.35,3.35,,,,,,,,,,Veikkausliiga - Finland,4.18,3.61,Pinnacle,AC Oulu,2025-07-26 06:20:57
Górnik Zabrze @ Piast Gliwice,Górnik Zabrze,2025-07-26 08:45:00,2025-07-26 06:20:28,2.8,2.9,2.75,2.75,2.65,2.8,2.78,2.8,2.8,2.7,2.92,2.85,2.8,2.8,,2.75,2.62,2.82,2.78,2.8,2.82,2.7,2.8,2.8,2.7,,2.7,2.8,2.8,,2.7,2.8,,2.75,2.77,2.77,,,2.65,,2.75,2.62,2.75,,,,2.75,2.75,2.65,,2.72,,,,,Ekstraklasa - Poland,3.37,2.92,Pinnacle,Górnik Zabrze,2025-07-26 06:20:57
Beijing FC @ Chengdu Rongcheng FC,Draw,2025-07-26 07:35:00,2025-07-26 06:20:27,3.95,4.0,3.85,3.85,3.8,,3.95,3.95,3.95,3.8,4.19,4.0,4.05,4.0,,3.95,3.9,4.12,3.95,4.0,3.98,4.0,,,3.8,3.8,,3.95,3.95,3.8,4.0,4.0,3.8,3.85,4.05,4.05,,4.08,3.8,,,3.8,3.9,,,3.9,,4.0,3.8,,,,,,,Super League - China,3.24,4.19,Pinnacle,Chengdu Rongcheng FC,2025-07-26 06:20:57
FC KTP @ FC Haka,Draw,2025-07-26 08:00:00,2025-07-26 06:20:00,3.55,4.1,3.5,3.5,3.4,3.55,3.85,3.55,3.55,3.7,3.92,3.85,3.7,3.8,,3.55,3.6,3.8,3.8,3.8,3.8,3.75,3.6,3.7,3.5,3.5,3.5,3.55,3.55,3.5,3.7,3.7,3.7,3.6,3.75,3.75,,3.78,3.55,,,3.75,3.6,3.52,3.7,3.65,,,,,,,,,,Veikkausliiga - Finland,2.29,4.1,Coolbet,FC KTP,2025-07-26 06:20:57
Halmstads BK @ GAIS,GAIS,2025-07-26 09:00:00,2025-07-26 06:40:54,1.29,1.37,1.26,1.26,1.29,1.32,1.33,1.32,1.32,1.25,1.34,,1.33,1.29,,1.34,1.22,1.33,1.33,1.3,,,,1.33,1.3,1.3,1.3,1.27,1.27,1.33,,1.33,1.28,1.3,1.33,1.33,,1.32,1.27,,1.3,1.33,1.3,1.29,1.33,1.33,1.33,1.32,1.3,,1.3,,,,,Allsvenskan - Sweden,2.02,1.37,Coolbet,GAIS,2025-07-26 06:41:45
Shenzhen Peng City FC @ Yunnan Yukun,Yunnan Yukun,2025-07-26 08:00:00,2025-07-26 06:58:55,1.63,1.7,1.6,1.6,1.56,,1.68,1.63,1.63,1.65,1.73,1.69,1.72,1.67,,1.62,1.66,1.74,1.68,1.65,1.71,1.67,,,1.65,1.65,,1.63,1.63,1.65,1.67,1.67,1.65,1.68,1.68,1.68,,1.7,1.6,,,1.62,1.66,1.58,,1.67,,1.68,1.64,,,,,,,Super League - China,2.7,1.74,1xBet,Yunnan Yukun,2025-07-26 06:59:38
Örebro SK @ GIF Sundsvall,GIF Sundsvall,2025-07-26 09:00:00,2025-07-26 07:18:49,2.2,2.25,2.16,2.2,2.12,2.2,2.22,2.2,2.2,2.2,2.26,2.3,2.25,2.25,,2.2,2.1,2.28,2.22,2.05,2.26,2.25,2.15,2.25,2.2,,2.2,2.2,2.2,2.3,2.25,2.24,2.25,2.15,2.35,2.35,,,,,,2.1,,,2.35,2.2,2.3,,,,,,,,,Superettan - Sweden,2.36,2.35,LowVig.ag,Draw,2025-07-26 07:19:41
Malmo FF @ IF Brommapojkarna,IF Brommapojkarna,2025-07-26 09:00:00,2025-07-26 07:19:36,3.9,3.8,3.8,3.8,3.9,3.95,3.55,3.95,3.95,3.5,3.66,3.65,3.55,3.7,,4.0,3.4,3.65,3.55,3.6,,3.5,,3.5,3.3,3.3,3.3,3.85,3.85,3.5,3.4,3.5,3.5,3.35,3.5,3.5,,3.62,3.35,,3.5,3.3,3.6,3.35,3.5,3.5,3.6,3.5,3.35,,3.42,,,,,Allsvenskan - Sweden,2.25,4.0,BetRivers,Malmo FF,2025-07-26 07:19:41
Cercle Brugge KSV @ Dender,Dender,2025-07-26 10:00:00,2025-07-26 08:41:40,3.0,3.0,2.95,2.95,3.0,3.05,3.05,3.1,3.05,2.9,3.13,3.0,3.05,3.1,,3.15,2.8,3.12,3.05,3.1,3.1,,2.9,3.0,3.0,,3.0,3.0,3.0,,3.0,3.05,2.9,2.9,2.84,2.84,,,2.9,,3.0,2.8,,,,3.0,,3.0,2.85,3.0,2.93,,,,3.14,Belgium First Div,2.02,3.15,BetRivers,Draw,2025-07-26 08:41:45
KFUM @ Kristiansund BK,Kristiansund BK,2025-07-26 10:00:00,2025-07-26 09:18:10,3.6,4.1,3.5,3.5,3.55,3.6,3.7,3.6,3.6,3.8,4.07,3.9,3.7,3.9,,3.7,3.7,,3.7,3.9,3.92,3.6,3.8,3.75,3.6,3.6,3.6,3.55,3.6,3.6,3.75,3.8,3.6,3.75,3.8,3.8,,3.84,3.45,,,,3.7,,,3.75,,3.65,3.5,3.75,3.55,,,,,Eliteserien - Norway,2.7,4.1,Coolbet,Draw,2025-07-26 09:18:16
HamKam @ Haugesund,Haugesund,2025-07-26 10:00:00,2025-07-26 09:18:10,3.15,3.35,3.1,3.1,3.15,3.2,3.25,3.2,3.2,3.25,3.39,3.3,3.25,3.4,,3.25,3.1,3.35,3.25,3.3,3.32,3.2,3.15,3.25,3.1,3.1,3.1,3.15,3.15,3.3,3.1,3.25,3.1,3.0,3.15,3.15,,3.33,3.05,,,,3.25,,,3.15,,3.2,3.1,3.1,3.15,,,,,Eliteserien - Norway,2.7,3.4,FanDuel,HamKam,2025-07-26 09:18:16
Sandvikens IF @ IK Oddevold,Sandvikens IF,2025-07-26 09:00:00,2025-07-26 09:17:48,2.75,2.88,2.7,2.7,2.65,2.75,2.78,2.75,2.75,2.62,2.8,2.85,2.68,2.75,,,,,2.78,2.9,,2.7,,2.7,2.62,,2.62,,2.7,2.62,2.7,,2.8,,,,,,,,,,,,,,2.62,,,,,,,,,Superettan - Sweden,2.7,2.9,Tipico,KFUM,2025-07-26 09:18:16
Umeå FC @ IK Brage,Draw,2025-07-26 11:00:00,2025-07-26 09:17:48,4.3,4.25,4.2,4.3,4.1,4.3,4.25,4.3,4.3,4.0,4.28,4.2,,4.3,,4.25,3.9,4.3,4.25,4.2,4.3,4.2,4.0,4.2,4.0,,4.0,4.3,4.3,4.0,4.2,4.22,4.25,4.0,4.45,4.45,,,,,,4.0,,,4.45,4.0,4.0,,,,,,,,,Superettan - Sweden,2.7,4.45,BetOnline.ag,Pogoń Szczecin,2025-07-26 09:18:16
Motor Lublin @ Pogoń Szczecin,Motor Lublin,2025-07-26 11:30:00,2025-07-26 09:18:04,4.9,5.25,4.8,4.75,4.7,4.9,4.95,4.9,4.9,5.0,5.17,5.0,4.9,5.3,,4.9,4.75,5.05,4.95,5.0,5.15,4.5,4.75,4.8,4.5,,4.5,4.9,4.9,,4.8,4.9,,4.75,4.4,4.4,,,4.7,,4.9,4.5,5.0,,,,4.8,4.8,4.6,,4.9,,,,,Ekstraklasa - Poland,2.7,5.3,FanDuel,Draw,2025-07-26 09:18:16
IFK Norrkoping @ Degerfors IF,IFK Norrkoping,2025-07-26 11:30:00,2025-07-26 09:18:10,3.0,3.1,2.95,2.95,3.0,3.05,3.05,3.05,3.05,2.9,3.1,3.05,3.0,3.0,,3.15,2.87,3.04,3.05,2.95,,3.1,,3.1,2.9,2.9,2.9,2.95,2.95,3.0,2.9,3.12,2.9,,3.05,3.05,,3.16,2.95,,2.9,2.88,2.95,2.92,,3.0,3.1,3.05,2.9,,2.98,,,,,Allsvenskan - Sweden,2.16,3.16,GTbets,Draw,2025-07-26 09:18:16
Sarpsborg FK @ Sandefjord,Sarpsborg FK,2025-07-26 10:00:00,2025-07-26 09:18:10,3.05,3.35,2.95,2.95,3.0,3.05,3.15,3.05,3.05,3.1,3.35,3.25,3.05,3.2,,3.1,3.0,3.33,3.15,3.2,3.3,3.2,3.15,3.2,3.1,3.1,3.1,3.0,3.05,3.1,3.2,3.15,3.0,3.1,3.25,3.25,,3.18,2.95,,,,3.05,,,3.1,,3.1,2.95,3.2,3.03,,,,,Eliteserien - Norway,2.11,3.35,Coolbet,Sandefjord,2025-07-26 09:18:16
Vålerenga @ Bodø/Glimt,Vålerenga,2025-07-26 12:00:00,2025-07-26 09:18:10,8.5,9.5,8.5,8.5,8.5,8.5,8.2,8.5,8.5,8.0,8.94,7.5,8.0,8.0,,9.0,7.5,8.65,8.2,7.8,8.6,7.5,8.0,7.75,7.0,7.0,7.0,8.5,8.5,8.0,8.0,8.0,7.5,7.75,8.0,8.5,,8.1,7.2,,,7.0,8.0,,,7.5,,7.75,7.25,7.5,7.55,,,,,Eliteserien - Norway,2.02,9.5,Coolbet,Bodø/Glimt,2025-07-26 09:18:16
Marcus Buchecha @ Martin Buday,Marcus Buchecha,2025-07-26 12:10:00,2025-07-26 10:09:40,1.36,1.41,1.36,1.36,1.32,,1.36,1.36,,1.4,1.4,1.39,,1.39,,1.36,1.38,,1.36,,,1.4,1.37,1.36,1.4,1.4,,1.36,1.36,,,1.38,1.37,1.35,1.38,,1.37,,,,1.36,,,,1.38,,1.33,,,,,,1.37,,,MMA,2.7,1.41,Coolbet,FC Basel,2025-07-26 10:10:31
FC Basel @ FC St Gallen,FC St Gallen,2025-07-26 12:00:00,2025-07-26 10:09:41,4.4,4.5,4.25,4.35,4.25,4.35,4.25,4.4,,4.33,4.69,4.5,4.4,4.6,,4.4,4.2,4.42,4.25,4.7,4.5,4.2,4.25,4.33,4.0,4.0,4.0,4.35,4.35,4.2,4.4,4.4,4.0,4.3,4.05,4.05,,4.4,4.1,,4.2,3.8,4.25,,,4.33,4.2,4.3,4.1,4.2,4.18,,,,,Swiss Superleague,2.7,4.7,Tipico,Not Found,2025-07-26 10:10:31
FC Luzern @ Grasshopper Zürich,FC Luzern,2025-07-26 12:00:00,2025-07-26 10:09:41,2.6,2.75,2.5,2.55,2.5,2.55,2.62,2.6,,2.6,2.77,2.7,2.65,2.65,,2.6,2.5,2.65,2.62,2.7,2.65,2.6,2.6,2.6,2.5,2.5,2.5,2.55,2.55,2.6,2.6,2.65,2.6,2.6,2.61,2.61,,2.65,2.55,,2.6,2.5,2.65,,,2.55,2.6,2.65,2.55,2.6,2.59,,,,,Swiss Superleague,2.29,2.77,Pinnacle,Grasshopper Zürich,2025-07-26 10:10:31
Vejle Boldklub @ FC Copenhagen,Vejle Boldklub,2025-07-26 12:00:00,2025-07-26 10:46:14,11.0,11.0,11.0,11.0,11.0,11.5,9.95,11.5,11.5,10.0,10.6,9.5,,10.0,,11.5,9.5,10.5,9.95,10.0,10.75,10.0,10.0,10.0,8.5,8.5,8.5,11.0,11.0,10.0,10.5,9.98,9.5,9.5,10.0,10.0,,,8.8,,10.5,8.5,10.0,,,10.0,,9.5,8.5,9.5,9.15,,,,11.0,Denmark Superliga,2.02,11.5,Casumo,Vejle Boldklub,2025-07-26 10:47:03
KV Mechelen @ SV Zulte-Waregem,Draw,2025-07-26 12:15:00,2025-07-26 11:11:10,3.65,3.6,3.6,3.6,3.65,3.7,3.65,3.75,3.7,3.6,3.83,3.7,3.7,3.7,,3.8,3.4,3.71,3.65,3.7,3.68,,3.6,3.75,3.75,,3.75,3.65,3.65,3.6,3.7,3.78,3.4,3.6,3.75,3.75,,,3.45,,3.6,3.5,,,,3.65,,3.6,3.45,3.75,3.52,,,,3.84,Belgium First Div,2.56,3.84,Suprabets,Draw,2025-07-26 11:11:34
Billy Elekana @ Ibo Aslan,Billy Elekana,2025-07-26 13:00:00,2025-07-26 11:33:14,3.2,3.4,3.2,3.2,3.0,,3.3,3.2,,3.25,3.29,3.2,,3.45,,3.1,3.48,3.29,3.3,,,3.25,,3.4,3.3,3.3,,3.2,3.2,,,3.38,3.25,3.1,3.4,,3.45,,,,3.2,,,,3.4,,,,,,,,3.25,,,MMA,3.1,3.48,SportsBet,Not Found,2025-07-26 11:33:28
Mohammad Yahya @ Steven Nguyen,Steven Nguyen,2025-07-26 12:35:00,2025-07-26 11:33:14,1.24,1.25,1.24,1.24,1.2,,1.25,1.24,,,1.32,1.31,,1.28,,1.24,1.26,1.29,1.25,,,1.25,,1.27,1.28,1.28,,1.24,1.24,,,1.31,1.28,1.22,1.31,,1.29,,,,1.28,,,,1.32,,,,,,,,1.26,,,MMA,2.02,1.32,Pinnacle,Not Found,2025-07-26 11:33:28
Newells Old Boys @ Aldosivi Mar del Plata,Draw,2025-07-26 13:30:00,2025-07-26 12:20:07,2.85,,2.85,2.85,,,2.92,,,2.8,2.93,2.95,2.9,2.9,,2.85,2.8,3.12,2.92,,3.12,2.88,2.8,3.0,3.0,,,,,,2.9,,,2.8,2.88,2.88,,,2.8,,2.8,2.9,2.9,,,2.85,,,,3.0,2.82,,,,,Primera División - Argentina,4.05,3.12,1xBet,Draw,2025-07-26 12:20:16
Octavian Gratii @ Mason Payne,Octavian Gratii,2025-07-26 13:00:00,2025-07-26 12:20:11,26.0,,26.0,26.0,,,,26.0,26.0,34.0,,23.0,,,,17.0,,,,,,21.0,,,,,,26.0,26.0,,,,,,21.0,21.0,,,,,,,16.0,,,,,,,,,,,,,Boxing,3.6,34.0,Paddy Power,Not Found,2025-07-26 12:20:16
Philadelphia Phillies @ New York Yankees,New York Yankees,2025-07-26 13:05:00,2025-07-26 12:20:04,2.12,2.1,2.14,2.14,2.05,2.14,2.12,2.14,2.12,2.05,2.15,2.11,2.09,2.14,2.1,2.12,2.11,2.11,2.12,2.0,2.09,2.15,2.15,2.1,2.1,2.1,2.1,2.12,2.14,2.1,,2.17,2.1,2.1,2.17,2.17,2.15,2.19,2.05,2.15,2.1,,2.1,2.06,,2.2,2.1,2.1,2.05,,,,,2.1,,MLB,3.04,2.2,Everygame,Philadelphia Phillies,2025-07-26 12:20:16
Davey Grant @ Da'Mon Blackshear,Davey Grant,2025-07-26 13:50:00,2025-07-26 12:20:03,3.85,3.85,3.85,3.85,3.6,,3.8,3.85,,3.5,3.88,3.8,,3.9,,3.75,3.9,3.63,3.8,,,3.75,3.9,4.0,3.8,3.8,,3.85,3.85,,,3.82,3.75,3.75,3.7,,3.9,,,,3.5,,,,3.75,,3.5,,,,,,3.9,,,MMA,2.7,4.0,BetMGM,Not Found,2025-07-26 12:20:16
Tabatha Ricci @ Amanda Ribas,Amanda Ribas,2025-07-26 13:25:00,2025-07-26 12:20:03,1.51,1.58,1.52,1.52,1.45,,1.5,1.51,,1.53,1.61,1.59,,1.54,,1.51,1.52,1.54,1.5,,,1.57,1.48,1.54,1.57,1.57,,1.51,1.51,,,1.57,1.55,1.52,1.59,,1.54,,,,1.55,,,,1.57,,1.5,,,,,,,,,MMA,2.02,1.61,Pinnacle,Not Found,2025-07-26 12:20:16
Ellis Zorro @ Aloys Youmbi,Ellis Zorro,2025-07-26 14:00:00,2025-07-26 12:20:11,10.0,,10.0,10.0,8.5,,8.0,10.0,10.0,11.0,,10.0,9.0,9.1,,9.0,,9.9,8.0,,,9.0,,8.0,8.0,,8.0,10.0,10.0,,,9.5,,8.5,10.0,10.0,,,,,8.5,,10.0,,,,8.5,,,,,,,,,Boxing,2.02,11.0,Paddy Power,Not Found,2025-07-26 12:20:16
Amir Abubaker @ Carl Fail,Carl Fail,2025-07-26 14:00:00,2025-07-26 12:44:10,1.4,,1.4,1.4,1.38,,1.34,1.4,1.4,1.5,1.45,1.36,1.42,1.47,,1.38,,1.42,1.34,,,1.33,,,1.4,,1.4,1.4,1.4,,,1.45,,1.36,1.47,1.47,,,,,1.4,,1.43,,,,1.4,,,,,,,,,Boxing,3.37,1.5,Paddy Power,Not Found,2025-07-26 12:45:01
Brandon Gallardo @ Hassan Ishaq,Brandon Gallardo,2025-07-26 14:00:00,2025-07-26 13:15:33,23.0,,23.0,23.0,,,,23.0,23.0,34.0,,,,,,15.0,,32.0,,,,,,,17.0,,17.0,23.0,23.0,,,,,,,,,,,,13.0,,16.0,,,,,,,,,,,,,Boxing,2.47,34.0,Paddy Power,Not Found,2025-07-26 13:16:18
Muslim Salikhov @ Carlos Leal,Muslim Salikhov,2025-07-26 14:15:00,2025-07-26 13:36:28,4.8,4.8,4.8,4.8,4.4,,4.75,4.8,,4.5,4.81,4.7,,4.8,,4.6,4.75,4.28,4.75,,,4.5,5.0,5.0,4.8,4.8,,4.8,4.8,,,4.69,4.6,4.4,4.75,,5.0,,,,4.55,,,,4.2,,,,,,,,4.8,,,MMA,5.06,5.0,BetMGM,Not Found,2025-07-26 13:37:03
Lech Poznań @ Lechia Gdańsk,Lech Poznań,2025-07-26 14:15:00,2025-07-26 13:55:33,1.96,2.17,1.95,1.93,1.88,1.96,2.12,1.96,,2.05,2.2,2.2,2.12,2.1,,1.95,2.0,2.16,2.12,2.05,2.15,2.15,2.1,2.15,2.1,,2.1,1.96,1.96,,2.1,2.14,,2.1,2.26,2.26,,,1.95,,2.1,,2.1,,,,2.25,2.1,2.05,,2.05,,,,,Ekstraklasa - Poland,2.16,2.26,BetOnline.ag,Lech Poznań,2025-07-26 13:55:43
Reece Bellotti @ Ryan Garner,Draw,2025-07-26 15:00:00,2025-07-26 14:18:17,16.0,,16.0,16.0,12.0,,,16.0,16.0,17.0,,,,,,,,24.0,,,,17.0,,17.0,17.0,,17.0,16.0,16.0,,,,,,,,,,,,,,,,,,12.0,,,,,,,,,Boxing,5.4,24.0,1xBet,Pending,2025-07-26 14:18:27
Servette @ BSC Young Boys,Draw,2025-07-26 14:30:00,2025-07-26 14:18:23,3.75,4.0,3.6,3.7,3.6,3.7,3.85,3.75,3.7,3.7,4.08,3.9,3.85,3.9,,3.75,3.6,4.15,3.8,4.0,4.2,4.0,3.9,3.9,3.7,3.7,3.7,3.7,3.7,3.8,3.9,3.95,3.7,3.85,4.0,4.0,,3.91,3.65,,3.7,,3.75,,,3.75,3.8,3.85,3.7,,3.65,,,,,Swiss Superleague,3.82,4.2,Marathon Bet,Servette,2025-07-26 14:18:27
Bogdan Guskov @ Nikita Krylov,Nikita Krylov,2025-07-26 15:10:00,2025-07-26 14:17:19,1.49,1.5,1.49,1.49,1.43,,1.48,1.49,,1.5,1.52,1.51,,1.51,,1.49,1.5,1.54,1.48,,,1.5,1.5,1.53,1.55,1.55,,1.49,1.49,,,1.51,1.5,1.52,1.53,,1.49,,,,1.48,,,1.44,1.51,,,,,,1.48,,,,,MMA,3.37,1.55,Ladbrokes,Standard Liege,2025-07-26 14:18:27
Standard Liege @ RAAL La Louvière,RAAL La Louvière,2025-07-26 14:45:00,2025-07-26 14:17:53,2.8,2.95,2.75,2.75,2.8,2.85,2.82,2.88,2.85,2.8,3.1,3.0,2.9,2.95,,2.9,2.75,,2.82,2.95,2.93,,2.8,2.95,2.9,,2.9,2.8,2.8,,2.88,,2.8,2.75,,,,,2.6,,2.9,,,,,2.95,,2.85,2.75,2.8,2.77,,,,3.06,Belgium First Div,3.37,3.1,Pinnacle,Not Found,2025-07-26 14:18:27
Cobresal @ La Serena,Draw,2025-07-26 15:00:00,2025-07-26 14:18:16,3.45,3.5,3.35,3.35,,,3.4,,,3.2,3.63,3.4,3.25,3.3,,3.55,3.1,3.54,3.4,3.4,3.48,3.3,3.4,3.3,3.2,3.2,3.2,3.45,3.45,,3.3,3.25,3.3,3.4,3.3,3.3,,3.37,3.25,,3.2,,,3.22,3.3,3.4,,3.35,3.25,3.2,,,,,,Primera División - Chile,2.23,3.63,Pinnacle,Cobresal,2025-07-26 14:18:27
Cleveland Guardians @ Kansas City Royals,Kansas City Royals,2025-07-26 14:41:00,2025-07-26 14:18:02,1.83,1.88,1.85,1.85,1.78,1.85,1.85,1.85,1.83,1.83,1.9,1.84,1.85,1.86,1.87,1.85,1.84,1.85,1.85,1.83,1.85,1.83,,1.85,1.85,1.85,1.85,1.83,1.85,1.91,,1.91,1.87,1.87,1.89,1.89,1.87,1.89,1.81,1.89,1.87,,1.88,1.82,,,1.85,1.82,1.82,,,,,,,MLB,2.02,1.91,BetUS,Kansas City Royals,2025-07-26 14:18:27
Bryce Mitchell @ Said Nurmagomedov,Said Nurmagomedov,2025-07-26 14:40:00,2025-07-26 14:17:19,2.15,2.3,2.15,2.15,2.05,,2.2,2.15,,2.2,2.23,2.2,,2.24,,2.12,2.21,2.16,2.2,,,2.1,2.15,2.2,2.15,2.15,,2.15,2.15,,,2.18,2.2,2.08,2.22,,2.25,,,,2.15,,,,2.15,,2.1,,,,,,,,,MMA,2.02,2.3,Coolbet,Not Found,2025-07-26 14:18:27
Jose Ochoa @ Asu Almabaev,Asu Almabaev,2025-07-26 15:40:00,2025-07-26 14:44:35,1.87,1.91,1.87,1.87,1.79,,1.87,1.87,,1.83,2.02,1.98,,1.89,,1.85,1.88,1.89,1.87,,,1.83,1.85,,1.87,1.87,,1.87,1.87,,,1.91,1.91,1.85,1.95,,1.91,,,,1.89,,,1.78,1.87,,1.85,,,,1.8,,,,,MMA,5.06,2.02,Pinnacle,Not Found,2025-07-26 14:45:40
San Martin de San Juan @ Rosario Central,San Martin de San Juan,2025-07-26 15:45:00,2025-07-26 14:45:34,5.8,,5.75,5.75,,,5.7,,,5.5,6.18,5.5,5.6,6.0,,5.75,5.5,5.81,5.7,,6.05,5.5,5.5,5.5,5.75,,,,,,6.0,,,5.5,6.63,6.63,,,5.3,,5.5,6.0,5.5,,,5.75,,,,5.25,5.45,,,,,Primera División - Argentina,3.14,6.63,BetOnline.ag,Draw,2025-07-26 14:45:40
Marc-Andre Barriault @ Shara Magomedov,Shara Magomedov,2025-07-26 16:10:00,2025-07-26 14:44:35,1.15,1.15,1.15,1.15,1.11,,1.13,1.15,,1.17,1.16,1.15,,1.15,,1.15,1.14,1.13,1.13,,,1.15,,1.15,1.16,1.16,,1.15,1.15,,,1.15,,1.12,1.14,,1.14,,,,,,,1.1,1.15,,,,,,1.12,,,,,MMA,2.7,1.17,Paddy Power,Not Found,2025-07-26 14:45:40
Petr Yan @ Marcus McGhee,Petr Yan,2025-07-26 16:45:00,2025-07-26 14:44:35,1.26,1.3,1.26,1.26,1.22,,1.27,1.26,,1.29,1.27,1.26,,1.29,,1.26,1.27,1.28,,,,1.25,,,1.28,1.28,,1.26,1.26,,,1.29,1.28,1.22,1.29,,1.27,,,,1.27,,,1.22,1.29,,1.25,,,,1.25,,,,,MMA,2.02,1.3,Coolbet,Not Found,2025-07-26 14:45:40
Robert Whittaker @ Reinier de Ridder,Reinier de Ridder,2025-07-26 17:10:00,2025-07-26 15:15:32,2.18,2.45,2.18,2.18,2.08,,2.1,2.18,,2.2,2.39,2.36,,2.28,,2.16,2.25,2.23,2.1,,,2.2,2.25,2.25,2.25,2.25,,2.18,2.18,,,2.38,2.3,2.2,2.45,,2.3,,,,2.25,,,2.15,2.4,,,,,,2.15,,,,,MMA,2.97,2.45,Coolbet,Not Found,2025-07-26 15:16:27
Corinthians @ Botafogo,Corinthians,2025-07-26 17:30:00,2025-07-26 15:15:22,6.5,6.3,6.25,6.25,6.4,6.5,6.1,6.5,6.5,6.5,6.73,6.0,6.0,6.5,,6.75,6.0,6.28,6.1,6.5,6.2,5.75,6.0,6.25,6.0,6.0,6.0,6.25,6.4,6.0,6.5,6.43,6.0,6.0,6.07,6.07,,6.15,5.8,,6.25,6.0,6.5,5.8,,6.25,,6.0,5.8,5.75,5.95,,,,,Brazil Série A,2.22,6.75,BetRivers,Draw,2025-07-26 15:16:27
SonderjyskE @ FC Midtjylland,Draw,2025-07-28 13:00:00,2025-07-28 13:55:14,12.0,11.0,11.5,11.5,11.0,12.0,11.0,12.0,,13.0,10.99,11.0,11.0,,,,,,11.0,11.0,,10.0,11.0,,9.5,,10.0,,11.5,,11.5,,11.0,,,,,,,,,,,,,,,11.5,11.0,,8.0,,,,14.0,Denmark Superliga,4.05,14.0,Suprabets,SonderjyskE,2025-07-28 13:56:09
IFK Goteborg @ IF Elfsborg,Draw,2025-07-28 13:00:00,2025-07-28 13:55:06,5.8,6.5,5.5,5.5,5.4,5.8,5.8,5.8,,6.5,5.99,6.0,5.75,6.0,,,,,5.8,7.0,,6.0,,6.0,5.5,,5.75,,5.5,,6.0,,6.0,,,,,,,,,,,,,,5.5,5.8,5.5,,5.6,,,,,Allsvenskan - Sweden,4.05,7.0,Tipico,IFK Goteborg,2025-07-28 13:56:09
Leolia Jeanjean @ Eva Lys,Eva Lys,2025-07-28 14:00:00,2025-07-28 13:56:06,1.56,1.59,1.57,1.57,1.51,1.56,1.59,1.56,1.56,1.57,1.57,1.54,1.56,1.59,1.57,1.56,,1.59,1.59,,1.57,1.55,1.52,1.56,1.55,1.55,1.55,1.56,1.56,1.62,,1.56,1.57,1.52,1.56,1.56,,1.6,1.56,,1.56,,,1.56,,,1.61,1.58,1.54,,,,,,,WTA Canadian Open,4.05,1.62,William Hill,Not Found,2025-07-28 13:56:09
Lucia Bronzetti @ Elizabeth Mandlik,Lucia Bronzetti,2025-07-28 14:00:00,2025-07-28 13:56:06,1.6,1.63,1.6,1.6,1.54,1.6,1.61,1.6,1.6,1.57,1.65,1.61,1.65,1.62,1.62,1.6,,1.63,1.61,,1.61,1.65,1.6,1.62,1.6,1.6,1.6,1.6,1.6,1.67,,1.67,1.62,1.6,1.64,1.64,,1.62,1.6,,1.61,,,1.6,,,1.67,1.64,1.6,,,,,,,WTA Canadian Open,4.05,1.67,888sport,Not Found,2025-07-28 13:56:09
Pedro Martinez @ Aleksandar Vukic,Aleksandar Vukic,2025-07-28 13:06:00,2025-07-28 13:55:22,2.08,,1.89,1.89,1.85,1.91,1.9,1.91,1.91,1.91,1.23,1.95,1.35,1.43,1.87,1.87,,,,,,1.95,,2.1,2.1,,,1.88,1.88,,1.85,,,,,,,,,,,,,,,,2.0,1.8,1.74,,,,,,,ATP Canadian Open,3.54,2.1,Ladbrokes,Not Found,2025-07-28 13:56:09
Aleksandar Kovacevic @ Tristan Boyer,Aleksandar Kovacevic,2025-07-28 14:20:00,2025-07-28 13:56:05,1.33,1.34,1.33,1.33,1.28,1.33,1.3,1.33,1.33,1.33,1.38,1.36,1.35,1.33,1.31,1.33,1.32,1.34,1.3,,1.33,1.35,1.34,1.33,1.33,1.33,,1.33,1.33,1.3,1.33,1.36,,1.36,1.35,1.35,,1.31,1.3,,1.32,,,1.3,,,1.3,1.35,1.34,,,,,,,ATP Canadian Open,3.37,1.38,Pinnacle,Not Found,2025-07-28 13:56:09
Damir Dzumhur @ Francisco Comesana,Damir Dzumhur,2025-07-28 14:10:00,2025-07-28 13:56:04,,2.62,,,,,2.61,,,2.6,2.65,2.6,2.65,2.6,2.6,,2.59,2.64,2.61,,2.65,2.75,2.5,2.6,2.6,2.6,,,,2.5,2.6,2.65,,2.55,2.68,2.68,,2.58,2.5,,2.55,,,2.6,,,2.5,2.65,2.6,,,,,,,ATP Canadian Open,3.37,2.75,Betway,Not Found,2025-07-28 13:56:09
Emma Raducanu @ Elena Gabriela Ruse,Elena Gabriela Ruse,2025-07-28 13:22:00,2025-07-28 13:56:06,3.7,4.6,3.5,3.5,3.4,3.7,,3.7,3.7,3.5,,4.1,2.55,2.9,3.75,3.45,,,,,,4.25,3.5,3.7,3.7,,3.7,3.5,3.5,,3.5,,4.0,,,,,,,,,,,,,,3.75,4.5,4.2,,,,,,,WTA Canadian Open,3.04,4.6,Coolbet,Not Found,2025-07-28 13:56:09
Zagłębie Lubin @ GKS Katowice,Draw,2025-07-28 13:01:00,2025-07-28 13:55:22,7.0,7.0,6.75,6.75,6.5,7.0,7.2,7.0,7.0,8.0,3.54,7.5,3.65,7.5,,,,,7.2,7.0,,7.0,7.0,7.25,6.5,,7.0,6.75,6.75,,8.0,,,,,,,,,,,,,,,,7.0,7.0,6.5,,7.25,,,,,Ekstraklasa - Poland,2.7,8.0,Bet Victor,Draw,2025-07-28 13:56:09
Varbergs BoIS @ Helsingborgs IF,Helsingborgs IF,2025-07-28 13:00:00,2025-07-28 13:55:18,2.9,3.0,2.85,2.85,2.8,2.9,2.88,2.9,2.9,2.88,2.84,3.0,2.95,2.9,,,,,2.88,2.6,,2.8,2.8,2.75,2.7,,2.7,,2.85,,2.9,,2.9,,,,,,,,,,,,,,2.8,,,,,,,,,Superettan - Sweden,2.7,3.0,Coolbet,Varbergs BoIS,2025-07-28 13:56:09
Adrian Mannarino @ Marcos Giron,Marcos Giron,2025-07-28 13:55:00,2025-07-28 13:56:05,1.41,1.42,1.41,1.41,1.36,1.41,1.39,1.41,1.41,1.4,1.45,1.42,1.4,1.43,1.42,1.41,1.41,1.42,1.39,,1.41,1.44,1.4,1.43,1.4,1.4,,1.41,1.41,1.4,1.4,1.4,,1.4,1.42,1.42,,1.45,1.4,,1.4,,,1.39,,,1.4,1.44,1.42,,,,,,,ATP Canadian Open,2.7,1.45,Pinnacle,Not Found,2025-07-28 13:56:09
Joao Fonseca @ Tristan Schoolkate,Tristan Schoolkate,2025-07-28 14:00:00,2025-07-28 13:56:05,4.0,4.3,4.0,4.0,3.75,4.0,4.12,4.0,4.0,4.33,4.44,4.3,4.25,4.4,4.15,3.9,4.4,4.01,4.12,,4.05,4.25,4.0,4.0,3.9,4.3,,4.0,4.0,4.0,4.0,4.25,,4.2,4.47,4.47,,4.35,3.9,,4.15,,,3.92,,,4.0,4.3,4.1,,,,,,,ATP Canadian Open,2.66,4.47,LowVig.ag,API Error,2025-07-28 13:56:09
Naomi Osaka @ Ariana Arseneault,Ariana Arseneault,2025-07-28 14:00:00,2025-07-28 13:56:06,15.0,15.0,15.0,15.0,,15.0,14.0,15.0,15.0,10.0,17.64,12.0,15.0,18.5,14.0,14.0,,12.5,14.0,,12.5,18.0,12.0,11.0,13.0,13.0,13.0,15.0,15.0,12.0,13.0,,13.5,13.0,13.16,13.16,,12.4,11.0,,12.5,,,12.8,,,12.0,17.0,15.0,,,,,,,WTA Canadian Open,2.25,18.5,FanDuel,API Error,2025-07-28 13:56:09
Daniel Altmaier @ Yosuke Watanuki,Yosuke Watanuki,2025-07-28 13:19:00,2025-07-28 13:55:25,3.35,3.56,3.05,3.05,2.95,3.15,3.27,3.15,3.15,3.2,2.32,3.6,2.15,3.4,3.3,3.0,,,,,,3.5,,3.5,3.4,,,3.05,3.0,,4.0,,,,,,,,,,,,,,,,3.75,3.65,3.5,,,,,,,ATP Canadian Open,2.14,4.0,Bet Victor,API Error,2025-07-28 13:56:09
Dalibor Svrcina @ Alexander Blockx,Alexander Blockx,2025-07-28 12:45:00,2025-07-28 13:55:25,4.25,,4.0,4.0,3.9,4.25,4.12,4.25,4.25,4.0,2.37,4.5,2.15,2.0,4.2,4.0,,,,,,4.5,,4.1,4.2,,,4.0,4.0,,2.2,,,,,,,,,,,,,,,,4.75,3.0,2.9,,,,,,,ATP Canadian Open,2.02,4.75,888sport,Not Found,2025-07-28 13:56:09
Hugo Gaston @ Mattia Bellucci,Mattia Bellucci,2025-07-28 12:52:00,2025-07-28 13:55:22,1.2,1.2,1.2,1.2,1.18,1.2,1.18,1.2,1.2,1.2,1.11,1.2,1.04,1.11,1.18,1.19,,,,,,1.22,1.16,1.19,1.18,,,1.2,1.19,,1.13,,,,,,,,,,,,,,,,,1.11,1.12,,,,,,,ATP Canadian Open,2.02,1.22,Betway,Not Found,2025-07-28 13:56:09
Trelleborgs FF @ Västerås SK,Trelleborgs FF,2025-07-28 13:00:00,2025-07-28 13:55:17,14.0,15.0,12.5,12.5,12.5,14.0,14.0,14.0,14.0,13.0,11.68,15.0,12.0,13.0,,,,,14.0,16.0,,11.0,13.0,11.5,10.0,,10.0,,12.5,,13.0,,15.0,,,,,,,,,,,,,,10.0,,,,,,,,,Superettan - Sweden,2.02,16.0,Tipico,Västerås SK,2025-07-28 13:56:09
Renata Zarazua @ Katie Boulter,Renata Zarazua,2025-07-28 16:00:00,2025-07-28 14:51:01,3.1,3.2,3.1,3.1,2.9,3.1,3.25,3.1,3.1,2.88,3.2,3.0,3.1,2.98,3.15,3.05,,3.1,3.25,,3.12,3.2,3.0,3.1,3.1,3.1,3.1,3.1,3.1,3.5,,3.2,3.15,3.1,3.14,3.14,,2.97,3.15,,3.15,3.0,,3.2,3.15,,3.5,3.35,3.2,,,,,,,WTA Canadian Open,5.4,3.5,888sport,Not Found,2025-07-28 14:51:56
Lulu Sun @ Sorana Cirstea,Sorana Cirstea,2025-07-28 14:47:00,2025-07-28 14:51:01,1.42,1.45,1.42,1.42,1.4,1.42,1.45,1.42,1.42,1.4,1.46,1.47,1.44,1.43,1.43,1.41,,,1.45,,1.41,1.44,1.42,1.44,1.44,1.44,1.44,1.42,1.42,1.44,1.36,1.44,1.45,1.42,1.48,1.48,,1.43,1.41,,1.43,1.5,,1.44,,,1.44,1.43,1.41,,,,,,,WTA Canadian Open,4.72,1.5,BoyleSports,Not Found,2025-07-28 14:51:56
Matteo Gigante @ Borna Coric,Matteo Gigante,2025-07-28 17:00:00,2025-07-28 14:51:42,2.06,2.1,2.06,2.06,1.96,2.06,2.04,2.06,2.06,2.0,2.08,2.1,2.1,2.06,2.05,2.04,2.08,2.04,2.04,,2.04,2.05,2.0,2.05,2.0,2.0,,2.06,2.06,2.0,2.05,2.0,,2.0,2.1,2.1,,2.04,2.05,,2.05,2.1,,2.07,,,2.0,2.1,2.05,,,,,,,ATP Canadian Open,3.37,2.1,Bovada,Not Found,2025-07-28 14:51:56
Marie Bouzkova @ Moyuka Uchijima,Moyuka Uchijima,2025-07-28 14:45:00,2025-07-28 14:51:01,3.2,3.5,3.05,3.05,3.0,3.2,3.2,3.2,2.95,3.2,3.25,3.6,,3.0,3.3,3.15,,,3.2,,3.15,3.2,3.0,3.3,3.4,3.0,3.4,3.05,3.2,3.5,3.0,3.2,3.3,3.1,3.25,3.25,,3.11,3.15,,3.25,3.2,,3.28,,,3.25,3.35,3.25,,,,,,,WTA Canadian Open,3.17,3.6,DraftKings,Not Found,2025-07-28 14:51:56
Camilo Ugo Carabelli @ Roberto Carballes Baena,Camilo Ugo Carabelli,2025-07-28 16:10:00,2025-07-28 14:51:42,1.88,1.92,1.88,1.88,1.8,1.88,1.88,1.88,1.88,1.91,1.95,1.95,1.95,1.94,1.91,1.87,1.94,1.89,1.88,,1.89,1.85,1.9,1.91,1.85,1.85,,1.88,1.88,1.91,1.9,1.87,,1.9,1.91,1.91,,1.93,1.86,,1.88,1.83,,1.87,,,1.91,1.92,1.88,,,,,,,ATP Canadian Open,2.36,1.95,Pinnacle,Not Found,2025-07-28 14:51:56
Atlético Tucuman @ Deportivo Riestra,Deportivo Riestra,2025-07-28 15:00:00,2025-07-28 15:00:23,2.2,,2.2,2.2,,,2.2,,,2.38,2.33,2.3,2.2,2.4,,,2.25,2.17,2.2,,2.25,2.25,2.3,2.2,2.25,,,,,,2.25,,,2.25,2.25,2.25,,,2.35,,2.25,2.2,2.25,,,2.3,,,,2.15,2.1,,,,,Primera División - Argentina,2.02,2.4,FanDuel,Deportivo Riestra,2025-07-28 15:10:14
Universidad de Chile @ Union La Calera,Union La Calera,2025-07-28 18:00:00,2025-07-28 15:28:36,4.1,4.5,4.1,4.0,,,4.05,,,3.8,4.27,4.1,4.0,4.0,,4.25,3.8,4.16,4.05,4.3,4.2,3.75,3.9,4.1,3.9,3.9,3.9,4.1,4.1,,4.1,4.15,4.0,3.75,3.6,3.6,,4.2,3.85,,3.9,3.75,,3.95,4.0,3.85,,4.0,3.85,3.8,,,,,,Primera División - Chile,3.37,4.5,Coolbet,Universidad de Chile,2025-07-28 15:28:41
Botafogo @ Avai,Draw,2025-07-28 18:00:00,2025-07-28 15:28:35,3.35,3.4,3.3,3.3,3.3,3.35,3.3,3.35,3.35,3.25,3.54,3.45,,3.3,,3.4,3.3,3.54,3.3,3.4,3.54,3.5,3.4,3.4,3.3,3.3,3.3,3.3,3.3,3.4,,3.4,3.4,3.4,3.4,3.4,,,,,,3.3,,,,,,,,,,,,,,Brazil Série B,2.56,3.54,Pinnacle,Avaí,2025-07-28 15:28:41
Anastasija Sevastova @ Ajla Tomljanovic,Ajla Tomljanovic,2025-07-28 18:00:00,2025-07-28 15:27:39,1.54,1.5,1.54,1.54,1.48,1.54,1.48,1.54,1.54,1.44,1.5,1.47,1.48,1.48,1.48,1.54,,1.5,1.48,,1.49,1.45,1.46,1.48,1.48,1.48,1.48,1.54,1.54,1.5,1.45,1.5,1.47,1.48,1.51,1.51,,1.49,1.48,,1.47,1.44,,1.47,,,1.5,1.5,1.48,,,,,,,WTA Canadian Open,2.02,1.54,Virgin Bet,Not Found,2025-07-28 15:28:41
Defensa y Justicia @ Central Córdoba,Draw,2025-07-28 17:00:00,2025-07-28 15:41:06,3.15,,3.1,3.1,,,3.05,,,2.9,3.14,3.05,3.0,3.0,,3.1,2.9,3.06,3.05,,3.06,3.0,3.0,3.0,3.0,,,,,,3.0,,,3.0,3.11,3.11,,,2.9,,2.85,3.0,2.9,,,3.05,,,,3.0,2.96,,,,,Primera División - Argentina,2.02,3.15,Unibet,Not Found,2025-07-28 15:41:59
Hugo Dellien @ Fabian Marozsan,Hugo Dellien,2025-07-28 18:10:00,2025-07-28 16:55:35,6.25,6.8,6.25,6.25,5.6,6.25,6.22,6.25,6.25,7.5,7.26,7.0,6.75,7.6,6.6,6.0,7.0,6.35,6.22,,6.35,7.0,6.5,6.25,6.5,6.5,,6.25,6.25,5.5,6.5,6.5,,6.5,6.34,6.34,,6.79,5.8,,6.25,7.5,,6.65,,,5.5,7.0,6.5,,,,,,,ATP Canadian Open,5.62,7.6,FanDuel,Not Found,2025-07-28 16:56:09
Toronto Blue Jays @ Baltimore Orioles,Baltimore Orioles,2025-07-28 18:35:00,2025-07-28 16:52:15,1.94,1.97,1.95,1.95,1.88,1.94,1.92,1.94,1.94,1.91,2.0,1.99,1.96,1.96,1.95,1.94,1.94,1.91,1.92,1.97,1.89,2.0,1.95,1.95,1.94,1.94,1.95,1.94,1.94,1.91,,1.99,1.95,1.93,2.01,2.01,2.0,2.01,1.94,2.0,1.95,1.95,1.97,1.96,,2.0,1.91,1.96,1.94,,,,,1.95,,MLB,4.05,2.01,LowVig.ag,Baltimore Orioles,2025-07-28 16:56:09
Arizona Diamondbacks @ Detroit Tigers,Detroit Tigers,2025-07-28 18:40:00,2025-07-28 16:52:15,1.74,1.75,1.74,1.74,1.71,1.74,1.72,1.74,1.74,1.75,1.79,1.74,1.75,1.77,1.77,1.74,1.76,1.77,1.72,1.7,1.75,1.74,1.75,1.74,1.72,1.72,1.73,1.74,1.74,1.73,,1.78,1.74,1.72,1.78,1.78,1.74,1.78,1.7,1.74,1.74,1.73,1.75,1.72,,1.76,1.73,1.72,1.7,,,,,1.72,,MLB,3.37,1.79,Pinnacle,Detroit Tigers,2025-07-28 16:56:09
Colorado Rockies @ Cleveland Guardians,Colorado Rockies,2025-07-28 18:40:00,2025-07-28 17:14:11,3.3,3.3,3.3,3.3,3.2,3.3,3.26,3.3,3.3,3.1,3.41,3.26,3.3,3.2,3.2,3.3,3.21,3.29,3.26,3.3,3.26,3.3,3.3,3.2,3.2,3.2,3.2,3.3,3.3,3.3,,3.26,3.3,3.25,3.3,3.3,3.28,3.18,3.15,3.3,3.25,3.2,3.3,3.15,,3.3,3.25,3.2,3.15,,,,,3.2,,MLB,3.15,3.41,Pinnacle,Pending,2025-07-28 17:14:30
Australia @ West Indies,Australia,2025-07-28 19:00:00,2025-07-28 17:45:42,1.53,,1.53,1.53,1.47,1.53,1.48,,,1.53,1.51,1.5,,1.53,,,1.5,,1.48,,1.52,1.53,1.52,,1.55,1.55,,1.53,1.53,1.53,1.5,,1.53,1.52,1.56,,,1.5,,,1.52,1.53,1.5,,,,1.44,,,,,,,,,International Twenty20,2.02,1.56,BetOnline.ag,Not Found,2025-07-28 17:45:54
Emiliana Arango @ Eugenie Bouchard,Eugenie Bouchard,2025-07-28 19:00:00,2025-07-28 18:00:32,3.5,3.7,3.5,3.5,3.25,3.5,3.55,3.5,3.5,3.5,3.81,3.65,3.75,3.7,3.55,3.4,,3.48,3.55,,3.52,3.5,3.5,3.25,3.2,3.2,3.2,3.5,3.5,3.5,3.6,3.5,3.5,3.6,3.68,3.68,,3.25,3.45,,3.5,3.6,,3.5,,,3.5,3.55,3.45,,,,,,,WTA Canadian Open,4.18,3.81,Pinnacle,Not Found,2025-07-28 18:00:36
Barracas Central @ Banfield,Banfield,2025-07-28 19:00:00,2025-07-28 18:00:23,2.33,,2.3,2.3,,,2.4,,,2.3,2.5,2.45,2.35,2.35,,2.32,2.3,2.4,2.4,,2.38,2.38,2.25,2.4,2.4,,,,,,2.38,,,2.35,2.37,2.37,,,2.2,,2.35,2.4,2.35,,,2.4,,,,2.3,2.31,,,,,Primera División - Argentina,2.02,2.5,Pinnacle,Barracas Central,2025-07-28 18:00:36
Pablo Carreno Busta @ Liam Draxl,Pablo Carreno Busta,2025-07-28 19:00:00,2025-07-28 18:48:06,2.45,2.48,2.45,2.45,2.33,2.45,2.42,2.45,2.35,2.4,2.53,2.4,2.5,2.46,2.45,2.43,2.44,2.51,2.42,,2.48,2.6,2.4,2.4,2.37,2.38,,2.45,2.45,2.38,2.4,2.45,,2.4,2.65,2.65,,2.41,2.4,,2.45,,,2.43,,,2.38,2.45,2.4,,,,,,,ATP Canadian Open,3.46,2.65,BetOnline.ag,Not Found,2025-07-28 18:48:23
Tampa Bay Rays @ New York Yankees,Tampa Bay Rays,2025-07-28 19:05:00,2025-07-28 18:47:44,2.06,2.1,2.08,2.08,2.0,2.08,2.07,2.08,2.06,2.05,2.16,2.04,2.09,2.12,2.1,2.07,2.1,2.12,2.07,2.05,2.1,2.05,2.1,2.1,2.1,2.1,2.1,2.06,2.08,2.1,,2.15,2.1,2.08,2.12,2.12,2.1,2.13,2.0,2.11,2.05,,2.08,2.03,,2.17,2.05,2.0,2.0,,,,,2.08,,MLB,3.04,2.17,Everygame,Tampa Bay Rays,2025-07-28 18:48:23
Los Angeles Dodgers @ Cincinnati Reds,Cincinnati Reds,2025-07-28 19:10:00,2025-07-28 18:47:44,2.25,2.21,2.25,2.25,2.2,2.25,2.22,2.25,2.25,2.2,2.24,2.23,2.19,2.26,2.2,2.25,2.23,2.18,2.22,2.3,2.16,2.25,2.25,2.25,2.25,2.25,2.25,2.25,2.25,2.2,,2.25,2.25,2.2,2.25,2.25,2.18,2.28,2.2,2.21,2.2,,2.2,2.2,,,2.2,2.2,2.2,,,,,2.15,,MLB,2.92,2.3,Tipico,Los Angeles Dodgers,2025-07-28 18:48:23
Seattle Storm @ Connecticut Sun,Seattle Storm,2025-07-28 19:00:00,2025-07-28 18:58:38,1.16,1.18,,,1.13,,1.17,1.16,1.16,1.14,1.18,1.17,1.17,1.15,1.18,1.16,1.14,,1.17,,,1.18,1.17,1.16,1.22,1.22,,1.16,,,,1.18,,,1.18,1.18,1.21,1.18,1.14,1.19,1.18,,1.19,,,,1.18,,,,,,,,,WNBA,3.37,1.22,Ladbrokes,Seattle Storm,2025-07-28 18:58:44
Boston Red Sox @ Minnesota Twins,Boston Red Sox,2025-07-28 19:40:00,2025-07-28 19:20:54,1.89,1.93,1.91,1.91,1.83,1.92,1.9,1.91,1.88,1.87,1.99,1.93,1.93,1.94,1.91,1.91,1.91,1.94,1.9,1.83,1.93,1.91,1.92,1.91,1.9,1.9,1.91,1.88,1.92,1.91,,1.95,1.9,1.9,1.96,1.96,1.91,1.96,1.88,1.93,1.91,,1.93,1.9,,1.97,1.91,1.92,1.9,,,,,1.92,,MLB,5.4,1.99,Pinnacle,Minnesota Twins,2025-07-28 19:22:04
Miami Marlins @ St. Louis Cardinals,Miami Marlins,2025-07-28 19:45:00,2025-07-28 19:22:02,2.0,2.02,2.0,2.0,1.93,2.0,1.98,2.0,2.0,1.95,2.07,2.04,2.01,2.02,2.05,2.0,2.0,2.02,1.98,1.93,2.0,2.05,2.0,2.05,2.05,2.05,2.05,2.0,2.0,2.0,,2.05,2.0,2.0,2.06,2.06,2.0,2.07,1.99,2.0,2.0,,2.02,2.01,,2.06,2.0,2.0,2.0,,,,,2.02,,MLB,4.72,2.07,Pinnacle,St. Louis Cardinals,2025-07-28 19:22:04
Anastasia Potapova @ Antonia Ruzic,Anastasia Potapova,2025-07-28 19:30:00,2025-07-28 19:21:18,1.7,1.74,1.7,1.7,1.63,1.7,1.73,1.7,1.7,1.67,1.74,1.67,1.71,1.75,1.71,1.7,,1.72,1.73,,1.7,1.73,1.7,1.69,1.7,1.7,1.7,1.7,1.7,1.73,1.73,1.77,1.72,1.72,1.72,1.72,,1.72,1.72,,1.71,,,1.71,,,1.73,1.74,1.72,,,,,,,WTA Canadian Open,4.05,1.77,BetUS,Not Found,2025-07-28 19:22:04
Chicago Cubs @ Milwaukee Brewers,Chicago Cubs,2025-07-28 19:40:00,2025-07-28 19:20:54,1.83,1.88,1.84,1.84,1.8,1.83,1.85,1.83,1.83,1.83,1.91,1.85,1.88,1.86,1.87,1.83,1.84,1.89,1.85,1.83,1.87,1.87,1.9,1.87,1.87,1.87,1.85,1.83,1.83,1.91,,1.91,1.83,1.87,1.92,1.92,1.87,1.92,1.81,1.85,1.86,,1.88,1.83,,1.9,1.85,1.84,1.82,,,,,1.88,,MLB,2.36,1.92,GTbets,Milwaukee Brewers,2025-07-28 19:22:04
Atlanta Braves @ Kansas City Royals,Kansas City Royals,2025-07-28 19:40:00,2025-07-28 19:20:54,2.5,2.43,2.55,2.55,2.43,2.55,2.42,2.55,2.5,2.38,2.47,2.38,2.38,2.44,2.4,2.55,2.43,2.42,2.42,2.35,2.39,2.4,2.4,2.4,2.4,2.4,2.4,2.5,2.55,2.38,,2.46,2.45,2.4,2.5,2.5,2.43,2.51,2.3,2.43,2.4,,2.4,2.35,,2.5,2.4,2.35,2.35,,,,,2.4,,MLB,2.19,2.55,Unibet (NL),Atlanta Braves,2025-07-28 19:22:04
Alexis Galarneau @ Arthur Rinderknech,Arthur Rinderknech,2025-07-28 20:10:00,2025-07-28 19:39:42,1.56,1.57,1.57,1.57,1.51,1.56,1.53,1.56,1.56,1.57,1.59,1.54,1.57,1.58,1.56,1.56,1.56,1.6,1.53,,1.58,1.55,1.55,1.56,1.55,1.55,,1.56,1.56,1.53,1.57,,,1.55,1.59,1.59,,1.53,1.55,,1.55,,,1.53,,,1.53,1.52,1.5,,,,,,,ATP Canadian Open,2.7,1.6,1xBet,API Error,2025-07-28 19:40:44
Washington Nationals @ Houston Astros,Houston Astros,2025-07-28 20:10:00,2025-07-28 19:38:21,1.35,1.38,1.38,1.38,1.32,1.38,1.36,1.38,1.35,1.33,1.41,1.37,1.38,1.38,1.38,1.36,1.36,1.39,1.36,1.37,1.38,1.39,1.38,1.36,1.35,1.35,1.36,1.35,1.38,1.36,,1.39,1.36,1.38,1.4,1.4,1.37,1.4,1.35,1.37,1.37,,1.38,1.36,,1.39,1.33,1.36,1.36,,,,,1.37,,MLB,2.7,1.41,Pinnacle,Washington Nationals,2025-07-28 19:40:44
Athletic Club (MG) @ Paysandu,Paysandu,2025-07-28 20:30:00,2025-07-28 19:39:38,2.45,2.5,2.4,2.4,2.4,2.45,2.48,2.45,2.45,2.3,2.59,2.5,2.5,2.4,,2.48,2.37,2.54,2.48,2.3,,2.4,,,2.4,2.4,2.4,2.43,2.4,2.5,2.4,2.44,2.5,2.45,2.44,2.44,,,,,,,,,,,,,,,,,,,,Brazil Série B,2.53,2.59,Pinnacle,Draw,2025-07-28 19:40:44
Philadelphia Phillies @ Chicago White Sox,Philadelphia Phillies,2025-07-28 19:40:00,2025-07-28 19:38:21,1.41,1.44,1.42,1.42,1.36,1.42,1.43,1.42,1.41,1.4,1.46,1.44,1.43,1.42,1.44,1.42,1.4,1.45,1.43,1.4,1.44,1.44,1.45,1.43,1.42,1.42,1.4,1.41,1.42,1.4,,1.45,1.44,1.42,1.47,1.47,1.43,1.47,,1.43,1.42,,1.43,1.41,,1.45,1.4,1.44,1.43,,,,,1.42,,MLB,2.02,1.47,GTbets,API Error,2025-07-28 19:40:44
New York Liberty @ Dallas Wings,New York Liberty,2025-07-28 20:00:00,2025-07-28 19:38:25,1.27,1.28,,,1.23,,1.25,1.27,1.27,1.25,1.28,1.28,1.26,1.27,1.27,1.27,1.25,,1.25,,,1.25,1.28,1.27,1.3,1.3,,1.27,,,,1.26,,,1.27,1.27,1.28,1.28,1.23,1.26,1.28,,1.29,,,,1.29,,,,,,,,,WNBA,2.02,1.3,Ladbrokes,New York Liberty,2025-07-28 19:40:44
Carson Branstine @ Maria Sakkari,Carson Branstine,2025-07-28 20:30:00,2025-07-28 19:52:40,3.4,3.5,3.4,3.4,3.2,3.4,3.45,3.4,3.4,3.2,3.44,3.35,3.4,3.4,3.35,3.35,,3.37,3.45,,3.38,3.5,3.2,3.4,3.4,3.4,3.4,3.4,3.4,3.5,3.4,3.35,3.3,3.25,3.37,3.37,,3.25,3.4,,3.35,,,3.42,,,3.5,3.55,3.45,,,,,,,WTA Canadian Open,3.37,3.55,Winamax (DE),API Error,2025-07-28 19:53:32
New York Mets @ San Diego Padres,New York Mets,2025-07-28 21:40:00,2025-07-28 20:49:38,2.07,2.1,2.1,2.1,2.02,2.1,2.07,2.1,2.07,2.05,2.15,2.09,2.09,2.1,2.15,2.1,2.08,2.09,2.07,2.0,2.07,2.1,2.1,2.1,2.1,2.1,2.1,2.07,2.1,2.1,,2.14,2.1,2.05,2.15,2.15,2.1,2.17,2.05,2.11,2.1,,2.1,2.06,,2.16,2.1,2.05,2.05,,,,,2.1,,MLB,4.72,2.17,GTbets,Not Found,2025-07-28 20:50:34
Texas Rangers @ Los Angeles Angels,Texas Rangers,2025-07-28 21:38:00,2025-07-28 20:49:38,1.43,1.46,1.45,1.45,1.4,1.47,1.43,1.44,1.43,1.44,1.45,1.44,1.43,1.48,1.44,1.44,1.46,1.46,1.43,1.42,1.44,1.44,1.45,1.45,1.44,1.45,1.44,1.43,1.47,1.5,,1.47,1.44,1.42,1.47,1.47,1.44,1.47,1.42,1.45,1.44,,1.46,1.45,,1.44,1.45,1.44,1.43,,,,,1.4,,MLB,4.05,1.5,William Hill,Not Found,2025-07-28 20:50:34
Pittsburgh Pirates @ San Francisco Giants,Pittsburgh Pirates,2025-07-28 21:45:00,2025-07-28 20:50:18,2.12,2.13,2.12,2.12,2.06,2.12,2.07,2.12,2.12,2.15,2.18,2.12,2.14,2.16,2.1,2.12,2.14,2.11,2.07,2.1,2.09,2.15,2.1,2.1,2.1,2.1,2.1,2.12,2.12,2.1,,2.18,2.1,2.08,2.19,2.19,2.15,2.21,2.05,2.14,2.1,,2.13,2.09,,2.19,2.1,2.1,2.05,,,,,2.1,,MLB,3.04,2.21,GTbets,Not Found,2025-07-28 20:50:34
Seattle Mariners @ Oakland Athletics,Seattle Mariners,2025-07-28 22:05:00,2025-07-28 20:50:18,1.83,1.82,1.84,1.84,1.78,1.85,1.79,1.83,1.82,1.8,1.85,1.76,1.83,1.83,,1.83,1.81,1.89,1.79,1.77,1.87,1.8,1.8,1.8,1.78,1.78,1.8,1.82,1.85,1.73,,1.83,1.8,1.8,1.83,1.83,1.8,1.83,1.74,1.83,1.8,,1.82,1.75,,1.85,1.8,1.76,1.74,,,,,1.8,,MLB,2.29,1.89,1xBet,Not Found,2025-07-28 20:50:34
Tohoku Rakuten Golden Eagles @ Chiba Lotte Marines,Chiba Lotte Marines,2025-07-29 05:00:00,2025-07-28 23:00:49,1.65,1.72,,,,,1.68,,,,1.72,1.7,1.67,1.69,1.65,1.65,,1.7,1.68,1.62,,1.67,,1.65,,,1.61,,,1.71,,1.72,,,1.69,1.69,1.74,,1.58,1.67,,1.67,,,,1.65,1.67,,,,,,,,,NPB,2.36,1.74,Caesars,Not Found,2025-07-28 23:01:32
Yomiuri Giants @ Chunichi Dragons,Chunichi Dragons,2025-07-29 05:00:00,2025-07-28 23:00:49,1.76,1.8,,,,,1.78,,,,1.81,1.8,1.74,1.77,1.71,1.76,,1.79,1.78,1.7,,1.71,,1.74,,,1.73,,,1.78,,1.81,,,1.75,1.75,1.83,,1.65,1.75,,1.73,,,,,1.73,,,,,,,,,NPB,2.02,1.83,Caesars,Not Found,2025-07-28 23:01:32
Saitama Seibu Lions @ Orix Buffaloes,Orix Buffaloes,2025-07-29 05:00:00,2025-07-29 00:11:48,1.79,1.83,,,,,1.78,,,,1.82,1.8,1.77,1.78,1.71,1.78,,1.8,1.78,1.72,,1.74,,1.77,,,1.75,,,1.78,,1.82,,,1.78,1.78,1.87,,1.66,1.76,,1.73,,,,1.75,1.8,,,,,,,,,NPB,3.04,1.87,Caesars,Not Found,2025-07-29 00:12:14
Fukuoka SoftBank Hawks @ Hokkaido Nippon-Ham Fighters,Fukuoka SoftBank Hawks,2025-07-29 05:00:00,2025-07-29 00:57:44,1.63,1.68,,,,,1.62,,,,1.68,1.68,1.65,1.66,1.62,1.63,,1.67,1.62,1.62,,1.62,,1.62,,,1.6,,,1.66,,1.68,,,1.67,1.67,1.69,,1.55,1.64,,1.62,,,,1.62,1.61,,,,,,,,,NPB,2.02,1.69,Caesars,Not Found,2025-07-29 00:58:02
Tokyo Yakult Swallows @ Yokohama DeNA BayStars,Tokyo Yakult Swallows,2025-07-29 04:45:00,2025-07-29 01:26:44,2.75,2.9,,,,,2.9,,,,2.95,2.9,2.8,2.94,2.7,2.7,,2.82,2.9,2.85,,2.75,,2.8,,,2.75,,,2.9,,2.86,,,2.82,2.82,2.65,,2.5,2.77,,2.75,,,,2.75,2.75,,,,,,,,,NPB,2.02,2.95,Pinnacle,Not Found,2025-07-29 01:27:30
Hiroshima Toyo Carp @ Hanshin Tigers,Hanshin Tigers,2025-07-29 05:00:00,2025-07-29 01:51:39,1.68,1.7,,,,,1.68,,,,1.69,1.68,1.65,1.69,1.65,1.68,,1.7,1.68,1.62,,1.67,,1.67,,,1.65,,,1.71,,1.69,,,1.71,1.71,,,1.58,1.67,,1.67,,,,1.65,1.67,,,,,,,,,NPB,2.02,1.71,William Hill,Not Found,2025-07-29 01:51:45
Samsung Lions @ Hanwha Eagles,Samsung Lions,2025-07-29 05:30:00,2025-07-29 02:40:50,1.57,1.65,,,,,1.62,,,,1.66,1.68,1.65,1.63,1.67,1.56,,1.66,1.62,1.57,,1.61,,1.61,,,1.57,,,1.62,,,,,1.63,1.63,1.62,,1.54,1.62,,1.62,,,,1.6,,,,,,,,,,KBO,2.02,1.68,DraftKings,Not Found,2025-07-29 02:40:51
Doosan Bears @ Kia Tigers,Kia Tigers,2025-07-29 05:30:00,2025-07-29 03:30:24,1.68,1.74,,,,,1.7,,,,1.71,1.7,1.69,1.71,1.74,1.68,,1.72,1.7,1.7,,1.69,,1.65,,,1.61,,,1.7,,,,,1.71,1.71,1.69,,1.6,1.69,,1.67,,,,1.65,,,,,,,,,,KBO,2.7,1.74,Fanatics,Not Found,2025-07-29 03:30:46
Maria Camila Osorio Serrano @ Dayana Yastremska,Maria Camila Osorio Serrano,2025-07-29 11:00:00,2025-07-29 05:02:26,2.63,2.7,2.63,2.63,2.48,2.63,2.7,2.63,2.63,2.62,2.64,2.5,2.6,2.62,2.65,2.6,2.58,2.61,2.7,,2.62,2.6,2.5,2.6,2.6,2.6,2.6,2.63,2.63,2.6,2.6,2.6,2.58,2.55,2.62,2.62,,2.62,,,2.6,2.75,,,,,2.6,2.7,2.6,,,,,,,WTA Canadian Open,4.38,2.75,BoyleSports,Not Found,2025-07-29 05:03:14
Daria Kasatkina @ Anna Blinkova,Daria Kasatkina,2025-07-29 11:00:00,2025-07-29 05:02:59,1.5,1.53,1.5,1.5,1.43,1.5,1.5,1.5,1.5,1.53,1.56,1.57,1.5,1.56,1.51,1.5,1.52,1.55,1.5,,1.53,1.55,1.52,1.53,1.53,1.53,1.53,1.5,1.5,1.5,1.5,,1.5,1.52,1.53,1.53,,1.56,1.44,,1.51,1.53,,1.51,,,1.5,1.5,1.49,,,,,,,WTA Canadian Open,4.05,1.57,DraftKings,Not Found,2025-07-29 05:03:14
KT Wiz @ LG Twins,LG Twins,2025-07-29 05:30:00,2025-07-29 05:02:56,1.58,1.57,,,,,1.55,,,,1.54,1.56,1.54,1.54,1.57,1.57,,1.57,1.55,1.47,,1.53,,1.61,,,1.57,,,1.6,,,,,1.56,1.56,1.56,,1.46,1.6,,,,,,1.53,,,,,,,,,,KBO,2.25,1.61,BetMGM,Not Found,2025-07-29 05:03:14
Caty McNally @ Alycia Parks,Alycia Parks,2025-07-29 11:00:00,2025-07-29 05:02:26,2.95,3.02,2.95,2.95,2.8,2.95,2.95,2.95,2.95,2.75,3.02,3.0,2.95,2.76,2.95,2.9,,2.89,2.95,,2.91,2.9,2.8,2.9,2.87,2.88,2.87,2.95,2.95,3.1,3.0,3.0,2.94,2.9,3.07,3.07,,2.9,2.8,,2.9,2.75,,2.82,,,3.1,3.05,2.95,,,,,,,WTA Canadian Open,2.02,3.1,William Hill,Not Found,2025-07-29 05:03:14
Juan Pablo Ficovich @ Karen Khachanov,Juan Pablo Ficovich,2025-07-29 12:10:00,2025-07-29 05:35:07,7.5,,7.5,7.5,6.75,7.5,6.96,7.5,7.5,7.5,8.35,8.0,8.0,7.6,7.5,7.0,7.0,7.4,6.96,,7.4,7.0,7.0,7.25,7.5,7.5,,7.5,7.5,7.0,7.0,7.5,,7.5,7.61,7.61,,7.31,7.0,,7.0,7.0,,7.0,,,7.0,8.5,7.5,,,,,,,ATP Canadian Open,4.5,8.5,Winamax (DE),Not Found,2025-07-29 05:35:21
Ugo Humbert @ Emilio Nava,Ugo Humbert,2025-07-29 11:00:00,2025-07-29 05:35:07,1.33,1.34,1.33,1.33,1.28,1.33,1.32,1.33,1.33,1.3,1.36,1.33,1.33,,1.32,1.33,1.3,1.34,1.32,,1.33,1.3,1.3,1.34,1.33,1.33,,1.33,1.33,1.3,1.33,1.33,,1.33,1.34,1.34,,1.33,1.3,,1.32,1.33,,1.34,,,1.3,1.34,1.33,,,,,,,ATP Canadian Open,4.05,1.36,Pinnacle,Not Found,2025-07-29 05:35:21
Emma Navarro @ Rebecca Marino,Rebecca Marino,2025-07-29 11:00:00,2025-07-29 05:34:16,5.2,5.6,5.2,5.2,4.75,5.2,5.4,5.2,5.2,6.0,5.78,5.25,5.5,6.4,5.4,5.0,5.9,6.02,5.4,,,5.5,5.0,5.0,5.0,5.0,5.0,5.2,5.2,4.5,5.5,5.7,5.4,5.25,5.46,5.46,,5.22,,,5.25,5.0,,5.75,,,5.0,6.0,5.6,,,,,,,WTA Canadian Open,3.1,6.4,FanDuel,Not Found,2025-07-29 05:35:21
NC Dinos @ Lotte Giants,NC Dinos,2025-07-29 05:30:00,2025-07-29 05:29:57,2.1,2.0,,,,,1.98,,,,2.01,2.35,2.1,2.3,2.25,2.02,,2.03,2.0,2.2,,2.2,,2.05,,,1.95,,,1.8,,,,,2.05,2.05,2.2,,1.82,1.96,,1.95,,,,1.9,,,,,,,,,,KBO,3.08,2.35,DraftKings,Not Found,2025-07-29 05:35:21
KuPS Kuopio @ FC Kairat,Draw,2025-07-29 11:00:00,2025-07-29 05:35:07,4.7,4.4,4.35,4.35,,4.6,4.45,4.7,4.7,4.33,,4.5,4.3,4.5,,,4.2,4.91,4.45,4.4,4.85,4.5,4.25,4.6,,4.6,,4.6,4.6,,,4.35,,4.5,4.45,4.45,,,4.25,,4.5,4.33,4.4,,,,4.4,4.6,4.4,,,,,,,UEFA Champions League Qualification,2.82,4.91,1xBet,Not Found,2025-07-29 05:35:21
Kiwoom Heroes @ SSG Landers,Kiwoom Heroes,2025-07-29 05:30:00,2025-07-29 05:29:57,2.07,2.11,,,,,2.0,,,,2.15,2.14,2.0,2.16,2.1,2.07,,2.2,2.15,2.2,,2.15,,2.2,,,2.05,,,2.3,,,,,2.1,2.1,2.05,,1.91,2.1,,2.1,,,,,,,,,,,,,,KBO,2.7,2.3,William Hill,Not Found,2025-07-29 05:35:21
Alex Michelsen @ Marcelo Tomas Barrios Vera,Alex Michelsen,2025-07-29 12:30:00,2025-07-29 05:35:07,1.22,,1.22,1.22,1.18,1.22,1.21,1.22,1.22,1.22,1.27,1.26,1.25,1.23,1.22,1.22,1.22,1.25,1.21,,1.24,1.25,1.24,1.27,1.25,1.25,,1.22,1.22,1.22,1.25,1.24,,1.25,1.27,1.27,,1.22,1.19,,1.23,1.2,,1.21,,,1.22,1.25,1.24,,,,,,,ATP Canadian Open,2.25,1.27,Pinnacle,Not Found,2025-07-29 05:35:21
Port Adelaide Power @ Adelaide Crows,Adelaide Crows,2025-07-26 06:10:02,,,,,,,,,,,,,,,,,,,,,,,,,,,,,,,,,,,,,,,,,,,,,,,,,,,,,,,,,,,,,,2025-07-29 09:51:58
Miomir Kecmanovic @ Alexandre Muller,Alexandre Muller,2025-07-29 12:30:00,2025-07-29 11:26:57,2.5,,2.5,2.5,2.38,2.5,2.51,2.5,2.5,2.4,2.59,2.5,2.55,2.48,2.55,2.48,2.46,2.58,2.51,,2.59,2.4,2.4,2.55,2.5,2.5,2.5,2.5,2.5,2.6,2.5,2.5,,2.5,2.53,2.53,2.5,2.48,2.5,,2.5,2.62,,2.55,,2.4,2.6,2.6,2.55,,,,,2.5,,ATP Canadian Open,4.05,2.62,BoyleSports,Not Found,2025-07-29 11:27:33
Holger Rune @ Giovanni Mpetshi Perricard,Holger Rune,2025-07-29 12:30:00,2025-07-29 11:26:57,1.51,1.55,1.52,1.52,1.45,1.51,1.52,1.51,1.51,1.57,1.57,1.5,1.54,1.59,1.56,1.51,1.57,1.55,1.52,,1.53,1.5,1.52,1.56,1.55,1.55,1.55,1.51,1.51,1.62,1.53,,,1.52,1.56,1.56,1.53,1.54,1.54,,1.53,1.53,,1.54,,1.5,1.61,1.58,1.56,,,,,1.53,,ATP Canadian Open,3.04,1.62,William Hill,Not Found,2025-07-29 11:27:33
Leylah Fernandez @ Maya Joint,Leylah Fernandez,2025-07-29 12:30:00,2025-07-29 11:27:21,1.5,1.55,1.5,1.5,1.43,1.5,1.52,1.5,1.5,1.5,1.59,1.57,1.57,1.53,1.53,1.5,,1.54,1.52,,1.52,1.55,1.55,1.53,1.53,1.53,1.53,1.5,1.5,1.53,1.53,1.61,1.5,1.55,1.59,1.59,1.53,1.57,1.51,,1.53,1.53,,1.51,,1.53,1.53,1.56,1.54,,,,,1.57,,WTA Canadian Open,2.7,1.61,BetUS,Not Found,2025-07-29 11:27:33
Anna Kalinskaya @ Ann Li,Ann Li,2025-07-29 12:30:00,2025-07-29 11:27:21,2.95,2.85,2.95,2.95,2.75,2.95,2.95,2.95,2.95,2.75,2.83,2.6,2.75,2.84,2.8,2.88,,2.81,2.95,,2.83,2.75,2.7,2.8,2.75,2.75,2.75,2.95,2.95,2.75,2.8,2.84,2.78,2.7,2.84,2.84,2.75,2.67,2.9,,2.8,3.0,,2.95,,2.6,2.75,2.8,2.75,,,,,2.75,,WTA Canadian Open,2.7,3.0,BoyleSports,Not Found,2025-07-29 11:27:33
Marketa Vondrousova @ Marta Kostyuk,Marta Kostyuk,2025-07-29 12:30:00,2025-07-29 11:27:21,2.3,2.4,2.3,2.3,2.18,2.3,2.38,2.3,2.3,2.25,2.42,2.35,2.35,2.4,2.35,2.28,,2.31,2.38,,2.34,2.4,2.3,2.3,2.25,2.25,2.25,2.3,2.3,2.3,2.38,2.15,2.34,2.3,2.37,2.37,2.25,2.33,2.3,,2.35,2.38,,2.35,,2.3,2.3,2.45,2.4,,,,,2.35,,WTA Canadian Open,2.02,2.45,Winamax (DE),Not Found,2025-07-29 11:27:33
Terence Atmane @ Emilio Nava,Terence Atmane,2025-07-29 11:16:00,2025-07-29 11:46:59,6.5,6.4,6.25,6.25,6.0,6.5,5.82,6.5,6.5,,7.41,6.5,6.75,,5.55,6.1,,,,,,,,5.75,5.75,,5.75,6.25,6.1,,,,,,,,5.0,,,,,,,,,,6.0,,,,,,,,,ATP Canadian Open,3.13,7.41,Pinnacle,Not Found,2025-07-29 11:47:21
Linda Noskova @ Jaqueline Cristian,Jaqueline Cristian,2025-07-29 12:30:00,2025-07-29 11:58:57,2.95,2.98,2.95,2.95,2.8,2.95,2.95,2.95,2.95,2.88,2.97,2.85,2.9,3.0,2.9,2.88,,2.89,2.95,,2.91,2.75,2.9,2.85,2.8,2.8,2.8,2.95,2.95,2.9,2.9,2.8,2.94,2.9,3.11,3.11,3.0,2.89,2.8,,2.9,,,2.92,,2.75,2.9,3.0,2.95,,,,,2.95,,WTA Canadian Open,3.07,3.11,BetOnline.ag,Not Found,2025-07-29 11:59:06
Toronto Blue Jays @ Baltimore Orioles,Toronto Blue Jays,2025-07-29 12:36:00,2025-07-29 12:28:15,1.96,2.02,2.0,2.0,1.92,2.0,2.02,2.0,1.96,2.0,2.08,2.0,2.04,2.08,2.05,2.0,2.05,1.99,2.02,1.97,2.02,2.0,,2.0,2.0,2.0,2.0,1.96,2.0,2.0,,2.09,2.05,2.05,2.12,2.12,2.0,2.13,1.93,2.03,2.0,,2.02,1.97,,,2.0,1.98,1.96,,,,,,,MLB,4.38,2.13,GTbets,Not Found,2025-07-29 12:28:44
Alexei Popyrin @ Nicolas Arseneault,Nicolas Arseneault,2025-07-29 14:00:00,2025-07-29 12:54:48,10.0,10.0,10.0,10.0,8.5,10.0,9.2,10.0,10.0,10.0,11.8,11.0,10.0,9.9,9.8,9.5,9.5,9.5,9.2,,,10.0,9.0,9.25,10.0,10.0,10.0,10.0,10.0,8.0,9.0,9.5,,9.0,9.36,9.36,9.0,9.82,,,9.25,11.0,,9.15,,8.5,8.0,10.5,9.5,,,,,10.0,,ATP Canadian Open,4.17,11.8,Pinnacle,Not Found,2025-07-29 12:55:09
Jasmine Paolini @ Aoi Ito,Aoi Ito,2025-07-29 14:00:00,2025-07-29 12:54:48,6.0,6.1,6.0,6.0,5.4,6.0,6.0,6.0,6.0,5.5,6.16,6.0,5.75,5.9,5.9,5.75,,5.8,6.0,,5.8,5.5,5.5,5.75,5.75,5.75,5.75,6.0,6.0,5.5,5.5,6.0,5.85,5.5,5.76,5.76,6.0,5.94,5.6,,5.75,7.0,,5.85,,5.5,5.5,6.0,5.6,,,,,5.5,,WTA Canadian Open,4.05,7.0,BoyleSports,Not Found,2025-07-29 12:55:09
Jessica Bouzas Maneiro @ Ashlyn Krueger,Ashlyn Krueger,2025-07-29 14:00:00,2025-07-29 12:54:48,1.61,1.63,1.61,1.61,1.55,1.61,1.63,1.61,1.61,1.57,1.63,1.61,1.61,1.62,1.62,1.61,,1.64,1.63,,1.61,1.65,1.6,1.62,1.6,1.6,1.6,1.61,1.61,1.62,1.61,1.65,1.62,1.6,1.63,1.63,1.62,1.6,1.58,,1.61,1.67,,1.6,,1.57,1.61,1.64,1.62,,,,,1.62,,WTA Canadian Open,4.05,1.67,BoyleSports,Not Found,2025-07-29 12:55:09
Tomas Martin Etcheverry @ Tallon Griekspoor,Tallon Griekspoor,2025-07-29 13:40:00,2025-07-29 12:54:48,1.44,1.46,1.45,1.45,1.4,1.44,1.43,1.44,1.44,1.4,1.48,1.44,1.45,1.43,1.44,1.44,1.41,1.44,1.43,,1.43,1.45,1.42,1.45,1.44,1.44,1.44,1.44,1.44,1.44,1.45,1.45,,1.45,1.45,1.45,1.42,1.47,1.41,,1.44,,,1.45,,1.44,1.44,1.46,1.44,,,,,1.45,,ATP Canadian Open,2.7,1.48,Pinnacle,Not Found,2025-07-29 12:55:09
Jenson Brooksby @ Corentin Moutet,Corentin Moutet,2025-07-29 13:40:00,2025-07-29 12:54:46,1.76,1.75,1.76,1.76,1.68,1.76,1.74,1.76,1.76,1.73,1.76,1.71,1.71,1.75,1.77,1.76,1.75,1.74,1.74,,1.72,1.73,1.7,1.69,1.7,1.7,1.7,1.76,1.76,1.8,1.75,1.74,,1.72,1.74,1.74,1.77,1.75,1.76,,1.72,,,1.72,,1.7,1.8,1.76,1.72,,,,,1.72,,ATP Canadian Open,2.02,1.8,888sport,Not Found,2025-07-29 12:55:09
James Duckworth @ Lorenzo Musetti,James Duckworth,2025-07-29 13:40:00,2025-07-29 13:15:24,3.5,3.6,3.5,3.5,3.25,3.5,3.49,3.5,3.5,3.5,3.74,3.5,3.6,3.5,3.55,3.4,3.5,3.42,3.49,,3.45,3.5,3.6,3.4,3.4,3.4,3.4,3.5,3.5,3.6,3.6,3.5,,3.45,3.67,3.67,3.4,3.56,3.55,,3.5,,,3.68,,3.3,3.6,3.75,3.6,,,,,3.5,,ATP Canadian Open,3.07,3.75,Winamax (DE),Not Found,2025-07-29 13:15:33
Olga Danilovic @ Veronika Kudermetova,Veronika Kudermetova,2025-07-29 14:00:00,2025-07-29 13:53:56,1.79,1.81,1.79,1.79,1.72,1.79,1.82,1.79,1.79,1.67,1.8,1.77,1.77,1.78,1.8,1.78,1.75,1.78,1.82,,1.78,1.75,,1.77,1.75,1.75,1.75,1.79,1.79,1.85,1.8,1.77,1.77,1.75,1.78,1.78,1.74,1.85,1.77,,1.77,,,1.82,,1.75,1.85,1.8,1.78,,,,,1.75,,WTA Canadian Open,3.15,1.85,888sport,Not Found,2025-07-29 13:54:22
Ħamrun Spartans FC @ Dynamo Kyiv,Dynamo Kyiv,2025-07-29 14:00:00,2025-07-29 13:53:56,1.17,1.18,1.09,1.09,,1.16,1.21,1.17,1.17,1.14,,1.19,1.16,1.18,,,1.1,1.19,1.21,1.14,1.18,1.2,1.2,,,1.2,,1.16,1.15,,,1.17,,1.22,1.18,1.18,,,1.14,,1.18,,1.17,,,,1.18,1.17,1.15,,,,,,,UEFA Champions League Qualification,2.25,1.22,PlayUp,Not Found,2025-07-29 13:54:22
Diana Shnaider @ Marie Bouzkova,Diana Shnaider,2025-07-29 15:00:00,2025-07-29 14:15:50,1.72,1.71,1.72,1.72,1.65,1.72,1.78,1.72,1.72,1.67,1.75,1.67,1.71,1.72,1.69,1.71,1.72,1.72,1.78,,1.71,1.65,1.65,1.71,1.7,1.7,1.7,1.72,1.72,1.73,1.73,1.71,1.7,1.68,1.69,1.69,1.71,1.69,1.7,,1.69,,,1.73,,1.62,1.73,1.74,1.72,,,,,1.68,,WTA Canadian Open,4.72,1.78,Nordic Bet,Not Found,2025-07-29 14:16:30
Newport County @ Barnet,Barnet,2025-07-29 14:30:00,2025-07-29 14:16:05,1.51,1.58,1.49,1.49,1.48,1.51,1.55,1.51,1.51,1.57,1.69,,1.53,1.53,,1.51,1.53,1.54,1.55,1.55,1.5,1.55,1.52,1.61,1.58,1.58,1.6,1.51,1.51,1.62,1.6,,,1.5,1.57,1.57,,,,,1.58,,,,,,,1.56,1.52,1.5,,,,,,EFL Cup,3.48,1.69,Pinnacle,Not Found,2025-07-29 14:16:30
Bianca Andreescu @ Mirra Andreeva,Mirra Andreeva,2025-07-29 13:40:00,2025-07-29 14:12:59,1.2,1.18,1.2,1.2,1.18,1.2,,1.2,1.2,,,,,,1.18,1.19,,,,,,1.15,,,,,,1.2,1.2,1.17,,,,,,,,,,,1.17,1.22,,,,,,,,,,,,,,WTA Canadian Open,2.7,1.22,BoyleSports,Not Found,2025-07-29 14:16:30
ŠK Slovan Bratislava @ HŠK Zrinjski Mostar,ŠK Slovan Bratislava,2025-07-29 15:00:00,2025-07-29 14:15:47,2.7,2.55,2.5,2.5,,2.65,2.52,2.7,2.7,2.5,,2.6,2.53,2.55,,,2.4,2.63,2.52,2.5,2.6,2.6,2.5,2.6,,2.65,,2.65,2.65,,,2.6,,2.55,2.56,2.56,,,2.5,,2.55,,2.55,,,,2.5,2.6,2.6,,,,,,,UEFA Champions League Qualification,2.36,2.7,Unibet,Not Found,2025-07-29 14:16:30
Francisco Cerundolo @ Jaume Munar,Francisco Cerundolo,2025-07-29 15:55:00,2025-07-29 14:50:20,1.89,1.91,1.9,1.9,1.82,1.89,1.87,1.89,1.89,1.91,1.93,1.91,1.87,1.91,1.91,1.88,1.97,1.87,1.87,,1.88,1.9,1.9,1.83,1.8,1.8,1.8,1.89,1.89,1.8,1.9,1.87,,1.88,2.0,2.0,1.87,1.9,1.84,,1.87,1.83,,1.89,,1.85,1.8,1.9,1.88,,,,,1.9,,ATP Canadian Open,3.71,2.0,LowVig.ag,Not Found,2025-07-29 14:50:37
FC Copenhagen @ FC Drita,FC Copenhagen,2025-07-29 14:00:00,2025-07-29 14:49:53,1.05,1.07,1.05,1.05,,1.05,1.05,1.05,1.05,1.03,,1.04,1.05,1.03,,,,,1.05,1.01,,1.06,1.05,1.04,,,,1.05,1.04,,,,,,,,,,,,,,,,,,1.06,1.04,1.06,,,,,,,UEFA Champions League Qualification,2.7,1.07,Coolbet,Not Found,2025-07-29 14:50:37
Lincoln Red Imps FC @ Red Star Belgrade,Red Star Belgrade,2025-07-29 15:00:00,2025-07-29 14:50:17,1.03,1.04,1.02,1.02,,1.02,1.04,1.03,1.03,1.03,,1.06,1.02,1.05,,,1.02,1.05,1.04,1.03,1.04,1.05,1.04,1.05,,1.06,,1.02,1.02,,,1.03,,1.05,,,,,1.03,,1.04,,1.04,,,,1.05,1.03,1.03,,,,,,,UEFA Champions League Qualification,2.02,1.06,DraftKings,Not Found,2025-07-29 14:50:37
Facundo Bagnis @ Nuno Borges,Nuno Borges,2025-07-29 16:10:00,2025-07-29 14:50:20,1.16,1.15,1.16,1.16,1.13,1.16,1.14,1.16,1.16,1.14,1.16,1.15,1.14,1.15,1.15,1.16,1.14,1.14,1.14,,1.14,1.15,1.13,1.15,1.14,1.14,1.14,1.16,1.16,1.17,1.15,1.13,,1.14,1.14,1.14,1.14,1.16,1.12,,1.14,1.14,,1.14,,1.12,1.17,1.16,1.15,,,,,1.14,,ATP Canadian Open,2.02,1.17,888sport,Not Found,2025-07-29 14:50:37
Tomas Machac @ Reilly Opelka,Tomas Machac,2025-07-29 16:50:00,2025-07-29 15:10:42,1.6,1.6,1.6,1.6,1.54,1.6,1.58,1.6,1.6,1.57,1.6,1.54,1.57,1.6,1.59,1.6,1.58,1.59,1.58,,1.57,1.55,1.55,1.57,1.55,1.55,1.55,1.6,1.6,1.67,1.57,1.57,,1.55,1.59,1.59,1.56,1.57,1.56,,1.58,1.57,,1.57,,1.53,1.67,1.6,1.56,,,,,1.57,,ATP Canadian Open,3.04,1.67,888sport,Not Found,2025-07-29 15:11:23
Matteo Arnaldi @ Tristan Schoolkate,Matteo Arnaldi,2025-07-29 16:50:00,2025-07-29 15:10:42,1.56,1.59,1.57,1.57,1.5,1.56,1.53,1.56,1.56,1.53,1.65,1.61,1.61,1.56,1.56,1.56,1.53,1.59,1.53,,1.57,1.6,1.6,1.57,1.55,1.55,1.55,1.56,1.56,1.53,1.6,1.62,,1.6,1.6,1.6,1.53,1.57,1.54,,1.56,1.53,,1.53,,1.57,1.53,1.6,1.56,,,,,1.62,,ATP Canadian Open,2.02,1.65,Pinnacle,Not Found,2025-07-29 15:11:23
Lin Zhu @ Ekaterina Alexandrova,Lin Zhu,2025-07-29 17:30:00,2025-07-29 15:42:20,6.4,6.8,6.4,6.4,5.75,6.4,6.6,6.4,6.4,5.5,6.39,6.0,6.0,6.0,6.4,6.1,,6.2,6.6,,6.15,6.0,5.5,6.0,6.0,6.0,6.0,6.4,6.4,6.5,,6.25,6.2,5.75,6.34,6.34,5.5,6.2,6.1,,6.0,6.5,,6.45,,5.5,6.5,6.25,5.9,,,,,6.0,,WTA Canadian Open,2.02,6.8,Coolbet,Not Found,2025-07-29 15:42:43
Hailey Baptiste @ Elena Rybakina,Hailey Baptiste,2025-07-29 18:00:00,2025-07-29 15:51:39,4.35,4.4,4.35,4.35,4.0,4.35,4.4,4.35,4.35,4.5,4.58,4.3,4.5,4.6,4.3,4.2,4.6,4.22,4.4,,4.3,4.25,4.2,4.25,4.2,4.2,4.2,4.35,4.35,4.2,4.33,4.5,4.25,4.4,4.34,4.34,4.0,4.31,4.05,,4.15,4.33,,4.25,,4.0,4.2,4.5,4.2,,,,,4.5,,WTA Canadian Open,2.28,4.6,FanDuel,Not Found,2025-07-29 15:52:10
Casper Ruud @ Roman Safiullin,Roman Safiullin,2025-07-29 17:00:00,2025-07-29 15:51:37,2.7,2.82,2.7,2.7,2.55,2.7,2.75,2.7,2.7,2.62,2.83,2.75,2.75,,2.8,2.65,2.81,2.86,2.85,,2.88,2.75,2.7,2.8,2.75,2.75,2.75,2.7,2.7,2.9,2.8,2.85,,2.7,2.88,2.88,2.65,2.84,2.65,,2.75,2.75,,2.78,,2.75,2.9,2.85,2.75,,,,,2.7,,ATP Canadian Open,2.02,2.9,888sport,Not Found,2025-07-29 15:52:10
Dalibor Svrcina @ Daniil Medvedev,Dalibor Svrcina,2025-07-29 18:10:00,2025-07-29 15:59:01,9.5,9.5,9.5,9.5,8.0,9.5,8.6,9.5,9.5,8.5,9.73,9.5,8.75,,9.5,9.0,8.0,8.9,8.6,,8.9,8.5,8.0,8.0,8.5,8.5,8.5,9.5,9.5,8.0,8.5,9.0,,8.0,9.17,9.17,7.5,8.23,7.8,,8.5,11.0,,8.6,,7.5,8.0,10.0,8.5,,,,,8.5,,ATP Canadian Open,2.7,11.0,BoyleSports,Not Found,2025-07-29 15:59:29
Memphis Redbirds @ Norfolk Tides,Memphis Redbirds,2025-07-29 18:35:00,2025-07-29 16:56:34,,,,,,,,,,,1.89,,1.91,1.86,,1.7,,1.87,,,,1.83,,,,,,,,1.85,,,,,2.0,,1.87,,,,,,,,,,,,,,,,,,,MiLB,4.38,2.0,BetOnline.ag,Not Found,2025-07-29 16:56:38
Nashville Sounds @ Scranton/Wilkes-Barre RailRiders,Scranton/Wilkes-Barre RailRiders,2025-07-29 18:35:00,2025-07-29 16:56:34,,,,,,,,,,,1.86,,,1.93,,1.85,,1.85,,,,1.91,,,,,,,,1.91,,,,,1.87,,1.87,,,,,,,,,,,,,,,,,,,MiLB,2.02,1.93,FanDuel,Not Found,2025-07-29 16:56:38
Colorado Rockies @ Cleveland Guardians,Colorado Rockies,2025-07-29 18:40:00,2025-07-29 17:34:54,2.6,2.62,2.6,2.6,2.6,2.6,2.57,2.6,2.6,2.62,2.65,2.62,2.58,2.64,2.55,2.6,2.62,2.6,2.57,2.6,2.57,2.75,2.6,2.65,2.65,2.65,2.62,2.6,2.6,2.6,,2.58,2.6,2.55,2.61,2.61,2.58,2.64,2.55,2.64,2.6,2.6,2.62,2.58,,2.6,2.55,2.6,2.55,,,,,2.55,,MLB,5.06,2.75,Betway,Not Found,2025-07-29 17:35:50
Arizona Diamondbacks @ Detroit Tigers,Arizona Diamondbacks,2025-07-29 18:40:00,2025-07-29 17:34:54,2.3,2.35,2.33,2.33,2.23,2.33,2.27,2.33,2.3,2.25,2.37,2.33,2.33,2.32,2.35,2.32,2.29,2.31,2.27,2.3,2.29,2.3,2.3,2.35,2.35,2.35,2.37,2.3,2.33,2.3,,2.39,2.35,2.3,2.41,2.41,2.35,2.43,2.25,2.32,2.3,2.3,2.34,2.28,,2.38,2.3,2.3,2.25,,,,,2.25,,MLB,2.97,2.43,GTbets,Not Found,2025-07-29 17:35:50
Syracuse Mets @ Buffalo Bisons,Buffalo Bisons,2025-07-29 18:35:00,2025-07-29 18:21:07,,,,,,,,,,,1.71,,1.74,1.82,,1.93,,1.74,,,,1.8,,,,,,,,2.0,,,,,1.74,,1.8,,,,,,,,,,,,,,,,,,,MiLB,2.25,2.0,William Hill,Not Found,2025-07-29 18:21:15
Lehigh Valley IronPigs @ Worcester Red Sox,Lehigh Valley IronPigs,2025-07-29 18:45:00,2025-07-29 18:21:07,,,,,,,,,,,1.88,,1.91,1.85,,,,1.79,,,,1.8,,,,,,,,1.62,,,,,1.8,,1.83,,,,,,,,,,,,,,,,,,,MiLB,2.14,1.91,Bovada,Not Found,2025-07-29 18:21:15
Columbus Crew SC @ Toluca,Columbus Crew SC,2025-07-29 19:00:00,2025-07-29 18:41:24,2.33,2.4,2.33,2.33,2.3,2.33,2.35,2.33,2.33,2.3,2.38,2.3,2.3,2.45,,2.38,2.3,2.38,2.35,,,2.3,,2.25,,,,2.33,2.33,2.25,,,,,2.36,2.36,2.35,,,,,,,2.19,,2.3,2.25,2.4,2.35,,,,,2.35,,Leagues Cup,2.7,2.45,FanDuel,Not Found,2025-07-29 18:42:32
Learner Tien @ Denis Shapovalov,Denis Shapovalov,2025-07-29 19:00:00,2025-07-29 18:42:29,1.6,1.61,1.6,1.6,1.54,1.6,1.57,1.6,1.6,1.57,1.64,1.61,1.61,,1.59,1.6,1.55,1.62,1.57,,1.6,1.6,1.58,1.57,1.55,1.55,1.55,1.6,1.6,1.57,1.6,1.57,,1.6,1.6,1.6,1.53,1.56,1.55,,1.58,,,1.6,,1.55,1.57,1.6,1.58,,,,,1.6,,ATP Canadian Open,2.7,1.64,Pinnacle,Not Found,2025-07-29 18:42:32
León @ CF Montreal,CF Montreal,2025-07-29 19:00:00,2025-07-29 18:41:24,2.35,2.45,2.35,2.35,2.32,2.35,2.35,2.35,2.35,2.15,2.44,2.35,2.3,2.35,,2.4,2.15,2.4,2.35,,,2.3,,,,,,2.35,2.35,2.25,,,,,2.36,2.36,2.4,,,,,,,2.17,,2.3,2.3,2.3,2.25,,,,,2.35,,Leagues Cup,2.25,2.45,Coolbet,Not Found,2025-07-29 18:42:32
Danielle Collins @ Coco Gauff,Coco Gauff,2025-07-29 19:00:00,2025-07-29 18:41:48,1.29,1.31,1.29,1.29,1.25,1.29,1.29,1.29,1.29,1.29,1.33,1.33,1.32,1.3,,1.29,1.28,1.31,1.29,,1.3,1.3,1.3,1.31,1.3,1.3,1.3,1.29,1.29,1.33,1.3,1.31,1.3,1.3,1.3,1.3,1.29,1.33,1.27,,1.29,,,1.29,,1.28,1.33,1.3,1.29,,,,,1.3,,WTA Canadian Open,2.02,1.33,DraftKings,Not Found,2025-07-29 18:42:32
Durham Bulls @ Gwinnett Stripers,Durham Bulls,2025-07-29 19:05:00,2025-07-29 19:08:08,,,,,,,,,,,1.61,,1.59,1.51,,1.51,,1.62,,,,1.57,,,,,,,,1.53,,,,,1.8,,1.59,,,,,,,,,,,,,,,,,,,MiLB,4.72,1.8,BetOnline.ag,Not Found,2025-07-29 19:13:34
Cuiabá @ Criciuma,Draw,2025-07-29 19:30:00,2025-07-29 19:13:16,3.15,3.2,3.1,3.1,3.1,3.15,3.25,3.15,3.15,3.25,3.53,3.4,,3.3,,3.2,3.3,3.28,3.25,3.4,3.34,3.3,3.4,3.25,3.2,3.2,3.2,3.15,3.1,3.2,3.12,3.35,3.2,3.4,3.3,3.2,,,,,,,,,,,,,,,,,,,,Brazil Série B,3.42,3.53,Pinnacle,Not Found,2025-07-29 19:13:34
Rochester Red Wings @ Charlotte Knights,Rochester Red Wings,2025-07-29 19:04:00,2025-07-29 19:04:02,,,,,,,,,,,2.15,,2.2,2.2,,2.23,,2.14,,,,2.35,,,,,,,,2.2,,,,,2.17,,2.2,,,,,,,,,,,,,,,,,,,MiLB,3.37,2.35,Betway,Not Found,2025-07-29 19:13:34
Chicago Sky @ Washington Mystics,Washington Mystics,2025-07-29 19:30:00,2025-07-29 19:12:51,1.28,1.3,,,1.24,,1.3,1.28,1.28,1.29,1.3,1.32,1.3,1.31,1.31,1.28,1.29,,1.3,,,1.3,1.3,1.31,1.35,1.35,,1.28,,,,1.31,,,1.31,1.31,1.3,1.31,1.28,1.31,1.3,,1.31,,,,1.3,,,,,,,,,WNBA,3.37,1.35,Ladbrokes,Not Found,2025-07-29 19:13:34
Boston Red Sox @ Minnesota Twins,Minnesota Twins,2025-07-29 19:41:00,2025-07-29 19:12:50,2.06,2.1,2.06,2.06,2.0,2.06,2.04,2.06,2.06,2.0,2.14,2.08,2.09,2.1,2.1,2.06,2.07,2.09,2.04,2.1,2.07,2.1,2.05,2.05,2.05,2.05,2.05,2.06,2.06,2.0,,2.12,2.1,2.05,2.12,2.12,2.1,2.13,2.05,2.09,2.05,,2.08,2.05,,2.15,2.05,2.05,2.0,,,,,2.08,,MLB,3.04,2.15,Everygame,Not Found,2025-07-29 19:13:34
Tampa Bay Rays @ New York Yankees,Tampa Bay Rays,2025-07-29 19:06:00,2025-07-29 19:12:50,2.18,2.1,2.15,2.15,2.1,2.18,2.12,2.1,2.1,2.15,2.59,2.05,2.54,2.1,2.15,2.12,2.59,,2.07,2.1,2.49,2.2,2.1,2.15,2.55,2.55,2.6,2.15,2.14,2.6,,2.54,2.05,2.55,2.55,2.55,2.15,2.16,2.45,2.6,2.55,2.5,2.65,2.5,2.6,2.57,2.05,2.1,2.0,,,,,2.5,,MLB,2.7,2.65,Bet Right,Not Found,2025-07-29 19:13:34
Atlanta Braves @ Kansas City Royals,Atlanta Braves,2025-07-29 19:41:00,2025-07-29 19:12:50,2.05,2.06,2.08,2.08,1.97,2.08,2.03,2.08,2.05,1.95,2.06,2.09,2.03,2.04,2.1,2.07,2.02,2.07,2.03,2.1,2.05,2.1,2.05,2.05,2.05,2.05,2.05,2.05,2.08,2.1,,2.08,2.0,2.05,2.12,2.12,2.05,2.13,2.05,2.06,2.05,,2.06,2.05,,2.08,2.05,2.05,2.05,,,,,2.0,,MLB,2.7,2.13,GTbets,Not Found,2025-07-29 19:13:34
Los Angeles Dodgers @ Cincinnati Reds,Los Angeles Dodgers,2025-07-29 19:11:00,2025-07-29 19:12:50,1.68,1.7,1.67,1.67,1.63,1.68,1.66,1.68,1.63,1.73,1.68,1.68,1.65,1.68,1.69,1.65,1.63,,1.63,1.7,1.65,1.74,1.7,1.71,1.65,1.65,1.67,1.67,1.66,1.62,,1.68,1.63,1.65,1.69,1.69,1.69,1.73,1.6,1.63,1.64,1.62,1.65,1.62,1.67,,1.67,1.72,1.66,,,,,1.64,,MLB,2.36,1.74,Betway,Not Found,2025-07-29 19:13:34
Golden State Valkyries @ Atlanta Dream,Golden State Valkyries,2025-07-29 19:30:00,2025-07-29 19:12:51,4.1,3.8,,,3.8,,4.1,4.1,4.1,3.75,4.41,4.1,4.25,4.1,4.2,3.95,4.15,,4.1,,,4.0,,4.2,3.75,3.75,,4.1,,,,4.0,,,4.03,4.03,4.1,4.0,3.85,4.23,3.85,,4.2,,,,3.9,,,,,,,,,WNBA,2.09,4.41,Pinnacle,Not Found,2025-07-29 19:13:34
Fortaleza @ Grêmio,Draw,2025-07-29 19:30:00,2025-07-29 19:12:48,3.35,3.3,3.25,3.25,3.3,3.35,,3.35,3.35,3.3,3.49,3.35,3.5,3.3,,3.45,3.25,,,3.3,3.4,3.4,3.4,3.5,,,,3.25,3.3,3.2,3.4,3.45,3.3,3.35,3.5,3.5,,3.36,3.1,,3.3,,3.3,3.2,,3.4,,3.35,3.2,3.4,3.2,,,,,Brazil Série A,2.02,3.5,BetMGM,Not Found,2025-07-29 19:13:34
Indianapolis Indians @ Iowa Cubs,Indianapolis Indians,2025-07-29 19:38:00,2025-07-29 19:12:59,,,,,,,,,,,1.83,,1.83,1.82,,1.71,,1.81,,,,1.8,,,,,,,,1.8,,,,,1.8,,1.8,,,,,,,,,,,,,,,,,,,MiLB,2.02,1.83,Bovada,Not Found,2025-07-29 19:13:34
Philadelphia Phillies @ Chicago White Sox,Philadelphia Phillies,2025-07-29 19:41:00,2025-07-29 19:32:15,1.49,1.55,1.54,1.54,1.44,1.54,1.54,1.54,1.49,1.53,1.57,1.54,1.54,1.56,1.54,1.5,1.54,1.56,1.54,1.5,1.54,1.56,1.55,1.54,1.55,1.55,1.55,1.49,1.54,1.53,,1.6,1.56,1.55,1.6,1.6,1.56,1.6,,1.56,1.54,,1.55,1.53,,1.57,1.53,1.52,1.52,,,,,1.53,,MLB,4.05,1.6,GTbets,Not Found,2025-07-29 19:32:53
Chicago Cubs @ Milwaukee Brewers,Chicago Cubs,2025-07-29 19:41:00,2025-07-29 19:32:15,2.02,2.06,2.04,2.04,1.95,2.05,2.07,2.04,2.02,1.95,2.14,2.07,2.08,2.06,2.1,2.04,2.03,2.09,2.07,2.1,2.07,2.1,2.1,2.1,2.1,2.1,2.1,2.02,2.05,2.0,,2.14,2.05,2.08,2.14,2.14,2.1,2.16,2.0,2.1,2.05,,2.08,2.04,,2.15,2.05,2.05,2.0,,,,,2.05,,MLB,2.02,2.16,GTbets,Not Found,2025-07-29 19:32:53
Puebla @ New York City FC,New York City FC,2025-07-29 20:00:00,2025-07-29 19:45:50,1.7,1.8,1.7,1.7,1.68,1.7,1.75,1.7,1.7,1.7,1.72,1.69,,1.77,,1.74,1.7,1.79,1.75,,,1.75,,1.71,,,,1.7,1.7,1.7,,,,,1.77,1.77,1.74,,,,,,,1.65,,1.73,1.7,1.74,1.7,,,,,1.78,,Leagues Cup,3.37,1.8,Coolbet,Not Found,2025-07-29 19:46:14
Sacramento River Cats @ Albuquerque Isotopes,Sacramento River Cats,2025-07-29 20:35:00,2025-07-29 19:45:29,,,,,,,,,,,1.94,,1.95,1.89,,1.79,,1.87,,,,1.83,,,,,,,,1.85,,,,,1.87,,1.87,,,,,,,,,,,,,,,,,,,MiLB,2.7,1.95,Bovada,Not Found,2025-07-29 19:46:14
Washington Nationals @ Houston Astros,Houston Astros,2025-07-29 20:10:00,2025-07-29 19:46:04,1.76,1.83,1.77,1.77,1.7,1.83,1.83,1.77,1.75,1.8,1.87,1.79,1.82,1.83,1.83,1.77,1.81,1.85,1.83,1.75,1.83,1.8,1.85,1.8,1.8,1.78,1.8,1.75,1.83,1.8,,1.88,1.83,1.82,1.86,1.86,1.83,1.86,1.76,1.82,1.81,,1.83,1.77,,1.87,1.8,1.78,1.76,,,,,1.82,,MLB,2.36,1.88,BetUS,Not Found,2025-07-29 19:46:14
Salt Lake Bees @ Oklahoma City Baseball Club,Oklahoma City Baseball Club,2025-07-29 20:05:00,2025-07-29 19:45:29,,,,,,,,,,,1.49,,,1.48,,1.45,,,,,,1.48,,,,,,,,,,,,,1.49,,1.5,,,,,,,,,,,,,,,,,,,MiLB,2.02,1.5,Caesars,Not Found,2025-07-29 19:46:14
El Paso Chihuahuas @ Round Rock Express,Round Rock Express,2025-07-29 20:15:00,2025-07-29 19:45:29,,,,,,,,,,,1.53,,1.56,1.63,,1.7,,1.58,,,,1.61,,,,,,,,1.67,,,,,1.59,,1.62,,,,,,,,,,,,,,,,,,,MiLB,2.02,1.7,BetRivers,Not Found,2025-07-29 19:46:14
Victoria Mboko @ Sofia Kenin,Sofia Kenin,2025-07-29 20:30:00,2025-07-29 19:45:31,2.25,2.35,2.25,2.25,2.14,2.25,2.37,2.25,2.25,2.25,2.43,2.35,2.45,2.3,2.3,2.23,2.26,2.31,2.37,,2.34,2.3,2.3,2.35,2.3,2.3,2.3,2.25,2.25,2.3,2.38,2.3,2.34,2.35,2.38,2.38,2.25,2.37,2.25,,2.3,,,2.4,,2.3,2.3,2.3,2.25,,,,,2.35,,WTA Canadian Open,2.02,2.45,Bovada,Not Found,2025-07-29 19:46:14
Beatriz Haddad Maia @ Suzan Lamens,Suzan Lamens,2025-07-29 19:41:00,2025-07-29 19:54:09,2.33,2.47,2.28,2.28,2.23,2.33,2.5,2.33,2.33,2.25,2.6,2.35,2.6,2.4,2.4,2.25,,,2.5,,,2.6,2.6,2.45,2.45,2.5,2.45,2.28,2.25,2.5,2.5,,2.4,2.5,2.51,2.51,2.5,2.47,,,2.5,2.5,,2.45,,,2.5,2.4,2.3,,,,,2.5,,WTA Canadian Open,2.02,2.6,Betway,Not Found,2025-07-29 19:54:20
Texas Rangers @ Los Angeles Angels,Texas Rangers,2025-07-29 21:39:00,2025-07-29 20:55:06,2.12,2.13,2.14,2.14,2.05,2.14,2.12,2.14,2.12,2.05,2.23,2.07,2.17,2.16,2.15,2.12,2.13,2.17,2.12,2.1,2.15,2.1,2.15,2.1,2.1,2.1,2.1,2.12,2.14,2.1,,2.23,2.15,2.12,2.22,2.23,2.15,2.26,2.05,2.12,2.1,,2.13,2.05,,2.25,2.1,2.05,2.05,,,,,2.15,,MLB,4.72,2.26,GTbets,Not Found,2025-07-29 20:55:46
Miami Marlins @ St. Louis Cardinals,Miami Marlins,2025-07-29 19:46:00,2025-07-29 20:55:06,1.4,1.37,1.4,1.4,1.36,1.4,1.38,1.4,1.4,1.4,1.51,1.37,1.45,1.36,1.41,1.38,,,1.38,1.37,,1.36,1.42,1.43,,,,1.4,1.38,,,,1.4,,,,1.36,1.4,,1.4,,,,,,,1.4,1.38,1.36,,,,,,,MLB,3.71,1.51,Pinnacle,Not Found,2025-07-29 20:55:46
Seattle Mariners @ Oakland Athletics,Seattle Mariners,2025-07-29 22:05:00,2025-07-29 20:55:06,1.88,1.91,1.91,1.91,1.83,1.91,1.9,1.91,1.88,1.87,1.96,1.91,1.91,1.91,,1.89,1.89,1.93,1.9,1.85,1.91,1.91,1.92,1.91,1.91,1.9,1.91,1.88,1.91,1.91,,1.94,1.9,1.9,1.94,1.94,1.91,1.94,1.87,1.92,1.89,,1.93,1.88,,1.95,1.91,1.9,1.88,,,,,1.9,,MLB,3.37,1.96,Pinnacle,Not Found,2025-07-29 20:55:46
New York Mets @ San Diego Padres,San Diego Padres,2025-07-29 21:40:00,2025-07-29 20:55:06,2.04,2.06,2.05,2.05,1.96,2.06,2.03,2.05,2.02,2.05,2.12,2.04,2.07,2.12,2.05,2.04,2.08,2.07,2.03,2.05,2.05,2.05,2.05,2.1,2.1,2.1,2.1,2.02,2.06,2.1,,2.1,2.05,2.05,2.13,2.13,2.1,2.15,2.0,2.08,2.05,,2.08,2.02,,2.14,2.05,2.0,2.0,,,,,2.05,,MLB,3.37,2.15,GTbets,Not Found,2025-07-29 20:55:46
Adam Walton @ Alexander Zverev,Adam Walton,2025-07-29 20:50:00,2025-07-29 20:55:41,6.5,7.5,6.25,6.25,6.0,6.5,6.09,6.5,6.5,7.0,7.6,6.5,7.0,,7.0,6.1,6.5,6.85,6.09,,6.9,6.0,6.5,6.75,7.0,7.0,7.0,6.25,6.25,7.5,6.5,,,6.5,7.32,7.86,7.0,6.62,6.5,,7.0,8.5,,6.5,,,7.5,7.0,6.5,,,,,7.0,,ATP Canadian Open,2.97,8.5,BoyleSports,Not Found,2025-07-29 20:55:46
Pittsburgh Pirates @ San Francisco Giants,San Francisco Giants,2025-07-29 21:46:00,2025-07-29 20:55:06,1.55,1.58,1.56,1.56,1.5,1.57,1.56,1.56,1.54,1.53,1.61,1.59,1.57,1.57,1.57,1.56,1.55,1.6,1.56,1.55,1.58,1.59,1.6,1.57,1.57,1.57,1.57,1.54,1.57,1.57,,1.61,1.56,1.58,1.61,1.61,1.59,1.61,1.56,1.58,1.57,,1.58,1.57,,1.6,1.57,1.58,1.56,,,,,1.55,,MLB,2.7,1.61,GTbets,Not Found,2025-07-29 20:55:46
Houston Dynamo @ Tigres,Houston Dynamo,2025-07-29 21:00:00,2025-07-29 20:55:43,4.2,3.6,4.2,4.2,4.1,4.2,3.65,4.2,4.2,3.4,3.84,3.6,3.65,3.8,3.6,4.25,3.4,3.82,3.65,,,3.4,,3.3,,,,4.2,4.2,3.5,,,,,3.8,3.8,3.7,,,,,,,3.35,,3.5,3.5,3.65,3.5,,,,,3.6,,Leagues Cup,2.38,4.25,BetRivers,Not Found,2025-07-29 20:55:46
Las Vegas Aces @ Los Angeles Sparks,Las Vegas Aces,2025-07-29 22:02:45,2025-07-29 22:57:11,1.06,1.09,,,1.05,,1.11,1.06,1.09,,1.12,1.11,1.1,1.09,1.11,1.06,,,1.11,,,1.1,1.22,1.11,,,,1.06,,,,,,,,,1.09,1.08,,1.18,,,,,,,1.09,,,,,,,,,WNBA,4.38,1.22,TAB,Not Found,2025-07-29 22:57:50
Fukuoka SoftBank Hawks @ Hokkaido Nippon-Ham Fighters,Hokkaido Nippon-Ham Fighters,2025-07-30 05:00:00,2025-07-29 22:57:34,1.56,1.61,,,,,1.58,,,,1.62,1.6,1.57,1.58,1.56,1.56,,1.61,,1.57,,1.56,,1.57,,,1.55,,,1.61,,1.62,,,1.57,1.57,1.59,,1.49,1.57,,1.57,,,,,1.57,,,,,,,,,NPB,3.37,1.62,Pinnacle,Not Found,2025-07-29 22:57:50
New Zealand @ Zimbabwe,Zimbabwe,2025-07-30 04:00:00,2025-07-29 22:57:09,16.0,,16.0,16.0,,,11.35,,,14.0,12.93,12.0,,,,16.0,,,,,12.75,12.0,13.0,,12.0,12.0,,15.0,,,,,12.0,,,,,10.0,,,11.0,12.0,,,,,,,,,,,,,,Test Matches,2.96,16.0,Unibet,Not Found,2025-07-29 22:57:50
Kyosuke Takami @ Erick Rosa,Erick Rosa,2025-07-30 04:00:00,2025-07-29 22:57:35,5.8,,5.8,5.8,5.2,,5.25,,5.8,6.0,6.66,,5.75,6.0,,,,5.77,5.25,,,6.0,,,5.5,,5.5,5.8,5.8,,,,,5.25,,,,,,,5.5,,6.0,5.6,5.25,,5.2,,,,5.1,,,,,Boxing,2.53,6.66,Pinnacle,Not Found,2025-07-29 22:57:50
Daigo Higa @ Antonio Vargas,Draw,2025-07-30 04:00:00,2025-07-29 22:57:35,16.0,,16.0,16.0,12.5,,,,16.0,17.0,,,,,,,,19.5,,,,17.0,,,17.0,,17.0,16.0,16.0,,,,,,,,,,,,,,,,,,11.0,,,,,,,,,Boxing,2.36,19.5,1xBet,Not Found,2025-07-29 22:57:50
San Diego FC @ Pachuca,Draw,2025-07-29 23:00:00,2025-07-29 22:57:18,3.55,3.6,3.55,3.55,3.5,3.55,3.6,3.55,3.55,3.3,3.71,3.5,3.55,3.6,3.6,3.6,3.3,3.7,3.6,,,3.4,,3.4,,,,3.55,3.55,3.3,,,,,3.65,3.7,3.5,,,,,,,3.32,,3.5,3.3,3.55,3.4,,,,,3.6,,Leagues Cup,2.16,3.71,Pinnacle,Not Found,2025-07-29 22:57:50
Mazatlán FC @ Los Angeles FC,Los Angeles FC,2025-07-29 22:40:00,2025-07-30 00:03:12,2.18,2.25,2.17,2.17,2.12,2.18,2.15,2.18,2.18,2.1,1.86,2.3,2.0,2.15,,2.15,,,2.2,,,2.25,,2.25,,,,2.17,2.16,,,,,,,,2.25,,,,,,,,,,2.15,2.1,2.05,,,,,,,Leagues Cup,3.51,2.3,DraftKings,Not Found,2025-07-30 00:03:42
Hiroshima Toyo Carp @ Hanshin Tigers,Hiroshima Toyo Carp,2025-07-30 05:00:00,2025-07-30 00:03:09,2.32,2.41,,,,,2.45,,,,2.49,2.45,2.4,2.42,2.3,2.3,,2.4,,2.35,,2.35,,2.4,,,2.37,,,2.38,,2.4,,,2.36,2.36,2.3,,2.15,2.35,,2.38,,,,,2.38,,,,,,,,,NPB,2.47,2.49,Pinnacle,Not Found,2025-07-30 00:03:42
Tohoku Rakuten Golden Eagles @ Chiba Lotte Marines,Tohoku Rakuten Golden Eagles,2025-07-30 05:00:00,2025-07-30 00:51:39,1.92,1.99,,,,,1.95,,,,1.97,1.93,1.91,1.96,1.87,1.91,,1.98,,1.95,,1.91,,1.98,,,1.95,,,1.99,,1.87,,,2.0,2.0,1.91,,1.8,1.92,,1.91,,,,,1.91,,,,,,,,,NPB,2.36,2.0,BetOnline.ag,Not Found,2025-07-30 00:51:58
Yomiuri Giants @ Chunichi Dragons,Chunichi Dragons,2025-07-30 05:00:00,2025-07-30 03:01:13,1.75,1.77,,,,,,,,,1.79,1.77,1.74,1.72,1.69,1.75,,1.77,,1.75,,1.69,,1.71,,,1.7,,,1.78,,1.79,,,1.71,1.71,1.74,,1.62,1.71,,1.73,,,,1.7,1.73,,,,,,,,,NPB,2.02,1.79,BetUS,Not Found,2025-07-30 03:01:49
Tokyo Yakult Swallows @ Yokohama DeNA BayStars,Yokohama DeNA BayStars,2025-07-30 04:45:00,2025-07-30 03:32:34,1.6,1.63,,,,,,,,,1.69,1.68,1.59,1.62,1.59,1.6,,1.67,,1.55,,1.61,,1.61,,,1.57,,,1.63,,1.62,,,1.59,1.59,1.59,,1.53,1.59,,1.62,,,,1.6,1.57,,,,,,,,,NPB,3.04,1.69,Pinnacle,Not Found,2025-07-30 03:32:56
Ricardo Rafael Sandoval @ Kenshiro Teraji,Ricardo Rafael Sandoval,2025-07-30 05:00:00,2025-07-30 04:26:04,3.9,,3.9,3.9,3.65,,,,3.9,4.0,4.07,4.0,3.75,4.2,,,,,3.6,,,3.75,,,4.0,,4.0,3.9,3.9,,,3.75,,3.85,3.54,3.54,,,,,3.8,,4.0,4.4,3.5,,3.9,,,,3.5,,,,,Boxing,3.37,4.4,Unibet (FR),Not Found,2025-07-30 04:26:42
Doosan Bears @ Kia Tigers,Doosan Bears,2025-07-30 05:30:00,2025-07-30 04:26:18,2.18,2.21,,,,,,,,,2.18,2.2,2.15,2.2,2.2,2.16,,2.18,,2.2,,2.1,,2.1,,,2.05,,,2.1,,,,,2.35,2.35,2.15,,1.99,2.14,,2.15,,,,2.1,,,,,,,,,,KBO,3.2,2.35,LowVig.ag,Not Found,2025-07-30 04:26:42
Saitama Seibu Lions @ Orix Buffaloes,Orix Buffaloes,2025-07-30 05:00:00,2025-07-30 04:26:04,1.44,1.47,,,,,,,,,1.49,1.51,1.44,1.47,1.39,1.43,,1.52,,1.4,,1.43,,1.45,,,1.44,,,1.43,,1.54,,,1.49,1.49,1.48,,1.35,1.42,,,,,,1.45,1.44,,,,,,,,,NPB,2.56,1.54,BetUS,Not Found,2025-07-30 04:26:42
Samsung Lions @ Hanwha Eagles,Hanwha Eagles,2025-07-30 05:30:00,2025-07-30 04:51:38,1.44,1.47,,,,,,,,,1.47,1.49,1.48,1.44,1.45,1.43,,1.48,,1.4,,1.43,,1.45,,,1.44,,,1.44,,,,,1.43,1.43,1.45,,1.37,1.43,,,,,,1.44,,,,,,,,,,KBO,3.37,1.49,DraftKings,Not Found,2025-07-30 04:52:20
Anastasija Sevastova @ Magda Linette,Magda Linette,2025-07-30 11:00:00,2025-07-30 05:14:23,1.42,1.44,1.42,1.42,1.36,1.42,,1.42,1.42,1.4,1.48,1.44,1.43,1.43,1.43,1.42,1.39,1.43,1.41,,1.42,1.44,1.42,1.43,1.4,1.4,1.4,1.42,1.42,1.4,1.44,1.43,1.42,1.45,1.43,1.43,1.42,1.45,1.4,,1.42,1.4,,1.4,,1.4,1.4,1.46,1.43,,,,,1.45,,WTA Canadian Open,4.05,1.48,Pinnacle,Not Found,2025-07-30 05:15:26
Hugo Gaston @ Andrey Rublev,Hugo Gaston,2025-07-30 11:00:00,2025-07-30 05:15:17,7.5,7.5,7.5,7.5,6.75,7.5,,7.5,7.5,8.5,8.35,8.0,7.5,,8.0,7.0,8.0,7.24,7.36,,7.2,7.0,7.0,7.25,7.5,7.5,7.5,7.5,7.5,7.0,7.0,7.5,,7.0,7.61,7.61,7.0,6.87,6.9,,7.0,7.0,,7.25,,6.5,7.0,8.0,7.5,,,,,7.5,,ATP Canadian Open,2.59,8.5,Paddy Power,Not Found,2025-07-30 05:15:26
NC Dinos @ Lotte Giants,NC Dinos,2025-07-30 05:30:00,2025-07-30 05:14:41,3.45,3.35,,,,,,,,,3.21,3.25,3.2,3.35,3.3,3.35,,3.22,,3.2,,3.2,,3.25,,,3.1,,,3.25,,,,,3.34,3.34,3.1,,2.8,3.16,,,,,,3.2,,,,,,,,,,KBO,2.07,3.45,Unibet,Not Found,2025-07-30 05:15:26
KT Wiz @ LG Twins,KT Wiz,2025-07-30 05:30:00,2025-07-30 05:14:41,2.17,2.13,,,,,,,,,2.06,2.1,2.15,2.1,2.1,2.15,,2.06,,2.05,,2.0,,2.1,,,2.05,,,2.0,,,,,2.1,2.1,2.05,,1.91,2.05,,,,,,2.0,,,,,,,,,,KBO,2.02,2.17,Unibet,Not Found,2025-07-30 05:15:26
Laura Siegemund @ Madison Keys,Madison Keys,2025-07-30 11:00:00,2025-07-30 05:44:23,1.23,1.25,1.23,1.23,1.19,1.23,,1.23,1.23,1.25,1.28,1.25,1.22,1.29,1.24,1.23,1.25,1.25,1.23,,1.24,1.25,1.24,1.25,1.25,1.25,1.25,1.23,1.23,1.22,1.25,1.24,1.25,1.25,1.28,1.28,1.2,1.26,1.21,,1.23,1.22,,1.22,,1.25,1.22,1.27,1.25,,,,,1.26,,WTA Canadian Open,3.37,1.29,FanDuel,Not Found,2025-07-30 05:44:59
Naomi Osaka @ Liudmila Samsonova,Naomi Osaka,2025-07-30 11:00:00,2025-07-30 05:44:23,1.82,1.86,1.82,1.82,1.74,1.82,,1.82,1.82,1.73,1.9,1.87,1.87,1.81,1.87,1.81,1.8,1.83,1.86,,1.83,1.85,1.85,1.85,1.83,1.83,1.83,1.82,1.82,1.8,1.85,1.8,1.84,1.85,1.8,1.8,1.8,1.88,1.76,,1.82,1.91,,1.8,,1.8,1.8,1.88,1.84,,,,,1.85,,WTA Canadian Open,3.04,1.91,BoyleSports,Not Found,2025-07-30 05:44:59
John Parker @ Floyd Masson,Draw,2025-07-30 07:00:00,2025-07-30 05:44:47,,,,,,,,,,17.0,,,,,,,,29.0,,,,19.0,,,21.0,,21.0,,,,,,,,,,,,,,,,,,,,17.0,,,,,,,,,Boxing,3.04,29.0,1xBet,Not Found,2025-07-30 05:44:59
Shelbourne Dublin @ Qarabağ FK,Draw,2025-07-30 12:00:00,2025-07-30 05:44:50,7.5,6.25,6.5,6.5,,7.0,,7.5,7.5,5.5,,5.75,5.05,6.0,,,5.5,5.77,5.9,5.8,5.7,6.0,5.5,6.5,,6.4,,7.0,7.0,,,5.68,,6.0,6.0,6.0,,,6.0,,6.25,6.0,6.0,,,,5.0,5.3,5.0,,,,,,,UEFA Champions League Qualification,2.53,7.5,Unibet,Not Found,2025-07-30 05:44:59
