Match,Team,Start Time,Outlier Book,Outlier Odds,Z Score,League,Result,Scrape Time
Ñublense @ Deportes Limache,Ñublense,2025-07-25 19:00:00,Coolbet,2.75,2.85,Primera División - Chile,Ñublense,2025-07-25 16:49:11
Arizona Diamondbacks @ Pittsburgh Pirates,Arizona Diamondbacks,2025-07-25 18:41:00,Pinnacle,1.98,2.26,MLB,Arizona Diamondbacks,2025-07-25 16:49:11
Omaha Storm Chasers @ Syracuse Mets,Syracuse Mets,2025-07-25 18:35:00,William Hill,2.2,2.65,MiLB,Syracuse Mets,2025-07-25 16:57:59
Lanus @ Sarmiento de Junin,Sarmiento de Junin,2025-07-25 18:00:00,Pinnacle,4.08,2.82,Primera División - Argentina,Lanus,2025-07-25 17:18:30
Toledo Mud Hens @ Indianapolis Indians,Indianapolis Indians,2025-07-25 19:05:00,Bovada,1.74,2.11,MiLB,Toledo Mud Hens,2025-07-25 18:34:22
Philadelphia Phillies @ New York Yankees,Philadelphia Phillies,2025-07-25 19:06:00,GTbets,2.5,2.54,MLB,Philadelphia Phillies,2025-07-25 18:50:45
Los Angeles Dodgers @ Boston Red Sox,Los Angeles Dodgers,2025-07-25 19:11:00,Pinnacle,2.03,2.21,MLB,Los Angeles Dodgers,2025-07-25 18:50:45
Tampa Bay Rays @ Cincinnati Reds,Tampa Bay Rays,2025-07-25 19:11:00,Pinnacle,2.0,2.05,MLB,Cincinnati Reds,2025-07-25 18:50:45
Colorado Rockies @ Baltimore Orioles,Baltimore Orioles,2025-07-25 19:06:00,GTbets,1.55,2.03,MLB,Colorado Rockies,2025-07-25 18:58:32
Toronto Blue Jays @ Detroit Tigers,Toronto Blue Jays,2025-07-25 19:11:00,BetMGM,2.5,3.88,MLB,Toronto Blue Jays,2025-07-25 19:19:57
San Diego Padres @ St. Louis Cardinals,San Diego Padres,2025-07-25 19:16:00,Betway,1.91,2.33,MLB,St. Louis Cardinals,2025-07-25 19:19:57
Iowa Cubs @ Louisville Bats,Iowa Cubs,2025-07-25 19:15:00,BetOnline.ag,1.8,2.31,MiLB,Louisville Bats,2025-07-25 19:19:57
Las Vegas Aces @ Minnesota Lynx,Las Vegas Aces,2025-07-25 19:30:00,Caesars,5.0,2.26,WNBA,Las Vegas Aces,2025-07-25 19:19:57
Norfolk Tides @ Lehigh Valley IronPigs,Lehigh Valley IronPigs,2025-07-25 19:05:00,Betway,2.85,2.04,MiLB,Lehigh Valley IronPigs,2025-07-25 19:19:57
California Redwoods @ Utah Archers,Utah Archers,2025-07-25 20:00:00,BetMGM,1.8,2.0,PLL,California Redwoods,2025-07-25 19:19:57
Oakland Athletics @ Houston Astros,Oakland Athletics,2025-07-25 20:11:00,Tipico,2.2,2.33,MLB,Oakland Athletics,2025-07-25 19:35:48
Atlanta Braves @ Texas Rangers,Texas Rangers,2025-07-25 20:06:00,Pinnacle,1.7,2.12,MLB,Texas Rangers,2025-07-25 19:35:48
Phoenix Mercury @ New York Liberty,Phoenix Mercury,2025-07-25 19:33:00,BetAnySports,3.1,3.62,WNBA,Phoenix Mercury,2025-07-25 19:48:33
Charlotte Knights @ Nashville Sounds,Nashville Sounds,2025-07-25 19:35:00,Betway,2.3,2.26,MiLB,Charlotte Knights,2025-07-25 19:48:33
Belgrano de Cordoba @ Independiente Rivadavia,Belgrano de Cordoba,2025-07-25 20:15:00,FanDuel,3.6,2.08,Primera División - Argentina,Draw,2025-07-25 19:48:33
Chicago Cubs @ Chicago White Sox,Chicago White Sox,2025-07-25 19:41:00,BetOnline.ag,2.56,2.82,MLB,Chicago White Sox,2025-07-25 19:56:01
Washington Nationals @ Minnesota Twins,Washington Nationals,2025-07-25 20:11:00,Pinnacle,2.5,2.56,MLB,Minnesota Twins,2025-07-25 19:56:01
CF Montreal @ New England Revolution,Draw,2025-07-25 19:40:00,PointsBet (AU),4.3,2.16,MLS,CF Montreal,2025-07-25 19:56:01
Cleveland Guardians @ Kansas City Royals,Cleveland Guardians,2025-07-25 20:11:00,Dabble AU,2.08,2.08,MLB,Kansas City Royals,2025-07-25 19:56:01
CA Tigre BA @ Union Santa Fe,Union Santa Fe,2025-07-25 20:18:00,Bovada,2.22,3.16,Primera División - Argentina,Draw,2025-07-25 21:10:45
New York City FC @ FC Dallas,New York City FC,2025-07-25 20:40:00,Pinnacle,2.74,3.13,MLS,New York City FC,2025-07-25 21:10:45
Edmonton Elks @ Saskatchewan Roughriders,Edmonton Elks,2025-07-25 21:00:00,DraftKings,5.2,2.7,CFL,Edmonton Elks,2025-07-25 21:10:45
Pumas @ Querétaro,Querétaro,2025-07-25 21:00:00,FanDuel,4.8,2.5,Liga MX,Pumas,2025-07-25 21:10:45
Portland Timbers @ Los Angeles FC,Portland Timbers,2025-07-25 22:30:00,LowVig.ag,8.5,2.34,MLS,Portland Timbers,2025-07-25 21:10:45
Santos Laguna @ Puebla,Puebla,2025-07-25 21:00:00,Betway,2.0,2.26,Liga MX,Puebla,2025-07-25 21:10:45
New York Mets @ San Francisco Giants,San Francisco Giants,2025-07-25 22:16:00,Pinnacle,1.76,2.2,MLB,New York Mets,2025-07-25 21:10:45
Seattle Mariners @ Los Angeles Angels,Seattle Mariners,2025-07-25 21:39:00,Pinnacle,1.83,2.15,MLB,Seattle Mariners,2025-07-25 21:10:45
Dallas Wings @ Golden State Valkyries,Dallas Wings,2025-07-25 22:03:54,Bovada,2.1,3.99,WNBA,Dallas Wings,2025-07-25 23:00:16
West Coast Eagles @ Fremantle Dockers,West Coast Eagles,2025-07-26 02:15:37,Marathon Bet,16.25,2.66,AFL,Fremantle Dockers,2025-07-25 23:00:16
FC Juárez @ Tijuana,FC Juárez,2025-07-25 23:00:00,Pinnacle,4.02,2.47,Liga MX,Draw,2025-07-25 23:00:16
Brisbane Lions @ Gold Coast Suns,Brisbane Lions,2025-07-25 23:20:22,BetUS,1.62,2.41,AFL,Gold Coast Suns,2025-07-25 23:00:16
Wests Tigers @ Penrith Panthers,Wests Tigers,2025-07-26 03:30:00,Pinnacle,4.71,2.33,NRL,Penrith Panthers,2025-07-25 23:00:16
Gold Coast Titans @ New Zealand Warriors,Gold Coast Titans,2025-07-26 01:00:00,Coral,4.0,2.18,NRL,Gold Coast Titans,2025-07-25 23:00:16
Nashville SC @ San Diego FC,Nashville SC,2025-07-25 22:40:00,DraftKings,3.15,2.03,MLS,San Diego FC,2025-07-25 23:00:16
Chunichi Dragons @ Tokyo Yakult Swallows,Tokyo Yakult Swallows,2025-07-26 05:00:00,LowVig.ag,2.45,2.46,NPB,Tokyo Yakult Swallows,2025-07-26 00:38:15
SSG Landers @ Hanwha Eagles,Hanwha Eagles,2025-07-26 05:00:00,William Hill,1.6,2.62,KBO,SSG Landers,2025-07-26 04:38:36
Yomiuri Giants @ Hiroshima Toyo Carp,Yomiuri Giants,2025-07-26 05:00:00,William Hill,2.28,2.59,NPB,Yomiuri Giants,2025-07-26 04:53:44
LG Twins @ Doosan Bears,Doosan Bears,2025-07-26 05:00:00,BetMGM,2.15,2.31,KBO,LG Twins,2025-07-26 04:53:44
Chiba Lotte Marines @ Hokkaido Nippon-Ham Fighters,Hokkaido Nippon-Ham Fighters,2025-07-26 05:00:00,Pinnacle,1.71,2.03,NPB,Hokkaido Nippon-Ham Fighters,2025-07-26 04:53:44
FC Anyang @ Suwon FC,Suwon FC,2025-07-26 06:00:00,Pinnacle,2.55,3.85,K League 1,Suwon FC,2025-07-26 05:09:04
Jeju United FC @ Sangju Sangmu FC,Jeju United FC,2025-07-26 06:00:00,Pinnacle,3.92,3.54,K League 1,Sangju Sangmu FC,2025-07-26 05:09:04
Yokohama DeNA BayStars @ Hanshin Tigers,Yokohama DeNA BayStars,2025-07-26 05:01:41,BetMGM,2.75,2.84,NPB,Hanshin Tigers,2025-07-26 05:09:04
Port Adelaide Power @ Adelaide Crows,Adelaide Crows,2025-07-26 06:10:02,Paddy Power,1.2,2.67,AFL,Adelaide Crows,2025-07-26 05:09:04
Samsung Lions @ KT Wiz,Samsung Lions,2025-07-26 05:00:00,MyBookie.ag,2.0,2.66,KBO,Samsung Lions,2025-07-26 05:09:04
Jeonbuk Hyundai Motors @ Gwangju FC,Gwangju FC,2025-07-26 06:00:00,Pinnacle,3.86,2.58,K League 1,Jeonbuk Hyundai Motors,2025-07-26 05:09:04
Cronulla Sutherland Sharks @ South Sydney Rabbitohs,Cronulla Sutherland Sharks,2025-07-26 05:35:00,Pinnacle,1.23,2.28,NRL,Cronulla Sutherland Sharks,2025-07-26 05:09:04
Kia Tigers @ Lotte Giants,Kia Tigers,2025-07-26 05:00:00,1xBet,1.94,2.26,KBO,Lotte Giants,2025-07-26 05:09:04
Orix Buffaloes @ Fukuoka SoftBank Hawks,Fukuoka SoftBank Hawks,2025-07-26 05:00:00,Bovada,1.77,2.25,NPB,Fukuoka SoftBank Hawks,2025-07-26 05:09:04
Saitama Seibu Lions @ Tohoku Rakuten Golden Eagles,Saitama Seibu Lions,2025-07-26 05:00:49,FanDuel,2.72,3.05,NPB,Tohoku Rakuten Golden Eagles,2025-07-26 05:31:13
Geelong Cats @ North Melbourne Kangaroos,North Melbourne Kangaroos,2025-07-26 05:35:23,Marathon Bet,13.25,2.36,AFL,Geelong Cats,2025-07-26 05:31:13
Kiwoom Heroes @ NC Dinos,Kiwoom Heroes,2025-07-26 05:00:00,Bovada,3.15,2.01,KBO,NC Dinos,2025-07-26 05:31:13
Qingdao West Coast FC @ Shanghai SIPG FC,Qingdao West Coast FC,2025-07-26 07:00:00,Pinnacle,8.75,3.0,Super League - China,Draw,2025-07-26 05:43:57
FC KTP @ FC Haka,Draw,2025-07-26 08:00:00,Coolbet,4.1,3.06,Veikkausliiga - Finland,FC KTP,2025-07-26 06:20:57
AC Oulu @ IFK Mariehamn,Draw,2025-07-26 09:00:00,Pinnacle,3.61,2.62,Veikkausliiga - Finland,AC Oulu,2025-07-26 06:20:57
Beijing FC @ Chengdu Rongcheng FC,Draw,2025-07-26 07:35:00,Pinnacle,4.19,2.48,Super League - China,Chengdu Rongcheng FC,2025-07-26 06:20:57
Górnik Zabrze @ Piast Gliwice,Górnik Zabrze,2025-07-26 08:45:00,Pinnacle,2.92,2.37,Ekstraklasa - Poland,Górnik Zabrze,2025-07-26 06:20:57
Halmstads BK @ GAIS,GAIS,2025-07-26 09:00:00,Coolbet,1.37,2.15,Allsvenskan - Sweden,GAIS,2025-07-26 06:41:45
Shenzhen Peng City FC @ Yunnan Yukun,Yunnan Yukun,2025-07-26 08:00:00,1xBet,1.74,2.1,Super League - China,Yunnan Yukun,2025-07-26 06:59:37
Malmo FF @ IF Brommapojkarna,IF Brommapojkarna,2025-07-26 09:00:00,BetRivers,4.0,2.05,Allsvenskan - Sweden,Malmo FF,2025-07-26 07:19:40
Örebro SK @ GIF Sundsvall,Örebro SK,2025-07-26 09:00:00,Coolbet,3.15,2.06,Superettan - Sweden,Draw,2025-07-26 07:43:04
KFUM @ Kristiansund BK,Kristiansund BK,2025-07-26 10:00:00,Coolbet,4.1,2.68,Eliteserien - Norway,KFUM,2025-07-26 09:18:15
Vålerenga @ Bodø/Glimt,Vålerenga,2025-07-26 12:00:00,Coolbet,9.5,2.56,Eliteserien - Norway,Bodø/Glimt,2025-07-26 09:18:15
Sandvikens IF @ IK Oddevold,Draw,2025-07-26 09:00:00,William Hill,3.2,2.35,Superettan - Sweden,Draw,2025-07-26 09:18:15
Motor Lublin @ Pogoń Szczecin,Pogoń Szczecin,2025-07-26 11:30:00,BetOnline.ag,1.65,2.21,Ekstraklasa - Poland,Pogoń Szczecin,2025-07-26 09:18:15
HamKam @ Haugesund,HamKam,2025-07-26 10:00:00,Coolbet,2.23,2.2,Eliteserien - Norway,HamKam,2025-07-26 09:18:15
IFK Norrkoping @ Degerfors IF,Draw,2025-07-26 11:30:00,BetRivers,3.95,2.14,Allsvenskan - Sweden,Draw,2025-07-26 09:18:15
Umeå FC @ IK Brage,Umeå FC,2025-07-26 11:00:00,FanDuel,5.3,2.12,Superettan - Sweden,Draw,2025-07-26 09:18:15
Sarpsborg FK @ Sandefjord,Sarpsborg FK,2025-07-26 10:00:00,Coolbet,3.35,2.12,Eliteserien - Norway,Sandefjord,2025-07-26 09:18:15
Cercle Brugge KSV @ Dender,Dender,2025-07-26 10:00:00,Marathon Bet,3.32,2.11,Belgium First Div,Draw,2025-07-26 09:18:15
FC Luzern @ Grasshopper Zürich,Grasshopper Zürich,2025-07-26 12:00:00,Pinnacle,2.62,2.72,Swiss Superleague,Grasshopper Zürich,2025-07-26 10:10:30
FC Basel @ FC St Gallen,FC St Gallen,2025-07-26 12:00:00,Tipico,4.7,2.26,Swiss Superleague,FC Basel,2025-07-26 10:10:30
KV Mechelen @ SV Zulte-Waregem,KV Mechelen,2025-07-26 12:15:00,BetRivers,2.2,2.04,Belgium First Div,Draw,2025-07-26 11:33:27
Marcus Buchecha @ Martin Buday,Marcus Buchecha,2025-07-26 12:10:00,Ladbrokes,1.44,2.01,MMA,Not Found,2025-07-26 11:33:27
Billy Elekana @ Ibo Aslan,Ibo Aslan,2025-07-26 13:00:00,Pinnacle,1.38,2.01,MMA,Not Found,2025-07-26 11:33:27
Vejle Boldklub @ FC Copenhagen,Vejle Boldklub,2025-07-26 12:00:00,BetRivers,12.0,2.24,Denmark Superliga,Vejle Boldklub,2025-07-26 11:57:01
Ellis Zorro @ Aloys Youmbi,Draw,2025-07-26 14:00:00,1xBet,38.0,3.1,Boxing,Not Found,2025-07-26 12:20:16
Philadelphia Phillies @ New York Yankees,Philadelphia Phillies,2025-07-26 13:05:00,Pinnacle,1.81,2.6,MLB,Philadelphia Phillies,2025-07-26 12:20:16
Newells Old Boys @ Aldosivi Mar del Plata,Draw,2025-07-26 13:30:00,1xBet,3.12,2.59,Primera División - Argentina,Draw,2025-07-26 12:20:16
Tabatha Ricci @ Amanda Ribas,Tabatha Ricci,2025-07-26 13:25:00,TAB,2.65,2.42,MMA,Not Found,2025-07-26 12:20:16
Mohammad Yahya @ Steven Nguyen,Mohammad Yahya,2025-07-26 12:35:00,PlayUp,4.2,2.36,MMA,Not Found,2025-07-26 12:20:16
Octavian Gratii @ Mason Payne,Octavian Gratii,2025-07-26 13:00:00,Paddy Power,34.0,2.21,Boxing,Not Found,2025-07-26 12:20:16
Davey Grant @ Da'Mon Blackshear,Da'Mon Blackshear,2025-07-26 13:50:00,DraftKings,1.32,2.31,MMA,Not Found,2025-07-26 12:45:01
Amir Abubaker @ Carl Fail,Carl Fail,2025-07-26 14:00:00,Paddy Power,1.5,2.22,Boxing,Not Found,2025-07-26 12:45:01
Steven Nguyen @ Mohammad Yahya,Mohammad Yahya,2025-07-26 12:31:00,Caesars,21.0,2.14,MMA,Not Found,2025-07-26 12:45:01
Brandon Gallardo @ Hassan Ishaq,Brandon Gallardo,2025-07-26 14:00:00,Paddy Power,34.0,2.04,Boxing,Not Found,2025-07-26 13:16:18
Muslim Salikhov @ Carlos Leal,Carlos Leal,2025-07-26 14:15:00,Pinnacle,1.22,2.18,MMA,Not Found,2025-07-26 13:37:03
Lech Poznań @ Lechia Gdańsk,Draw,2025-07-26 14:15:00,Pinnacle,3.82,2.18,Ekstraklasa - Poland,Lech Poznań,2025-07-26 13:55:42
Reece Bellotti @ Ryan Garner,Draw,2025-07-26 15:00:00,1xBet,24.0,2.88,Boxing,Pending,2025-07-26 14:18:26
Servette @ BSC Young Boys,Draw,2025-07-26 14:30:00,Marathon Bet,4.2,2.6,Swiss Superleague,Servette,2025-07-26 14:18:26
Cobresal @ La Serena,Draw,2025-07-26 15:00:00,Pinnacle,3.63,2.52,Primera División - Chile,Cobresal,2025-07-26 14:18:26
Standard Liege @ RAAL La Louvière,RAAL La Louvière,2025-07-26 14:45:00,Pinnacle,3.1,2.48,Belgium First Div,Standard Liege,2025-07-26 14:18:26
Bryce Mitchell @ Said Nurmagomedov,Said Nurmagomedov,2025-07-26 14:40:00,Coolbet,2.3,2.47,MMA,Not Found,2025-07-26 14:18:26
Cleveland Guardians @ Kansas City Royals,Kansas City Royals,2025-07-26 14:41:00,BetUS,1.91,2.09,MLB,Kansas City Royals,2025-07-26 14:18:26
Jose Ochoa @ Asu Almabaev,Asu Almabaev,2025-07-26 15:40:00,Pinnacle,2.02,2.95,MMA,Not Found,2025-07-26 14:45:39
San Martin de San Juan @ Rosario Central,San Martin de San Juan,2025-07-26 15:45:00,BetOnline.ag,6.63,2.67,Primera División - Argentina,Draw,2025-07-26 14:45:39
Petr Yan @ Marcus McGhee,Marcus McGhee,2025-07-26 16:45:00,PlayUp,4.2,2.24,MMA,Not Found,2025-07-26 14:45:39
Said Nurmagomedov @ Bryce Mitchell,Bryce Mitchell,2025-07-26 10:00:00,Nordic Bet,1.85,2.54,MMA,Not Found,2025-07-26 14:58:52
Bogdan Guskov @ Nikita Krylov,Nikita Krylov,2025-07-26 15:10:00,Ladbrokes,1.57,2.01,MMA,Not Found,2025-07-26 14:58:52
Robert Whittaker @ Reinier de Ridder,Robert Whittaker,2025-07-26 17:10:00,Nordic Bet,1.75,2.5,MMA,Not Found,2025-07-26 15:16:26
Corinthians @ Botafogo,Botafogo,2025-07-26 17:30:00,BetRivers,1.66,2.26,Brazil Série A,Draw,2025-07-26 15:16:26
Laura Siegemund @ Tatjana Maria,Tatjana Maria,2025-07-28 11:04:00,FanDuel,8.0,4.8,WTA Canadian Open,Not Found,2025-07-28 13:56:08
Yuliia Starodubtseva @ Yafan Wang,Yuliia Starodubtseva,2025-07-28 11:03:00,Pinnacle,2.94,4.09,WTA Canadian Open,Not Found,2025-07-28 13:56:08
Pedro Martinez @ Aleksandar Vukic,Pedro Martinez,2025-07-28 13:06:00,Pinnacle,4.68,3.98,ATP Canadian Open,API Error,2025-07-28 13:56:08
Hugo Gaston @ Mattia Bellucci,Hugo Gaston,2025-07-28 12:52:00,Bovada,12.0,3.88,ATP Canadian Open,API Error,2025-07-28 13:56:08
Emma Raducanu @ Elena Gabriela Ruse,Emma Raducanu,2025-07-28 13:22:00,Bovada,1.54,3.87,WTA Canadian Open,API Error,2025-07-28 13:56:08
Zagłębie Lubin @ GKS Katowice,Zagłębie Lubin,2025-07-28 13:01:00,Pinnacle,1.71,3.59,Ekstraklasa - Poland,Draw,2025-07-28 13:56:08
Daniel Altmaier @ Yosuke Watanuki,Daniel Altmaier,2025-07-28 13:19:00,Bovada,1.71,3.43,ATP Canadian Open,API Error,2025-07-28 13:56:08
IFK Goteborg @ IF Elfsborg,Draw,2025-07-28 13:00:00,Tipico,7.0,3.12,Allsvenskan - Sweden,IFK Goteborg,2025-07-28 13:56:08
Anna Blinkova @ Caroline Dolehide,Anna Blinkova,2025-07-28 12:48:00,Pinnacle,1.84,3.07,WTA Canadian Open,API Error,2025-07-28 13:56:08
Dalibor Svrcina @ Alexander Blockx,Dalibor Svrcina,2025-07-28 12:45:00,FanDuel,1.77,2.62,ATP Canadian Open,API Error,2025-07-28 13:56:08
Damir Dzumhur @ Francisco Comesana,Damir Dzumhur,2025-07-28 14:10:00,Betway,2.75,2.56,ATP Canadian Open,API Error,2025-07-28 13:56:08
SonderjyskE @ FC Midtjylland,Draw,2025-07-28 13:00:00,Suprabets,14.0,2.55,Denmark Superliga,SonderjyskE,2025-07-28 13:56:08
Leolia Jeanjean @ Eva Lys,Eva Lys,2025-07-28 14:00:00,William Hill,1.62,2.49,WTA Canadian Open,Not Found,2025-07-28 13:56:08
Naomi Osaka @ Ariana Arseneault,Ariana Arseneault,2025-07-28 14:00:00,FanDuel,18.5,2.47,WTA Canadian Open,Not Found,2025-07-28 13:56:08
Aleksandar Kovacevic @ Tristan Boyer,Aleksandar Kovacevic,2025-07-28 14:20:00,Pinnacle,1.38,2.44,ATP Canadian Open,Not Found,2025-07-28 13:56:08
Adrian Mannarino @ Marcos Giron,Marcos Giron,2025-07-28 13:55:00,Pinnacle,1.45,2.31,ATP Canadian Open,Not Found,2025-07-28 13:56:08
Varbergs BoIS @ Helsingborgs IF,Varbergs BoIS,2025-07-28 13:00:00,Tipico,3.3,2.28,Superettan - Sweden,Varbergs BoIS,2025-07-28 13:56:08
Lulu Sun @ Sorana Cirstea,Lulu Sun,2025-07-28 14:10:00,Pinnacle,2.92,2.12,WTA Canadian Open,Not Found,2025-07-28 13:56:08
Lucia Bronzetti @ Elizabeth Mandlik,Lucia Bronzetti,2025-07-28 14:00:00,888sport,1.67,2.1,WTA Canadian Open,Not Found,2025-07-28 13:56:08
Joao Fonseca @ Tristan Schoolkate,Tristan Schoolkate,2025-07-28 14:06:00,William Hill,4.0,3.45,ATP Canadian Open,Not Found,2025-07-28 14:51:56
Renata Zarazua @ Katie Boulter,Renata Zarazua,2025-07-28 16:00:00,888sport,3.5,3.01,WTA Canadian Open,Not Found,2025-07-28 14:51:56
Camilo Ugo Carabelli @ Roberto Carballes Baena,Roberto Carballes Baena,2025-07-28 16:10:00,BoyleSports,2.0,2.97,ATP Canadian Open,Not Found,2025-07-28 14:51:56
Marie Bouzkova @ Moyuka Uchijima,Moyuka Uchijima,2025-07-28 14:45:00,DraftKings,3.6,2.68,WTA Canadian Open,Not Found,2025-07-28 14:51:56
Matteo Gigante @ Borna Coric,Borna Coric,2025-07-28 17:00:00,Pinnacle,1.83,2.61,ATP Canadian Open,Not Found,2025-07-28 14:51:56
Atlético Tucuman @ Deportivo Riestra,Deportivo Riestra,2025-07-28 15:00:00,FanDuel,2.4,2.3,Primera División - Argentina,Deportivo Riestra,2025-07-28 15:10:13
Universidad de Chile @ Union La Calera,Union La Calera,2025-07-28 18:00:00,Coolbet,4.5,2.66,Primera División - Chile,Universidad de Chile,2025-07-28 15:28:41
Botafogo @ Avai,Botafogo,2025-07-28 18:00:00,FanDuel,6.5,2.28,Brazil Série B,Avaí,2025-07-28 15:28:41
Defensa y Justicia @ Central Córdoba,Defensa y Justicia,2025-07-28 17:00:00,Marathon Bet,3.54,2.27,Primera División - Argentina,Not Found,2025-07-28 16:23:57
Hugo Dellien @ Fabian Marozsan,Hugo Dellien,2025-07-28 18:10:00,FanDuel,7.6,2.3,ATP Canadian Open,Not Found,2025-07-28 16:56:09
Toronto Blue Jays @ Baltimore Orioles,Toronto Blue Jays,2025-07-28 18:35:00,1xBet,1.95,2.3,MLB,API Error,2025-07-28 16:56:09
Arizona Diamondbacks @ Detroit Tigers,Detroit Tigers,2025-07-28 18:40:00,Pinnacle,1.79,2.25,MLB,API Error,2025-07-28 16:56:09
Colorado Rockies @ Cleveland Guardians,Colorado Rockies,2025-07-28 18:40:00,Pinnacle,3.41,2.62,MLB,API Error,2025-07-28 17:14:30
Australia @ West Indies,West Indies,2025-07-28 19:00:00,Pinnacle,2.63,2.37,International Twenty20,API Error,2025-07-28 17:14:30
Anastasija Sevastova @ Ajla Tomljanovic,Anastasija Sevastova,2025-07-28 18:00:00,LowVig.ag,2.83,2.19,WTA Canadian Open,API Error,2025-07-28 17:32:57
Emiliana Arango @ Eugenie Bouchard,Emiliana Arango,2025-07-28 19:00:00,GTbets,1.37,3.91,WTA Canadian Open,API Error,2025-07-28 18:00:35
Barracas Central @ Banfield,Banfield,2025-07-28 19:00:00,Pinnacle,2.5,2.42,Primera División - Argentina,API Error,2025-07-28 18:00:35
Pablo Carreno Busta @ Liam Draxl,Pablo Carreno Busta,2025-07-28 19:00:00,BetOnline.ag,2.65,2.99,ATP Canadian Open,API Error,2025-07-28 18:48:22
Los Angeles Dodgers @ Cincinnati Reds,Cincinnati Reds,2025-07-28 19:10:00,Tipico,2.3,2.33,MLB,API Error,2025-07-28 18:48:22
Tampa Bay Rays @ New York Yankees,Tampa Bay Rays,2025-07-28 19:05:00,Everygame,2.17,2.27,MLB,API Error,2025-07-28 18:48:22
Seattle Storm @ Connecticut Sun,Seattle Storm,2025-07-28 19:00:00,Ladbrokes,1.22,2.25,WNBA,API Error,2025-07-28 18:58:43
Boston Red Sox @ Minnesota Twins,Boston Red Sox,2025-07-28 19:40:00,Pinnacle,1.99,2.54,MLB,API Error,2025-07-28 19:22:04
Anastasia Potapova @ Antonia Ruzic,Anastasia Potapova,2025-07-28 19:30:00,BetUS,1.77,2.46,WTA Canadian Open,API Error,2025-07-28 19:22:04
Alexis Galarneau @ Arthur Rinderknech,Alexis Galarneau,2025-07-28 20:10:00,Winamax (DE),2.6,3.0,ATP Canadian Open,API Error,2025-07-28 19:40:44
Athletic Club (MG) @ Paysandu,Paysandu,2025-07-28 20:30:00,Pinnacle,2.59,2.47,Brazil Série B,Draw,2025-07-28 19:40:44
Miami Marlins @ St. Louis Cardinals,St. Louis Cardinals,2025-07-28 19:45:00,PointsBet (AU),1.9,2.39,MLB,API Error,2025-07-28 19:40:44
Atlanta Braves @ Kansas City Royals,Kansas City Royals,2025-07-28 19:40:00,Everygame,2.5,2.27,MLB,Atlanta Braves,2025-07-28 19:40:44
Washington Nationals @ Houston Astros,Houston Astros,2025-07-28 20:10:00,Pinnacle,1.41,2.14,MLB,Washington Nationals,2025-07-28 19:40:44
Philadelphia Phillies @ Chicago White Sox,Philadelphia Phillies,2025-07-28 19:40:00,GTbets,1.47,2.02,MLB,Chicago White Sox,2025-07-28 19:40:44
Carson Branstine @ Maria Sakkari,Maria Sakkari,2025-07-28 20:30:00,GTbets,1.37,3.06,WTA Canadian Open,Not Found,2025-07-28 19:53:32
Chicago Cubs @ Milwaukee Brewers,Milwaukee Brewers,2025-07-28 19:40:13,Betway,4.5,2.75,MLB,Milwaukee Brewers,2025-07-28 19:53:32
New York Liberty @ Dallas Wings,Dallas Wings,2025-07-28 20:04:31,Pinnacle,1.16,3.65,WNBA,New York Liberty,2025-07-28 20:50:33
Texas Rangers @ Los Angeles Angels,Texas Rangers,2025-07-28 21:38:00,William Hill,1.5,2.86,MLB,Not Found,2025-07-28 20:50:33
Pittsburgh Pirates @ San Francisco Giants,Pittsburgh Pirates,2025-07-28 21:45:00,GTbets,2.21,2.46,MLB,Not Found,2025-07-28 20:50:33
Seattle Mariners @ Oakland Athletics,Seattle Mariners,2025-07-28 22:05:00,1xBet,1.89,2.36,MLB,Not Found,2025-07-28 20:50:33
New York Mets @ San Diego Padres,New York Mets,2025-07-28 21:40:00,GTbets,2.17,2.23,MLB,Not Found,2025-07-28 20:50:33
Saitama Seibu Lions @ Orix Buffaloes,Saitama Seibu Lions,2025-07-29 05:00:00,Pinnacle,2.07,2.09,NPB,Not Found,2025-07-28 23:01:31
Tohoku Rakuten Golden Eagles @ Chiba Lotte Marines,Chiba Lotte Marines,2025-07-29 05:00:00,BetUS,1.85,2.35,NPB,Not Found,2025-07-29 04:20:03
Samsung Lions @ Hanwha Eagles,Hanwha Eagles,2025-07-29 05:30:00,BetOnline.ag,2.4,2.04,KBO,Not Found,2025-07-29 04:20:03
Tokyo Yakult Swallows @ Yokohama DeNA BayStars,Tokyo Yakult Swallows,2025-07-29 04:45:00,William Hill,2.9,2.35,NPB,Not Found,2025-07-29 04:47:25
Fukuoka SoftBank Hawks @ Hokkaido Nippon-Ham Fighters,Hokkaido Nippon-Ham Fighters,2025-07-29 05:00:00,Caesars,3.0,4.25,NPB,Not Found,2025-07-29 05:03:14
Caty McNally @ Alycia Parks,Caty McNally,2025-07-29 11:00:00,FanDuel,1.45,2.68,WTA Canadian Open,Not Found,2025-07-29 05:03:14
Maria Camila Osorio Serrano @ Dayana Yastremska,Maria Camila Osorio Serrano,2025-07-29 11:00:00,BoyleSports,2.75,2.64,WTA Canadian Open,Not Found,2025-07-29 05:03:14
Yomiuri Giants @ Chunichi Dragons,Chunichi Dragons,2025-07-29 05:00:00,Betsson,1.9,2.46,NPB,Not Found,2025-07-29 05:03:14
Daria Kasatkina @ Anna Blinkova,Daria Kasatkina,2025-07-29 11:00:00,DraftKings,1.57,2.02,WTA Canadian Open,Not Found,2025-07-29 05:03:14
Juan Pablo Ficovich @ Karen Khachanov,Juan Pablo Ficovich,2025-07-29 12:10:00,Winamax (DE),8.5,2.93,ATP Canadian Open,Not Found,2025-07-29 05:35:21
Emma Navarro @ Rebecca Marino,Rebecca Marino,2025-07-29 11:00:00,FanDuel,6.4,2.77,WTA Canadian Open,Not Found,2025-07-29 05:35:21
Hiroshima Toyo Carp @ Hanshin Tigers,Hanshin Tigers,2025-07-29 05:00:00,Bovada,1.61,2.73,NPB,Not Found,2025-07-29 05:35:21
Doosan Bears @ Kia Tigers,Kia Tigers,2025-07-29 05:30:00,William Hill,1.7,2.61,KBO,Not Found,2025-07-29 05:35:21
KuPS Kuopio @ FC Kairat,Draw,2025-07-29 11:00:00,1xBet,4.91,2.57,UEFA Champions League Qualification,Not Found,2025-07-29 05:35:21
Kiwoom Heroes @ SSG Landers,Kiwoom Heroes,2025-07-29 05:30:00,William Hill,2.3,2.3,KBO,Not Found,2025-07-29 05:35:21
Ugo Humbert @ Emilio Nava,Ugo Humbert,2025-07-29 11:00:00,Pinnacle,1.36,2.21,ATP Canadian Open,Not Found,2025-07-29 05:35:21
NC Dinos @ Lotte Giants,NC Dinos,2025-07-29 05:30:00,DraftKings,2.35,2.08,KBO,Not Found,2025-07-29 05:35:21
KT Wiz @ LG Twins,LG Twins,2025-07-29 05:30:00,William Hill,1.6,2.03,KBO,Not Found,2025-07-29 05:35:21
Alex Michelsen @ Marcelo Tomas Barrios Vera,Alex Michelsen,2025-07-29 12:30:00,LowVig.ag,1.27,2.38,ATP Canadian Open,Not Found,2025-07-29 05:53:20
Marketa Vondrousova @ Marta Kostyuk,Marketa Vondrousova,2025-07-29 12:30:00,BetUS,1.69,3.5,WTA Canadian Open,Not Found,2025-07-29 11:27:33
Holger Rune @ Giovanni Mpetshi Perricard,Holger Rune,2025-07-29 12:30:00,William Hill,1.62,2.63,ATP Canadian Open,Not Found,2025-07-29 11:27:33
Leylah Fernandez @ Maya Joint,Leylah Fernandez,2025-07-29 12:30:00,BetUS,1.61,2.41,WTA Canadian Open,Not Found,2025-07-29 11:27:33
Linda Noskova @ Jaqueline Cristian,Linda Noskova,2025-07-29 12:30:00,BetUS,1.45,2.16,WTA Canadian Open,Not Found,2025-07-29 11:27:33
Terence Atmane @ Emilio Nava,Emilio Nava,2025-07-29 11:16:00,Caesars,1.2,2.06,ATP Canadian Open,Not Found,2025-07-29 11:27:33
Anna Kalinskaya @ Ann Li,Anna Kalinskaya,2025-07-29 12:30:00,Pinnacle,1.48,2.04,WTA Canadian Open,Not Found,2025-07-29 11:47:20
Miomir Kecmanovic @ Alexandre Muller,Alexandre Muller,2025-07-29 12:30:00,FanDuel,2.66,2.31,ATP Canadian Open,Not Found,2025-07-29 11:59:05
Toronto Blue Jays @ Baltimore Orioles,Toronto Blue Jays,2025-07-29 12:36:00,GTbets,2.13,2.5,MLB,Not Found,2025-07-29 12:28:43
Jasmine Paolini @ Aoi Ito,Aoi Ito,2025-07-29 14:00:00,BoyleSports,7.0,4.28,WTA Canadian Open,Not Found,2025-07-29 12:55:09
Alexei Popyrin @ Nicolas Arseneault,Nicolas Arseneault,2025-07-29 14:00:00,Pinnacle,11.8,2.96,ATP Canadian Open,Not Found,2025-07-29 12:55:09
Jessica Bouzas Maneiro @ Ashlyn Krueger,Ashlyn Krueger,2025-07-29 14:00:00,BoyleSports,1.67,2.67,WTA Canadian Open,Not Found,2025-07-29 12:55:09
Tomas Martin Etcheverry @ Tallon Griekspoor,Tallon Griekspoor,2025-07-29 13:40:00,Pinnacle,1.48,2.52,ATP Canadian Open,Not Found,2025-07-29 12:55:09
Jenson Brooksby @ Corentin Moutet,Corentin Moutet,2025-07-29 13:40:00,888sport,1.8,2.21,ATP Canadian Open,Not Found,2025-07-29 12:55:09
James Duckworth @ Lorenzo Musetti,James Duckworth,2025-07-29 13:40:00,Winamax (DE),3.75,2.18,ATP Canadian Open,Not Found,2025-07-29 12:55:09
Olga Danilovic @ Veronika Kudermetova,Veronika Kudermetova,2025-07-29 14:00:00,888sport,1.85,2.1,WTA Canadian Open,Not Found,2025-07-29 13:54:22
Newport County @ Barnet,Barnet,2025-07-29 14:30:00,Pinnacle,1.69,3.23,EFL Cup,Not Found,2025-07-29 14:16:30
Ħamrun Spartans FC @ Dynamo Kyiv,Ħamrun Spartans FC,2025-07-29 14:01:00,Coolbet,17.25,2.53,UEFA Champions League Qualification,Not Found,2025-07-29 14:16:30
Diana Shnaider @ Marie Bouzkova,Diana Shnaider,2025-07-29 15:00:00,Nordic Bet,1.78,2.4,WTA Canadian Open,Not Found,2025-07-29 14:16:30
FC Copenhagen @ FC Drita,FC Copenhagen,2025-07-29 14:00:00,DraftKings,1.67,2.33,UEFA Champions League Qualification,Not Found,2025-07-29 14:16:30
Francisco Cerundolo @ Jaume Munar,Francisco Cerundolo,2025-07-29 15:55:00,LowVig.ag,2.0,2.6,ATP Canadian Open,Not Found,2025-07-29 14:50:37
Matteo Arnaldi @ Tristan Schoolkate,Matteo Arnaldi,2025-07-29 16:50:00,Pinnacle,1.65,2.55,ATP Canadian Open,Not Found,2025-07-29 14:50:37
Facundo Bagnis @ Nuno Borges,Facundo Bagnis,2025-07-29 16:10:00,Pinnacle,6.16,2.49,ATP Canadian Open,Not Found,2025-07-29 14:50:37
ŠK Slovan Bratislava @ HŠK Zrinjski Mostar,Draw,2025-07-29 15:00:00,PlayUp,3.65,2.39,UEFA Champions League Qualification,Not Found,2025-07-29 14:50:37
Tomas Machac @ Reilly Opelka,Tomas Machac,2025-07-29 16:50:00,888sport,1.67,3.18,ATP Canadian Open,Not Found,2025-07-29 15:11:23
Lin Zhu @ Ekaterina Alexandrova,Ekaterina Alexandrova,2025-07-29 17:30:00,Pinnacle,1.15,2.99,WTA Canadian Open,Not Found,2025-07-29 15:30:21
Dalibor Svrcina @ Daniil Medvedev,Daniil Medvedev,2025-07-29 18:10:00,Pinnacle,1.09,3.06,ATP Canadian Open,Not Found,2025-07-29 15:59:28
Hailey Baptiste @ Elena Rybakina,Hailey Baptiste,2025-07-29 18:00:00,BetOnline.ag,4.83,2.55,WTA Canadian Open,Not Found,2025-07-29 16:27:19
Memphis Redbirds @ Norfolk Tides,Norfolk Tides,2025-07-29 18:35:00,BetRivers,2.02,2.32,MiLB,Not Found,2025-07-29 16:56:38
Casper Ruud @ Roman Safiullin,Casper Ruud,2025-07-29 17:00:00,Bet Victor,1.61,2.36,ATP Canadian Open,Not Found,2025-07-29 17:17:23
Colorado Rockies @ Cleveland Guardians,Colorado Rockies,2025-07-29 18:40:00,Betway,2.75,4.16,MLB,Not Found,2025-07-29 17:35:50
Arizona Diamondbacks @ Detroit Tigers,Arizona Diamondbacks,2025-07-29 18:40:00,GTbets,2.43,2.51,MLB,Not Found,2025-07-29 17:35:50
Lehigh Valley IronPigs @ Worcester Red Sox,Worcester Red Sox,2025-07-29 18:45:00,William Hill,2.2,2.3,MiLB,Not Found,2025-07-29 18:21:15
Learner Tien @ Denis Shapovalov,Learner Tien,2025-07-29 19:00:00,LowVig.ag,2.47,2.37,ATP Canadian Open,Not Found,2025-07-29 18:42:31
Columbus Crew SC @ Toluca,Columbus Crew SC,2025-07-29 19:00:00,FanDuel,2.45,2.37,Leagues Cup,Not Found,2025-07-29 18:42:31
Syracuse Mets @ Buffalo Bisons,Syracuse Mets,2025-07-29 18:35:00,Betway,2.35,2.13,MiLB,Not Found,2025-07-29 18:42:31
St. Paul Saints @ Toledo Mud Hens,St. Paul Saints,2025-07-29 19:05:00,FanDuel,2.06,2.43,MiLB,Not Found,2025-07-29 18:55:32
Durham Bulls @ Gwinnett Stripers,Durham Bulls,2025-07-29 19:05:00,BetOnline.ag,1.77,2.22,MiLB,Not Found,2025-07-29 18:55:32
León @ CF Montreal,León,2025-07-29 19:00:00,Pinnacle,3.13,2.04,Leagues Cup,Not Found,2025-07-29 18:55:32
Fortaleza @ Grêmio,Grêmio,2025-07-29 19:30:00,BetRivers,2.02,2.76,Brazil Série A,Not Found,2025-07-29 19:13:33
Cuiabá @ Criciuma,Draw,2025-07-29 19:30:00,Pinnacle,3.53,2.73,Brazil Série B,Not Found,2025-07-29 19:13:33
Atlanta Braves @ Kansas City Royals,Kansas City Royals,2025-07-29 19:41:00,Pinnacle,1.87,2.49,MLB,Not Found,2025-07-29 19:13:33
Chicago Sky @ Washington Mystics,Washington Mystics,2025-07-29 19:30:00,Ladbrokes,1.35,2.43,WNBA,Not Found,2025-07-29 19:13:33
Rochester Red Wings @ Charlotte Knights,Rochester Red Wings,2025-07-29 19:04:00,Betway,2.35,2.37,MiLB,Not Found,2025-07-29 19:13:33
Los Angeles Dodgers @ Cincinnati Reds,Los Angeles Dodgers,2025-07-29 19:11:00,Betway,1.74,2.29,MLB,Not Found,2025-07-29 19:13:33
Boston Red Sox @ Minnesota Twins,Minnesota Twins,2025-07-29 19:41:00,Everygame,2.15,2.27,MLB,Not Found,2025-07-29 19:13:33
Golden State Valkyries @ Atlanta Dream,Golden State Valkyries,2025-07-29 19:30:00,Pinnacle,4.41,2.25,WNBA,Not Found,2025-07-29 19:13:33
Danielle Collins @ Coco Gauff,Coco Gauff,2025-07-29 19:04:00,Bovada,1.35,3.46,WTA Canadian Open,Not Found,2025-07-29 19:32:53
Tampa Bay Rays @ New York Yankees,Tampa Bay Rays,2025-07-29 19:06:00,MyBookie.ag,1.8,3.31,MLB,Not Found,2025-07-29 19:32:53
Philadelphia Phillies @ Chicago White Sox,Chicago White Sox,2025-07-29 19:41:00,Pinnacle,2.6,2.35,MLB,Not Found,2025-07-29 19:32:53
Beatriz Haddad Maia @ Suzan Lamens,Suzan Lamens,2025-07-29 19:41:00,Bet Victor,3.0,4.45,WTA Canadian Open,Not Found,2025-07-29 19:46:14
Victoria Mboko @ Sofia Kenin,Sofia Kenin,2025-07-29 20:30:00,Bovada,2.45,2.38,WTA Canadian Open,Not Found,2025-07-29 19:46:14
Puebla @ New York City FC,New York City FC,2025-07-29 20:00:00,Coolbet,1.8,2.13,Leagues Cup,Not Found,2025-07-29 19:46:14
Chicago Cubs @ Milwaukee Brewers,Chicago Cubs,2025-07-29 19:41:00,Bovada,2.25,2.49,MLB,Not Found,2025-07-29 19:54:20
Washington Nationals @ Houston Astros,Houston Astros,2025-07-29 20:10:00,BetUS,1.88,2.11,MLB,Not Found,2025-07-29 19:54:20
Remo @ Goiás,Remo,2025-07-29 20:35:00,Pinnacle,6.26,4.43,Brazil Série B,Not Found,2025-07-29 20:55:45
Miami Marlins @ St. Louis Cardinals,Miami Marlins,2025-07-29 19:46:00,Pinnacle,1.51,3.74,MLB,Not Found,2025-07-29 20:55:45
Adam Walton @ Alexander Zverev,Adam Walton,2025-07-29 20:50:00,BoyleSports,8.5,3.22,ATP Canadian Open,Not Found,2025-07-29 20:55:45
Texas Rangers @ Los Angeles Angels,Texas Rangers,2025-07-29 21:39:00,GTbets,2.26,2.46,MLB,Not Found,2025-07-29 20:55:45
Seattle Mariners @ Oakland Athletics,Seattle Mariners,2025-07-29 22:05:00,Pinnacle,1.96,2.24,MLB,Not Found,2025-07-29 20:55:45
New York Mets @ San Diego Padres,San Diego Padres,2025-07-29 21:40:00,GTbets,2.15,2.18,MLB,Not Found,2025-07-29 20:55:45
Pittsburgh Pirates @ San Francisco Giants,San Francisco Giants,2025-07-29 21:46:00,Pinnacle,1.54,4.61,MLB,Not Found,2025-07-29 22:57:49
Las Vegas Aces @ Los Angeles Sparks,Las Vegas Aces,2025-07-29 22:02:45,TAB,1.22,3.04,WNBA,Not Found,2025-07-29 22:57:49
Kyosuke Takami @ Erick Rosa,Erick Rosa,2025-07-30 04:00:00,Pinnacle,6.66,2.76,Boxing,Not Found,2025-07-29 22:57:49
Mazatlán FC @ Los Angeles FC,Los Angeles FC,2025-07-29 22:40:00,Bovada,1.83,2.72,Leagues Cup,Not Found,2025-07-29 22:57:49
San Diego FC @ Pachuca,Pachuca,2025-07-29 23:10:00,Pinnacle,1.83,3.62,Leagues Cup,Not Found,2025-07-30 00:03:42
Daigo Higa @ Antonio Vargas,Daigo Higa,2025-07-30 04:00:00,Pinnacle,1.45,2.14,Boxing,Not Found,2025-07-30 00:51:57
Hiroshima Toyo Carp @ Hanshin Tigers,Hiroshima Toyo Carp,2025-07-30 05:00:00,BetOnline.ag,2.61,2.16,NPB,Not Found,2025-07-30 01:48:29
Tokyo Yakult Swallows @ Yokohama DeNA BayStars,Yokohama DeNA BayStars,2025-07-30 04:45:00,Pinnacle,1.69,2.22,NPB,Not Found,2025-07-30 03:32:56
New Zealand @ Zimbabwe,Zimbabwe,2025-07-30 04:00:00,Pinnacle,12.93,2.03,Test Matches,Not Found,2025-07-30 03:49:05
Ricardo Rafael Sandoval @ Kenshiro Teraji,Ricardo Rafael Sandoval,2025-07-30 05:00:00,Unibet (FR),4.4,2.52,Boxing,Not Found,2025-07-30 04:26:41
Saitama Seibu Lions @ Orix Buffaloes,Saitama Seibu Lions,2025-07-30 05:00:00,William Hill,2.9,2.27,NPB,Not Found,2025-07-30 04:26:41
Doosan Bears @ Kia Tigers,Doosan Bears,2025-07-30 05:30:00,LowVig.ag,2.35,2.24,KBO,Not Found,2025-07-30 04:26:41
Fukuoka SoftBank Hawks @ Hokkaido Nippon-Ham Fighters,Hokkaido Nippon-Ham Fighters,2025-07-30 05:00:00,BetUS,1.69,2.19,NPB,Not Found,2025-07-30 04:52:20
Samsung Lions @ Hanwha Eagles,Samsung Lions,2025-07-30 05:30:00,LowVig.ag,2.92,2.03,KBO,Not Found,2025-07-30 04:52:20
Tohoku Rakuten Golden Eagles @ Chiba Lotte Marines,Chiba Lotte Marines,2025-07-30 05:00:00,Pinnacle,1.94,2.0,NPB,Not Found,2025-07-30 04:52:20
Anastasija Sevastova @ Magda Linette,Magda Linette,2025-07-30 11:00:00,Pinnacle,1.48,2.83,WTA Canadian Open,Not Found,2025-07-30 05:15:26
Hugo Gaston @ Andrey Rublev,Hugo Gaston,2025-07-30 11:00:00,Paddy Power,8.5,2.69,ATP Canadian Open,Not Found,2025-07-30 05:15:26
Yomiuri Giants @ Chunichi Dragons,Chunichi Dragons,2025-07-30 05:00:00,MyBookie.ag,2.15,2.58,NPB,Not Found,2025-07-30 05:15:26
Laura Siegemund @ Madison Keys,Madison Keys,2025-07-30 11:00:00,FanDuel,1.29,2.37,WTA Canadian Open,Not Found,2025-07-30 05:44:59
John Parker @ Floyd Masson,John Parker,2025-07-30 07:00:00,Pinnacle,7.3,2.37,Boxing,Not Found,2025-07-30 05:44:59
Naomi Osaka @ Liudmila Samsonova,Liudmila Samsonova,2025-07-30 11:00:00,BetOnline.ag,2.05,2.26,WTA Canadian Open,Not Found,2025-07-30 05:44:59
Shelbourne Dublin @ Qarabağ FK,Shelbourne Dublin,2025-07-30 12:00:00,Bovada,16.0,2.19,UEFA Champions League Qualification,Not Found,2025-07-30 05:44:59
NC Dinos @ Lotte Giants,Lotte Giants,2025-07-30 05:30:00,Caesars,1.69,2.0,KBO,Not Found,2025-07-30 05:44:59
KT Wiz @ LG Twins,LG Twins,2025-07-30 05:31:11,Pinnacle,1.83,2.25,KBO,Not Found,2025-07-30 05:57:38
Kiwoom Heroes @ SSG Landers,SSG Landers,2025-07-30 05:30:20,Bovada,1.5,2.16,KBO,Not Found,2025-07-30 05:57:38
McCartney Kessler @ Maya Joint,Maya Joint,2025-07-30 11:00:00,Pinnacle,1.75,2.12,WTA Canadian Open,Not Found,2025-07-30 06:20:44
Alexis Galarneau @ Flavio Cobolli,Alexis Galarneau,2025-07-30 12:10:00,Pinnacle,4.92,3.1,ATP Canadian Open,Not Found,2025-07-30 07:33:07
Ben Shelton @ Adrian Mannarino,Adrian Mannarino,2025-07-30 12:30:00,Pinnacle,5.2,2.47,ATP Canadian Open,Not Found,2025-07-30 07:33:07
Rebecca Sramkova @ Caty McNally,Rebecca Sramkova,2025-07-30 12:30:00,888sport,2.3,2.52,WTA Canadian Open,Not Found,2025-07-30 11:19:53
Lucia Bronzetti @ Clara Tauson,Clara Tauson,2025-07-30 12:30:00,888sport,1.3,2.48,WTA Canadian Open,Not Found,2025-07-30 11:19:53
Cameron Norrie @ Aleksandar Vukic,Aleksandar Vukic,2025-07-30 12:30:00,Pinnacle,3.1,2.35,ATP Canadian Open,Not Found,2025-07-30 11:19:53
Lorenzo Sonego @ Bu Yunchaokete,Lorenzo Sonego,2025-07-30 12:30:00,Pinnacle,1.83,2.3,ATP Canadian Open,Not Found,2025-07-30 11:19:53
Iga Swiatek @ Guo Hanyu,Iga Swiatek,2025-07-30 12:30:00,DraftKings,1.02,4.0,WTA Canadian Open,Not Found,2025-07-30 12:17:32
FK RFS @ Malmo FF,FK RFS,2025-07-30 13:00:00,Marathon Bet,8.3,2.44,UEFA Champions League Qualification,Not Found,2025-07-30 12:45:52
Stromsgodset @ Bodø/Glimt,Stromsgodset,2025-07-30 13:00:00,1xBet,22.0,2.43,Eliteserien - Norway,Not Found,2025-07-30 12:45:52
Jelena Ostapenko @ Renata Zarazua,Jelena Ostapenko,2025-07-30 12:50:00,Pinnacle,1.45,2.12,WTA Canadian Open,Not Found,2025-07-30 12:45:52
Toronto Blue Jays @ Baltimore Orioles,Baltimore Orioles,2025-07-30 12:36:00,Unibet (FR),1.8,3.27,MLB,Not Found,2025-07-30 13:00:35
Ethan Quinn @ Brandon Nakashima,Ethan Quinn,2025-07-30 13:40:00,Pinnacle,3.14,2.67,ATP Canadian Open,Not Found,2025-07-30 13:00:35
Arizona Diamondbacks @ Detroit Tigers,Detroit Tigers,2025-07-30 13:11:00,Caesars,1.83,2.43,MLB,Not Found,2025-07-30 13:00:35
Syracuse Mets @ Buffalo Bisons,Buffalo Bisons,2025-07-30 13:05:00,BetRivers,1.67,2.28,MiLB,Not Found,2025-07-30 13:00:35
Boston Red Sox @ Minnesota Twins,Boston Red Sox,2025-07-30 13:11:00,GTbets,2.09,2.11,MLB,Not Found,2025-07-30 13:00:35
Matteo Arnaldi @ Alexander Zverev,Alexander Zverev,2025-07-31 19:07:00,Pinnacle,1.5,4.86,ATP Canadian Open,Not Found,2025-07-31 21:46:45
Emma Navarro @ Dayana Yastremska,Emma Navarro,2025-07-31 20:35:00,Bovada,3.5,4.26,WTA Canadian Open,Not Found,2025-07-31 21:46:45
Texas Rangers @ Seattle Mariners,Texas Rangers,2025-07-31 21:41:00,Unibet (IT),2.95,4.02,MLB,Not Found,2025-07-31 21:46:45
Santos Laguna @ Colorado Rapids,Colorado Rapids,2025-07-31 21:40:00,Bovada,1.55,3.49,Leagues Cup,Not Found,2025-07-31 21:46:45
Pakistan @ West Indies,Pakistan,2025-07-31 20:00:00,Nordic Bet,2.05,3.41,International Twenty20,Not Found,2025-07-31 21:46:45
New York Red Bulls @ Guadalajara,Draw,2025-07-31 19:40:00,Bovada,1.25,3.13,Leagues Cup,Not Found,2025-07-31 21:46:45
Golden State Valkyries @ Washington Mystics,Washington Mystics,2025-07-31 19:32:55,DraftKings,4.7,3.07,WNBA,Not Found,2025-07-31 21:46:45
Jaqueline Cristian @ Elena Rybakina,Elena Rybakina,2025-07-31 21:26:00,Nordic Bet,1.11,3.06,WTA Canadian Open,Not Found,2025-07-31 21:46:45
Atlanta Braves @ Cincinnati Reds,Atlanta Braves,2025-07-31 19:11:00,Pinnacle,1.1,2.6,MLB,Not Found,2025-07-31 21:46:45
Alexei Popyrin @ Daniil Medvedev,Alexei Popyrin,2025-07-31 22:00:00,SportsBet,4.35,2.59,ATP Canadian Open,Not Found,2025-07-31 21:46:45
Dolphins @ New Zealand Warriors,Draw,2025-08-01 04:00:00,Marathon Bet,29.0,2.58,NRL,Not Found,2025-07-31 21:46:45
Los Angeles Chargers @ Detroit Lions,Los Angeles Chargers,2025-07-31 20:04:00,Pinnacle,1.19,2.49,NFL Preseason,Not Found,2025-07-31 21:46:45
Seattle Sounders FC @ Cruz Azul,Cruz Azul,2025-07-31 22:30:00,LowVig.ag,2.65,2.36,Leagues Cup,Not Found,2025-07-31 21:46:45
Tijuana @ LA Galaxy,LA Galaxy,2025-07-31 23:00:00,Caesars,2.15,2.29,Leagues Cup,Not Found,2025-07-31 21:46:45
Calgary Stampeders @ Ottawa Redblacks,Ottawa Redblacks,2025-07-31 19:38:20,Bovada,1.06,2.27,CFL,Not Found,2025-07-31 21:46:45
Reno Aces @ Las Vegas Aviators,Las Vegas Aviators,2025-07-31 22:05:00,1xBet,1.64,2.04,MiLB,Not Found,2025-07-31 21:46:45
Yokohama DeNA BayStars @ Yomiuri Giants,Yokohama DeNA BayStars,2025-08-01 05:00:00,Pinnacle,2.16,2.06,NPB,Not Found,2025-07-31 23:45:45
Chunichi Dragons @ Hiroshima Toyo Carp,Chunichi Dragons,2025-08-01 05:00:00,Caesars,1.87,2.02,NPB,Not Found,2025-07-31 23:45:45
Hawthorn Hawks @ Adelaide Crows,Hawthorn Hawks,2025-08-01 05:40:38,BetUS,2.9,3.69,AFL,Not Found,2025-08-01 05:13:52
Hanshin Tigers @ Tokyo Yakult Swallows,Tokyo Yakult Swallows,2025-08-01 05:00:28,FanDuel,3.5,2.33,NPB,Not Found,2025-08-01 05:13:52
Hokkaido Nippon-Ham Fighters @ Orix Buffaloes,Hokkaido Nippon-Ham Fighters,2025-08-01 05:00:00,Pinnacle,1.84,2.11,NPB,Not Found,2025-08-01 05:13:52
South Sydney Rabbitohs @ Brisbane Broncos,Draw,2025-08-01 06:00:00,Marathon Bet,43.0,2.06,NRL,Not Found,2025-08-01 05:13:52
Korona Kielce @ Zagłębie Lubin,Korona Kielce,2025-08-01 12:00:00,Pinnacle,3.4,2.76,Ekstraklasa - Poland,Not Found,2025-08-01 05:41:38
KT Wiz @ NC Dinos,KT Wiz,2025-08-01 05:30:00,DraftKings,2.05,2.6,KBO,Not Found,2025-08-01 05:41:38
Jakub Mensik @ Alejandro Davidovich Fokina,Alejandro Davidovich Fokina,2025-08-01 11:00:00,Pinnacle,1.87,2.44,ATP Canadian Open,Not Found,2025-08-01 05:41:38
Tohoku Rakuten Golden Eagles @ Fukuoka SoftBank Hawks,Fukuoka SoftBank Hawks,2025-08-01 05:05:00,Pinnacle,1.39,2.19,NPB,Not Found,2025-08-01 05:41:38
LG Twins @ Samsung Lions,LG Twins,2025-08-01 05:30:00,MyBookie.ag,2.5,2.16,KBO,Not Found,2025-08-01 05:41:38
Lorenzo Sonego @ Andrey Rublev,Lorenzo Sonego,2025-08-01 12:30:00,Winamax (DE),3.4,2.15,ATP Canadian Open,Not Found,2025-08-01 05:41:38
FC Copenhagen @ FC Fredericia,FC Copenhagen,2025-08-01 12:00:00,BetRivers,1.48,2.05,Denmark Superliga,Not Found,2025-08-01 05:41:38
SSG Landers @ Doosan Bears,SSG Landers,2025-08-01 05:30:00,BetMGM,2.5,2.04,KBO,Not Found,2025-08-01 05:41:38
Hanwha Eagles @ Kia Tigers,Kia Tigers,2025-08-01 05:31:00,MyBookie.ag,3.6,2.61,KBO,Not Found,2025-08-01 05:55:34
Lotte Giants @ Kiwoom Heroes,Kiwoom Heroes,2025-08-01 05:30:43,Bovada,1.71,2.26,KBO,Not Found,2025-08-01 05:55:34
IFK Mariehamn @ VPS Vaasa,VPS Vaasa,2025-08-01 11:00:00,Pinnacle,1.63,2.14,Veikkausliiga - Finland,Not Found,2025-08-01 05:55:34
Yuliia Starodubtseva @ Clara Tauson,Clara Tauson,2025-08-01 12:30:00,GTbets,1.36,2.88,WTA Canadian Open,Not Found,2025-08-01 06:15:30
Jelena Ostapenko @ Naomi Osaka,Jelena Ostapenko,2025-08-01 12:30:00,Pinnacle,2.85,2.35,WTA Canadian Open,Not Found,2025-08-01 06:15:30
Jiri Lehecka @ Arthur Fils,Jiri Lehecka,2025-08-01 12:30:00,Pinnacle,1.68,2.02,ATP Canadian Open,Not Found,2025-08-01 07:15:57
Atlanta Braves @ Cincinnati Reds,Atlanta Braves,2025-08-01 12:41:00,GTbets,2.27,2.68,MLB,Not Found,2025-08-01 11:19:25
IK Oddevold @ Örebro SK,IK Oddevold,2025-08-01 13:00:00,Coolbet,2.95,2.06,Superettan - Sweden,Not Found,2025-08-01 11:19:25
TSV 1860 München @ Rot-Weiss Essen,Rot-Weiss Essen,2025-08-01 13:00:00,Bovada,2.58,2.58,3. Liga - Germany,Not Found,2025-08-01 12:11:49
Aleksandar Vukic @ Frances Tiafoe,Frances Tiafoe,2025-08-01 13:40:00,GTbets,1.45,2.54,ATP Canadian Open,Not Found,2025-08-01 12:11:49
Jessica Pegula @ Anastasija Sevastova,Anastasija Sevastova,2025-08-01 14:00:00,BoyleSports,7.0,2.68,WTA Canadian Open,Not Found,2025-08-01 12:44:31
Caty McNally @ Madison Keys,Caty McNally,2025-08-01 14:00:00,Pinnacle,3.9,2.24,WTA Canadian Open,Not Found,2025-08-01 12:44:31
OB Odense BK @ Vejle Boldklub,Draw,2025-08-01 14:00:00,BetRivers,3.8,2.19,Denmark Superliga,Not Found,2025-08-01 12:44:31
Piast Gliwice @ Wisła Płock,Wisła Płock,2025-08-01 14:30:00,Coolbet,2.55,2.26,Ekstraklasa - Poland,Not Found,2025-08-01 13:00:40
Hertha Berlin @ FC Schalke 04,FC Schalke 04,2025-08-01 14:30:00,Winamax (DE),3.0,2.23,Bundesliga 2 - Germany,Not Found,2025-08-01 13:00:40
Sturm Graz @ LASK,Sturm Graz,2025-08-01 14:30:00,Pinnacle,2.55,2.08,Austrian Football Bundesliga,Not Found,2025-08-01 13:00:40
Baltimore Orioles @ Chicago Cubs,Baltimore Orioles,2025-08-01 14:21:00,GTbets,2.39,2.02,MLB,Not Found,2025-08-01 13:00:40
Drogheda United @ Bohemians,Drogheda United,2025-08-01 14:45:00,Coolbet,7.0,2.96,League of Ireland,Not Found,2025-08-01 14:26:02
Galway United @ Cork City,Galway United,2025-08-01 14:45:00,1xBet,2.44,2.77,League of Ireland,Not Found,2025-08-01 14:26:02
Club Brugge @ KV Mechelen,Club Brugge,2025-08-01 14:45:00,1xBet,1.83,2.17,Belgium First Div,Not Found,2025-08-01 14:26:02
Karolina Muchova @ Belinda Bencic,Karolina Muchova,2025-08-01 18:00:00,BoyleSports,2.38,2.12,WTA Canadian Open,Not Found,2025-08-01 14:52:42
Wimbledon @ Luton,Luton,2025-08-01 15:00:00,DraftKings,1.56,2.24,League 1,Not Found,2025-08-01 15:09:44
Fabian Marozsan @ Flavio Cobolli,Flavio Cobolli,2025-08-01 17:00:00,BetUS,2.1,2.86,ATP Canadian Open,Not Found,2025-08-01 15:27:01
Ferroviária @ Remo,Remo,2025-08-01 18:00:00,William Hill,2.0,3.39,Brazil Série B,Not Found,2025-08-01 16:00:27
León @ New York City FC,León,2025-08-01 18:00:00,LowVig.ag,4.72,2.36,Leagues Cup,Not Found,2025-08-01 16:46:56
Detroit Tigers @ Philadelphia Phillies,Detroit Tigers,2025-08-01 18:45:00,GTbets,2.39,2.31,MLB,Not Found,2025-08-01 17:17:09
Palestino @ Audax Italiano,Draw,2025-08-01 19:00:00,BetRivers,3.55,2.45,Primera División - Chile,Not Found,2025-08-01 18:10:44
Iga Swiatek @ Eva Lys,Eva Lys,2025-08-01 19:00:00,Dabble AU,21.0,2.88,WTA Canadian Open,Not Found,2025-08-01 18:35:31
Puebla @ Columbus Crew SC,Puebla,2025-08-01 19:00:00,Caesars,7.0,2.78,Leagues Cup,Not Found,2025-08-01 18:35:31
Taylor Fritz @ Gabriel Diallo,Taylor Fritz,2025-08-01 19:00:00,Pinnacle,1.41,2.43,ATP Canadian Open,Not Found,2025-08-01 18:35:31
Milwaukee Brewers @ Washington Nationals,Milwaukee Brewers,2025-08-01 18:45:00,Coolbet,1.75,2.49,MLB,Not Found,2025-08-01 18:51:35
Kansas City Royals @ Toronto Blue Jays,Kansas City Royals,2025-08-01 19:08:00,GTbets,2.43,2.37,MLB,Not Found,2025-08-01 18:51:35
Nick Meck @ Sarek Shields,Nick Meck,2025-08-01 18:50:00,FanDuel,2.84,2.49,MMA,Not Found,2025-08-01 18:58:37
Los Angeles Dodgers @ Tampa Bay Rays,Tampa Bay Rays,2025-08-01 19:35:00,Nordic Bet,2.18,4.33,MLB,Not Found,2025-08-01 19:20:54
San Francisco Giants @ New York Mets,San Francisco Giants,2025-08-01 19:12:00,TAB,2.5,2.88,MLB,Not Found,2025-08-01 19:20:54
Phoenix Mercury @ Atlanta Dream,Atlanta Dream,2025-08-01 19:33:00,Pinnacle,2.6,2.3,WNBA,Not Found,2025-08-01 19:20:54
New York Yankees @ Miami Marlins,New York Yankees,2025-08-01 19:11:00,Coolbet,1.85,2.25,MLB,Not Found,2025-08-01 19:20:54
Minnesota Twins @ Cleveland Guardians,Cleveland Guardians,2025-08-01 19:10:52,Nordic Bet,1.9,3.44,MLB,Not Found,2025-08-01 19:37:49
Indiana Fever @ Dallas Wings,Dallas Wings,2025-08-01 19:32:53,Betway,3.2,3.39,WNBA,Not Found,2025-08-01 19:37:49
Houston Astros @ Boston Red Sox,Houston Astros,2025-08-01 19:11:00,William Hill,1.8,2.93,MLB,Not Found,2025-08-01 19:37:49
New York Liberty @ Connecticut Sun,Connecticut Sun,2025-08-01 19:33:24,GTbets,9.35,2.59,WNBA,Not Found,2025-08-01 19:37:49
Golden State Valkyries @ Chicago Sky,Chicago Sky,2025-08-01 19:32:30,Pinnacle,3.32,2.23,WNBA,Not Found,2025-08-01 19:48:52
Ben Shelton @ Brandon Nakashima,Brandon Nakashima,2025-08-01 20:10:00,Pinnacle,3.31,2.18,ATP Canadian Open,Not Found,2025-08-01 19:56:06
Emma Raducanu @ Amanda Anisimova,Amanda Anisimova,2025-08-01 20:42:00,Unibet (FR),1.76,4.32,WTA Canadian Open,Not Found,2025-08-01 21:12:00
Mazatlán FC @ Houston Dynamo,Mazatlán FC,2025-08-01 20:41:00,Caesars,4.0,3.38,Leagues Cup,Not Found,2025-08-01 21:12:00
Pittsburgh Pirates @ Colorado Rockies,Pittsburgh Pirates,2025-08-01 20:11:52,Nordic Bet,1.66,3.32,MLB,Not Found,2025-08-01 21:12:00
St. Louis Cardinals @ San Diego Padres,San Diego Padres,2025-08-01 21:40:00,Nordic Bet,1.58,3.11,MLB,Not Found,2025-08-01 21:12:00
Criciuma @ Operario PR,Draw,2025-08-01 20:30:00,Pinnacle,2.38,2.91,Brazil Série B,Not Found,2025-08-01 21:12:00
Toronto Argonauts @ Winnipeg Blue Bombers,Toronto Argonauts,2025-08-01 20:38:23,PointsBet (AU),3.3,2.32,CFL,Not Found,2025-08-01 21:12:00
Chicago White Sox @ Los Angeles Angels,Chicago White Sox,2025-08-01 21:39:00,GTbets,2.2,2.31,MLB,Not Found,2025-08-01 21:12:00
Elina Svitolina @ Anna Kalinskaya,Anna Kalinskaya,2025-08-01 21:21:03,888sport,4.33,2.04,WTA Canadian Open,Not Found,2025-08-01 21:12:00
Arizona Diamondbacks @ Oakland Athletics,Oakland Athletics,2025-08-01 22:06:00,William Hill,1.8,5.07,MLB,Not Found,2025-08-01 23:01:40
Pachuca @ Los Angeles FC,Los Angeles FC,2025-08-01 22:40:00,Pinnacle,2.01,4.37,Leagues Cup,Not Found,2025-08-01 23:01:40
Texas Rangers @ Seattle Mariners,Texas Rangers,2025-08-01 22:11:00,William Hill,2.6,3.98,MLB,Not Found,2025-08-01 23:01:40
Richmond Tigers @ Gold Coast Suns,Richmond Tigers,2025-08-02 02:10:50,Pinnacle,18.07,2.66,AFL,Not Found,2025-08-01 23:01:40
Essendon Bombers @ Sydney Swans,Essendon Bombers,2025-08-02 02:15:53,Marathon Bet,11.25,2.27,AFL,Not Found,2025-08-01 23:01:40
Canberra Raiders @ St George Illawarra Dragons,St George Illawarra Dragons,2025-08-02 03:30:00,Nordic Bet,3.6,2.13,NRL,Not Found,2025-08-01 23:01:40
San Diego FC @ Tigres,Tigres,2025-08-01 23:00:00,Fanatics,1.91,2.07,Leagues Cup,Not Found,2025-08-01 23:01:40
CF Montreal @ Toluca,Toluca,2025-08-01 21:10:00,Pinnacle,1.14,2.06,Leagues Cup,Not Found,2025-08-01 23:01:40
Los Angeles Sparks @ Seattle Storm,Los Angeles Sparks,2025-08-01 22:02:45,DraftKings,10.5,2.72,WNBA,Not Found,2025-08-01 23:59:40
Penrith Panthers @ Gold Coast Titans,Gold Coast Titans,2025-08-02 01:00:00,Betsson,5.3,2.34,NRL,Not Found,2025-08-01 23:59:40
West Coast Eagles @ Melbourne Demons,Melbourne Demons,2025-08-01 23:20:00,DraftKings,1.02,2.14,AFL,Not Found,2025-08-01 23:59:40
Yokohama DeNA BayStars @ Yomiuri Giants,Yokohama DeNA BayStars,2025-08-02 02:00:00,Pinnacle,2.18,2.07,NPB,Not Found,2025-08-02 00:37:24
Tohoku Rakuten Golden Eagles @ Fukuoka SoftBank Hawks,Tohoku Rakuten Golden Eagles,2025-08-02 01:00:00,MyBookie.ag,3.35,3.45,NPB,Not Found,2025-08-02 01:27:39
Hokkaido Nippon-Ham Fighters @ Orix Buffaloes,Hokkaido Nippon-Ham Fighters,2025-08-02 01:03:39,William Hill,1.85,2.89,NPB,Not Found,2025-08-02 01:27:39
Chunichi Dragons @ Hiroshima Toyo Carp,Chunichi Dragons,2025-08-02 05:00:00,1xBet,2.05,2.03,NPB,Not Found,2025-08-02 01:27:39
Hanwha Eagles @ Kia Tigers,Hanwha Eagles,2025-08-02 05:00:00,LowVig.ag,2.4,2.02,KBO,Not Found,2025-08-02 02:52:34
Lotte Giants @ Kiwoom Heroes,Lotte Giants,2025-08-02 05:00:00,Fanatics,1.56,2.49,KBO,Not Found,2025-08-02 03:29:19
Sydney Roosters @ Manly Warringah Sea Eagles,Draw,2025-08-02 05:35:00,Marathon Bet,31.0,2.57,NRL,Not Found,2025-08-02 05:00:20
Shanghai Shenhua FC @ Yunnan Yukun,Draw,2025-08-02 06:00:00,Winamax (DE),4.7,2.49,Super League - China,Not Found,2025-08-02 05:00:20
Helsingborgs IF @ Östersunds FK,Östersunds FK,2025-08-02 07:00:00,DraftKings,2.65,2.42,Superettan - Sweden,Not Found,2025-08-02 05:00:20
Hanshin Tigers @ Tokyo Yakult Swallows,Tokyo Yakult Swallows,2025-08-02 05:00:00,FanDuel,3.25,2.35,NPB,Not Found,2025-08-02 05:00:20
Holstein Kiel @ SC Paderborn,Holstein Kiel,2025-08-02 07:00:00,Tipico,3.1,2.31,Bundesliga 2 - Germany,Not Found,2025-08-02 05:00:20
India @ England,Draw,2025-08-02 06:00:00,Betway,16.0,2.28,Test Matches,Not Found,2025-08-02 05:00:20
Suwon FC @ Ulsan Hyundai FC,Suwon FC,2025-08-02 06:00:00,Tipico,4.5,2.17,K League 1,Not Found,2025-08-02 05:00:20
1. FC Nürnberg @ Elversberg,Elversberg,2025-08-02 07:00:00,1xBet,2.06,2.09,Bundesliga 2 - Germany,Not Found,2025-08-02 05:00:20
Chiba Lotte Marines @ Saitama Seibu Lions,Saitama Seibu Lions,2025-08-02 05:00:00,William Hill,1.63,3.58,NPB,Not Found,2025-08-02 05:27:50
SSG Landers @ Doosan Bears,Doosan Bears,2025-08-02 05:01:42,William Hill,1.7,3.17,KBO,Not Found,2025-08-02 05:27:50
Brisbane Lions @ Collingwood Magpies,Brisbane Lions,2025-08-02 05:35:13,DraftKings,2.75,2.3,AFL,Not Found,2025-08-02 05:27:50
